[INFO]2026-08-20 12:14:06,163 main.py:60: ------- Trainticket Result at service level -------
[INFO]2026-08-20 12:14:10,919 data_integrate.py:481: []
[INFO]2026-08-20 12:14:14,807 data_integrate.py:550: Data Integrate Complete!
[INFO]2026-08-20 12:14:19,645 data_integrate.py:481: []
[INFO]2026-08-20 12:14:21,828 data_integrate.py:550: Data Integrate Complete!
[INFO]2026-08-20 12:14:22,083 pattern_ranker.py:192: Soted Result List: [{'events': '99_98', 'score': 1.0, 'deepth': 7, 'pod': 'ts-contacts-service-866bd68c97-xcqfx'}, {'events': '20_10', 'score': 1.0, 'deepth': 4, 'pod': 'ts-preserve-service-b5ccf8557-j4txs'}, {'events': '662_663', 'score': 1.0, 'deepth': 3, 'pod': 'ts-preserve-service-b5ccf8557-j4txs'}, {'events': '7_609', 'score': 1.0, 'deepth': 2, 'pod': 'ts-preserve-service-b5ccf8557-j4txs'}, {'events': '486_487', 'score': 0.875, 'deepth': 7, 'pod': 'ts-travel-service-64469b5b48-25zj6'}, {'events': '486_169', 'score': 0.875, 'deepth': 7, 'pod': 'ts-travel-service-64469b5b48-25zj6'}, {'events': '461_462', 'score': 0.875, 'deepth': 4, 'pod': 'ts-food-service-f5756978c-k8vqf'}, {'events': '461_465', 'score': 0.875, 'deepth': 4, 'pod': 'ts-food-service-f5756978c-k8vqf'}, {'events': '461_478', 'score': 0.875, 'deepth': 4, 'pod': 'ts-food-service-f5756978c-k8vqf'}, {'events': '450_452', 'score': 0.875, 'deepth': 1, 'pod': 'ts-gateway-service-6f6cfc45b-h5m2n'}, {'events': '551_553', 'score': 0.8, 'deepth': 4, 'pod': 'ts-execute-service-775f544d9-zqvjb'}, {'events': '551_552', 'score': 0.7727272727272727, 'deepth': 4, 'pod': 'ts-execute-service-775f544d9-zqvjb'}, {'events': '549_551', 'score': 0.75, 'deepth': 4, 'pod': 'ts-execute-service-775f544d9-zqvjb'}, {'events': '205_217', 'score': 0.7272727272727273, 'deepth': 10, 'pod': 'ts-seat-service-5c95b49cff-tdsdz'}, {'events': '620_621', 'score': 0.7272727272727273, 'deepth': 4, 'pod': 'ts-auth-service-7f8d7d756d-k7b9j'}, {'events': '620_622', 'score': 0.7272727272727273, 'deepth': 4, 'pod': 'ts-auth-service-7f8d7d756d-k7b9j'}, {'events': '5_616', 'score': 0.7272727272727273, 'deepth': 1, 'pod': 'ts-gateway-service-6f6cfc45b-h5m2n'}, {'events': '116_128', 'score': 0.7142857142857143, 'deepth': 7, 'pod': 'ts-travel-service-64469b5b48-25zj6'}]
[INFO]2026-08-20 12:14:22,093 pattern_ranker.py:545: 2023-01-29 08:43:04 Inject RCA Pod Result:
[INFO]2026-08-20 12:14:22,093 pattern_ranker.py:546: 2023-01-29 08:43:04 Inject Ground Truth: ts-contacts-service-866bd68c97-xcqfx, return
[INFO]2026-08-20 12:14:22,093 pattern_ranker.py:575: 2023-01-29 08:43:04 Inject Ground Truth: ts-contacts-service-866bd68c97-xcqfx, return score 1
[INFO]2026-08-20 12:14:22,093 pattern_ranker.py:600: source :c.s.ContactsServiceImpl#31, target: c.s.ContactsServiceImpl#34, score: 1.0, deepth: 7, pod ts-contacts-service-866bd68c97-xcqfx
[INFO]2026-08-20 12:14:22,093 pattern_ranker.py:600: source :p.s.PreserveServiceImpl#142, target: ts-preserve-service PreserveController.preserve end, score: 1.0, deepth: 4, pod ts-preserve-service-b5ccf8557-j4txs
[INFO]2026-08-20 12:14:22,094 pattern_ranker.py:600: source :ts-preserve-service BasicErrorController.error start, target: ts-preserve-service BasicErrorController.error end, score: 1.0, deepth: 3, pod ts-preserve-service-b5ccf8557-j4txs
[INFO]2026-08-20 12:14:22,094 pattern_ranker.py:600: source :ts-preserve-service /api/v1/preserveservice/preserve start, target: ERROR o.a.c.c.C.[.[.[.[dispatcherServlet]#175, score: 1.0, deepth: 2, pod ts-preserve-service-b5ccf8557-j4txs
[INFO]2026-08-20 12:14:22,094 pattern_ranker.py:600: source :ts-travel-service HTTP GET start, target: ts-travel-service HTTP GET end, score: 0.875, deepth: 7, pod ts-travel-service-64469b5b48-25zj6
[INFO]2026-08-20 12:14:22,094 pattern_ranker.py:600: source :ts-travel-service HTTP GET start, target: ts-route-service /api/v1/routeservice/routes/{routeId} start, score: 0.875, deepth: 7, pod ts-travel-service-64469b5b48-25zj6
[INFO]2026-08-20 12:14:22,095 pattern_ranker.py:600: source :ts-food-service HTTP GET start, target: ts-food-service HTTP GET end, score: 0.875, deepth: 4, pod ts-food-service-f5756978c-k8vqf
[INFO]2026-08-20 12:14:22,095 pattern_ranker.py:600: source :ts-food-service HTTP GET start, target: ts-train-food-service /api/v1/trainfoodservice/trainfoods/{tripId} start, score: 0.875, deepth: 4, pod ts-food-service-f5756978c-k8vqf
[INFO]2026-08-20 12:14:22,095 pattern_ranker.py:600: source :ts-food-service HTTP GET start, target: ts-travel-service /api/v1/travelservice/routes/{tripId} start, score: 0.875, deepth: 4, pod ts-food-service-f5756978c-k8vqf
[INFO]2026-08-20 12:14:22,096 pattern_ranker.py:600: source :ts-gateway-service HTTP GET start, target: ts-food-service /api/v1/foodservice/foods/{date}/{startStation}/{endStation}/{tripId} start, score: 0.875, deepth: 1, pod ts-gateway-service-6f6cfc45b-h5m2n
[INFO]2026-08-20 12:14:22,096 pattern_ranker.py:602: 
[INFO]2026-08-20 12:14:26,318 data_integrate.py:481: []
[INFO]2026-08-20 12:14:29,168 data_integrate.py:550: Data Integrate Complete!
[INFO]2026-08-20 12:14:29,320 pattern_ranker.py:192: Soted Result List: [{'events': '99_98', 'score': 1.0, 'deepth': 7, 'pod': 'ts-contacts-service-866bd68c97-xcqfx'}, {'events': '115_128', 'score': 1.0, 'deepth': 7, 'pod': 'ts-travel-service-64469b5b48-25zj6'}, {'events': '21_20', 'score': 1.0, 'deepth': 4, 'pod': 'ts-preserve-service-b5ccf8557-j4txs'}, {'events': '31_130', 'score': 1.0, 'deepth': 4, 'pod': 'ts-preserve-service-b5ccf8557-j4txs'}, {'events': '31_32', 'score': 0.75, 'deepth': 4, 'pod': 'ts-preserve-service-b5ccf8557-j4txs'}, {'events': '612_128', 'score': 0.7333333333333333, 'deepth': 4, 'pod': 'ts-travel-service-64469b5b48-25zj6'}, {'events': '387_388', 'score': 0.7, 'deepth': 5, 'pod': 'ts-order-other-service-6cdbf9b4cc-h7mqk'}, {'events': '387_391', 'score': 0.7, 'deepth': 5, 'pod': 'ts-order-other-service-6cdbf9b4cc-h7mqk'}, {'events': '114_117', 'score': 0.6875, 'deepth': 7, 'pod': 'ts-travel-service-64469b5b48-25zj6'}, {'events': '551_552', 'score': 0.68, 'deepth': 4, 'pod': 'ts-execute-service-775f544d9-zqvjb'}]
[INFO]2026-08-20 12:14:29,331 pattern_ranker.py:545: 2023-01-29 08:52:06 Inject RCA Pod Result:
[INFO]2026-08-20 12:14:29,331 pattern_ranker.py:546: 2023-01-29 08:52:06 Inject Ground Truth: ts-contacts-service-866bd68c97-xcqfx, return
[INFO]2026-08-20 12:14:29,331 pattern_ranker.py:575: 2023-01-29 08:52:06 Inject Ground Truth: ts-contacts-service-866bd68c97-xcqfx, return score 1
[INFO]2026-08-20 12:14:29,331 pattern_ranker.py:600: source :c.s.ContactsServiceImpl#31, target: c.s.ContactsServiceImpl#34, score: 1.0, deepth: 7, pod ts-contacts-service-866bd68c97-xcqfx
[INFO]2026-08-20 12:14:29,331 pattern_ranker.py:600: source :t.s.TravelServiceImpl#451, target: ts-travel-service HTTP POST start, score: 1.0, deepth: 7, pod ts-travel-service-64469b5b48-25zj6
[INFO]2026-08-20 12:14:29,331 pattern_ranker.py:600: source :p.s.PreserveServiceImpl#100, target: p.s.PreserveServiceImpl#142, score: 1.0, deepth: 4, pod ts-preserve-service-b5ccf8557-j4txs
[INFO]2026-08-20 12:14:29,331 pattern_ranker.py:600: source :ts-preserve-service HTTP POST start, target: ts-basic-service /api/v1/basicservice/basic/travel start, score: 1.0, deepth: 4, pod ts-preserve-service-b5ccf8557-j4txs
[INFO]2026-08-20 12:14:29,331 pattern_ranker.py:600: source :ts-preserve-service HTTP POST start, target: ts-preserve-service HTTP POST end, score: 0.75, deepth: 4, pod ts-preserve-service-b5ccf8557-j4txs
[INFO]2026-08-20 12:14:29,332 pattern_ranker.py:600: source :t.c.TravelController#122, target: ts-travel-service HTTP POST start, score: 0.7333333333333333, deepth: 4, pod ts-travel-service-64469b5b48-25zj6
[INFO]2026-08-20 12:14:29,332 pattern_ranker.py:600: source :ts-order-other-service /api/v1/orderOtherService/orderOther/{orderId} start, target: ts-order-other-service /api/v1/orderOtherService/orderOther/{orderId} end, score: 0.7, deepth: 5, pod ts-order-other-service-6cdbf9b4cc-h7mqk
[INFO]2026-08-20 12:14:29,332 pattern_ranker.py:600: source :ts-order-other-service /api/v1/orderOtherService/orderOther/{orderId} start, target: ts-order-other-service OrderOtherController.getOrderById start, score: 0.7, deepth: 5, pod ts-order-other-service-6cdbf9b4cc-h7mqk
[INFO]2026-08-20 12:14:29,332 pattern_ranker.py:600: source :t.s.TravelServiceImpl#457, target: t.s.TravelServiceImpl#548, score: 0.6875, deepth: 7, pod ts-travel-service-64469b5b48-25zj6
[INFO]2026-08-20 12:14:29,333 pattern_ranker.py:600: source :ts-execute-service HTTP GET start, target: ts-execute-service HTTP GET end, score: 0.68, deepth: 4, pod ts-execute-service-775f544d9-zqvjb
[INFO]2026-08-20 12:14:29,333 pattern_ranker.py:602: 
[INFO]2026-08-20 12:14:34,800 data_integrate.py:481: []
[INFO]2026-08-20 12:14:39,891 data_integrate.py:550: Data Integrate Complete!
[INFO]2026-08-20 12:14:39,989 pattern_ranker.py:192: Soted Result List: [{'events': '99_98', 'score': 1.0, 'deepth': 7, 'pod': 'ts-contacts-service-866bd68c97-xcqfx'}, {'events': '387_388', 'score': 1.0, 'deepth': 5, 'pod': 'ts-order-other-service-6cdbf9b4cc-h7mqk'}, {'events': '387_391', 'score': 1.0, 'deepth': 5, 'pod': 'ts-order-other-service-6cdbf9b4cc-h7mqk'}, {'events': '20_10', 'score': 1.0, 'deepth': 4, 'pod': 'ts-preserve-service-b5ccf8557-j4txs'}, {'events': '662_663', 'score': 1.0, 'deepth': 3, 'pod': 'ts-preserve-service-b5ccf8557-j4txs'}, {'events': '7_609', 'score': 1.0, 'deepth': 2, 'pod': 'ts-preserve-service-b5ccf8557-j4txs'}, {'events': '620_621', 'score': 0.8, 'deepth': 4, 'pod': 'ts-auth-service-7f8d7d756d-k7b9j'}, {'events': '620_622', 'score': 0.8, 'deepth': 4, 'pod': 'ts-auth-service-7f8d7d756d-k7b9j'}, {'events': '5_616', 'score': 0.8, 'deepth': 1, 'pod': 'ts-gateway-service-6f6cfc45b-h5m2n'}, {'events': '549_551', 'score': 0.75, 'deepth': 4, 'pod': 'ts-execute-service-775f544d9-zqvjb'}]
[INFO]2026-08-20 12:14:40,000 pattern_ranker.py:545: 2023-01-29 08:58:16 Inject RCA Pod Result:
[INFO]2026-08-20 12:14:40,000 pattern_ranker.py:546: 2023-01-29 08:58:16 Inject Ground Truth: ts-contacts-service-866bd68c97-xcqfx, return
[INFO]2026-08-20 12:14:40,001 pattern_ranker.py:575: 2023-01-29 08:58:16 Inject Ground Truth: ts-contacts-service-866bd68c97-xcqfx, return score 1
[INFO]2026-08-20 12:14:40,001 pattern_ranker.py:600: source :c.s.ContactsServiceImpl#31, target: c.s.ContactsServiceImpl#34, score: 1.0, deepth: 7, pod ts-contacts-service-866bd68c97-xcqfx
[INFO]2026-08-20 12:14:40,001 pattern_ranker.py:600: source :ts-order-other-service /api/v1/orderOtherService/orderOther/{orderId} start, target: ts-order-other-service /api/v1/orderOtherService/orderOther/{orderId} end, score: 1.0, deepth: 5, pod ts-order-other-service-6cdbf9b4cc-h7mqk
[INFO]2026-08-20 12:14:40,001 pattern_ranker.py:600: source :ts-order-other-service /api/v1/orderOtherService/orderOther/{orderId} start, target: ts-order-other-service OrderOtherController.getOrderById start, score: 1.0, deepth: 5, pod ts-order-other-service-6cdbf9b4cc-h7mqk
[INFO]2026-08-20 12:14:40,001 pattern_ranker.py:600: source :p.s.PreserveServiceImpl#142, target: ts-preserve-service PreserveController.preserve end, score: 1.0, deepth: 4, pod ts-preserve-service-b5ccf8557-j4txs
[INFO]2026-08-20 12:14:40,002 pattern_ranker.py:600: source :ts-preserve-service BasicErrorController.error start, target: ts-preserve-service BasicErrorController.error end, score: 1.0, deepth: 3, pod ts-preserve-service-b5ccf8557-j4txs
[INFO]2026-08-20 12:14:40,002 pattern_ranker.py:600: source :ts-preserve-service /api/v1/preserveservice/preserve start, target: ERROR o.a.c.c.C.[.[.[.[dispatcherServlet]#175, score: 1.0, deepth: 2, pod ts-preserve-service-b5ccf8557-j4txs
[INFO]2026-08-20 12:14:40,002 pattern_ranker.py:600: source :ts-auth-service HTTP GET start, target: ts-auth-service HTTP GET end, score: 0.8, deepth: 4, pod ts-auth-service-7f8d7d756d-k7b9j
[INFO]2026-08-20 12:14:40,003 pattern_ranker.py:600: source :ts-auth-service HTTP GET start, target: ts-verification-code-service /api/v1/verifycode/verify/{verifyCode} start, score: 0.8, deepth: 4, pod ts-auth-service-7f8d7d756d-k7b9j
[INFO]2026-08-20 12:14:40,003 pattern_ranker.py:600: source :ts-gateway-service HTTP POST start, target: ts-auth-service /api/v1/users/login start, score: 0.8, deepth: 1, pod ts-gateway-service-6f6cfc45b-h5m2n
[INFO]2026-08-20 12:14:40,004 pattern_ranker.py:600: source :e.s.ExecuteServiceImpl#164, target: ts-execute-service HTTP GET start, score: 0.75, deepth: 4, pod ts-execute-service-775f544d9-zqvjb
[INFO]2026-08-20 12:14:40,004 pattern_ranker.py:602: 
[INFO]2026-08-20 12:14:43,951 data_integrate.py:481: []
[INFO]2026-08-20 12:14:46,643 data_integrate.py:550: Data Integrate Complete!
[INFO]2026-08-20 12:14:47,307 pattern_ranker.py:192: Soted Result List: [{'events': '329_328', 'score': 1.0, 'deepth': 7, 'pod': 'ts-basic-service-5dc8d4f9fd-46997'}, {'events': '116_128', 'score': 1.0, 'deepth': 7, 'pod': 'ts-travel-service-64469b5b48-25zj6'}, {'events': '119_128', 'score': 1.0, 'deepth': 7, 'pod': 'ts-travel-service-64469b5b48-25zj6'}, {'events': '115_128', 'score': 1.0, 'deepth': 7, 'pod': 'ts-travel-service-64469b5b48-25zj6'}, {'events': '20_10', 'score': 1.0, 'deepth': 4, 'pod': 'ts-preserve-service-b5ccf8557-j4txs'}, {'events': '662_663', 'score': 1.0, 'deepth': 3, 'pod': 'ts-preserve-service-b5ccf8557-j4txs'}, {'events': '7_609', 'score': 1.0, 'deepth': 2, 'pod': 'ts-preserve-service-b5ccf8557-j4txs'}, {'events': '114_117', 'score': 0.9166666666666666, 'deepth': 7, 'pod': 'ts-travel-service-64469b5b48-25zj6'}, {'events': '55_613', 'score': 0.8301886792452831, 'deepth': 13, 'pod': 'ts-order-service-5b67c48447-mv5hb'}, {'events': '206_217', 'score': 0.7863247863247863, 'deepth': 10, 'pod': 'ts-seat-service-5c95b49cff-tdsdz'}, {'events': '207_206', 'score': 0.7692307692307693, 'deepth': 10, 'pod': 'ts-seat-service-5c95b49cff-tdsdz'}, {'events': '611_117', 'score': 0.7586206896551724, 'deepth': 4, 'pod': 'ts-travel-service-64469b5b48-25zj6'}, {'events': '632_633', 'score': 0.7586206896551724, 'deepth': 2, 'pod': 'ts-travel-service-64469b5b48-25zj6'}, {'events': '208_215', 'score': 0.75, 'deepth': 10, 'pod': 'ts-seat-service-5c95b49cff-tdsdz'}, {'events': '611_128', 'score': 0.75, 'deepth': 4, 'pod': 'ts-travel-service-64469b5b48-25zj6'}, {'events': '601_620', 'score': 0.75, 'deepth': 4, 'pod': 'ts-auth-service-7f8d7d756d-k7b9j'}, {'events': '612_128', 'score': 0.7333333333333333, 'deepth': 4, 'pod': 'ts-travel-service-64469b5b48-25zj6'}, {'events': '207_215', 'score': 0.7222222222222222, 'deepth': 10, 'pod': 'ts-seat-service-5c95b49cff-tdsdz'}, {'events': '329_333', 'score': 0.7, 'deepth': 7, 'pod': 'ts-basic-service-5dc8d4f9fd-46997'}, {'events': '323_333', 'score': 0.6744186046511628, 'deepth': 6, 'pod': 'ts-basic-service-5dc8d4f9fd-46997'}]
[INFO]2026-08-20 12:14:47,319 pattern_ranker.py:545: 2023-01-29 09:03:53 Inject RCA Pod Result:
[INFO]2026-08-20 12:14:47,319 pattern_ranker.py:546: 2023-01-29 09:03:53 Inject Ground Truth: ts-basic-service-5dc8d4f9fd-46997, return
[INFO]2026-08-20 12:14:47,319 pattern_ranker.py:575: 2023-01-29 09:03:53 Inject Ground Truth: ts-basic-service-5dc8d4f9fd-46997, return score 1
[INFO]2026-08-20 12:14:47,319 pattern_ranker.py:600: source :f.m.s.BasicServiceImpl#405, target: f.m.s.BasicServiceImpl#418, score: 1.0, deepth: 7, pod ts-basic-service-5dc8d4f9fd-46997
[INFO]2026-08-20 12:14:47,320 pattern_ranker.py:600: source :t.s.TravelServiceImpl#558, target: ts-travel-service HTTP POST start, score: 1.0, deepth: 7, pod ts-travel-service-64469b5b48-25zj6
[INFO]2026-08-20 12:14:47,320 pattern_ranker.py:600: source :t.s.TravelServiceImpl#487, target: ts-travel-service HTTP POST start, score: 1.0, deepth: 7, pod ts-travel-service-64469b5b48-25zj6
[INFO]2026-08-20 12:14:47,320 pattern_ranker.py:600: source :t.s.TravelServiceImpl#451, target: ts-travel-service HTTP POST start, score: 1.0, deepth: 7, pod ts-travel-service-64469b5b48-25zj6
[INFO]2026-08-20 12:14:47,320 pattern_ranker.py:600: source :p.s.PreserveServiceImpl#142, target: ts-preserve-service PreserveController.preserve end, score: 1.0, deepth: 4, pod ts-preserve-service-b5ccf8557-j4txs
[INFO]2026-08-20 12:14:47,320 pattern_ranker.py:600: source :ts-preserve-service BasicErrorController.error start, target: ts-preserve-service BasicErrorController.error end, score: 1.0, deepth: 3, pod ts-preserve-service-b5ccf8557-j4txs
[INFO]2026-08-20 12:14:47,321 pattern_ranker.py:600: source :ts-preserve-service /api/v1/preserveservice/preserve start, target: ERROR o.a.c.c.C.[.[.[.[dispatcherServlet]#175, score: 1.0, deepth: 2, pod ts-preserve-service-b5ccf8557-j4txs
[INFO]2026-08-20 12:14:47,321 pattern_ranker.py:600: source :t.s.TravelServiceImpl#457, target: t.s.TravelServiceImpl#548, score: 0.9166666666666666, deepth: 7, pod ts-travel-service-64469b5b48-25zj6
[INFO]2026-08-20 12:14:47,321 pattern_ranker.py:600: source :o.c.OrderController#39, target: o.s.OrderServiceImpl#68, score: 0.8301886792452831, deepth: 13, pod ts-order-service-5b67c48447-mv5hb
[INFO]2026-08-20 12:14:47,321 pattern_ranker.py:600: source :s.s.SeatServiceImpl#139, target: ts-seat-service HTTP GET start, score: 0.7863247863247863, deepth: 10, pod ts-seat-service-5c95b49cff-tdsdz
[INFO]2026-08-20 12:14:47,321 pattern_ranker.py:602: 
[INFO]2026-08-20 12:14:51,596 data_integrate.py:481: []
[INFO]2026-08-20 12:14:54,603 data_integrate.py:550: Data Integrate Complete!
[INFO]2026-08-20 12:14:54,838 pattern_ranker.py:192: Soted Result List: [{'events': '329_328', 'score': 1.0, 'deepth': 7, 'pod': 'ts-basic-service-5dc8d4f9fd-46997'}, {'events': '20_10', 'score': 1.0, 'deepth': 4, 'pod': 'ts-preserve-service-b5ccf8557-j4txs'}, {'events': '662_663', 'score': 1.0, 'deepth': 3, 'pod': 'ts-preserve-service-b5ccf8557-j4txs'}, {'events': '7_609', 'score': 1.0, 'deepth': 2, 'pod': 'ts-preserve-service-b5ccf8557-j4txs'}, {'events': '132_145', 'score': 0.7692307692307693, 'deepth': 9, 'pod': 'ts-basic-service-5dc8d4f9fd-46997'}, {'events': '140_145', 'score': 0.75, 'deepth': 10, 'pod': 'ts-basic-service-5dc8d4f9fd-46997'}, {'events': '115_128', 'score': 0.75, 'deepth': 7, 'pod': 'ts-travel-service-64469b5b48-25zj6'}, {'events': '459_461', 'score': 0.7272727272727273, 'deepth': 4, 'pod': 'ts-food-service-f5756978c-k8vqf'}, {'events': '486_487', 'score': 0.7, 'deepth': 7, 'pod': 'ts-travel-service-64469b5b48-25zj6'}, {'events': '486_169', 'score': 0.7, 'deepth': 7, 'pod': 'ts-travel-service-64469b5b48-25zj6'}, {'events': '450_452', 'score': 0.7, 'deepth': 1, 'pod': 'ts-gateway-service-6f6cfc45b-h5m2n'}, {'events': '612_128', 'score': 0.6875, 'deepth': 4, 'pod': 'ts-travel-service-64469b5b48-25zj6'}]
[INFO]2026-08-20 12:14:54,857 pattern_ranker.py:545: 2023-01-29 09:12:56 Inject RCA Pod Result:
[INFO]2026-08-20 12:14:54,857 pattern_ranker.py:546: 2023-01-29 09:12:56 Inject Ground Truth: ts-basic-service-5dc8d4f9fd-46997, return
[INFO]2026-08-20 12:14:54,857 pattern_ranker.py:575: 2023-01-29 09:12:56 Inject Ground Truth: ts-basic-service-5dc8d4f9fd-46997, return score 1
[INFO]2026-08-20 12:14:54,858 pattern_ranker.py:600: source :f.m.s.BasicServiceImpl#405, target: f.m.s.BasicServiceImpl#418, score: 1.0, deepth: 7, pod ts-basic-service-5dc8d4f9fd-46997
[INFO]2026-08-20 12:14:54,858 pattern_ranker.py:600: source :p.s.PreserveServiceImpl#142, target: ts-preserve-service PreserveController.preserve end, score: 1.0, deepth: 4, pod ts-preserve-service-b5ccf8557-j4txs
[INFO]2026-08-20 12:14:54,858 pattern_ranker.py:600: source :ts-preserve-service BasicErrorController.error start, target: ts-preserve-service BasicErrorController.error end, score: 1.0, deepth: 3, pod ts-preserve-service-b5ccf8557-j4txs
[INFO]2026-08-20 12:14:54,859 pattern_ranker.py:600: source :ts-preserve-service /api/v1/preserveservice/preserve start, target: ERROR o.a.c.c.C.[.[.[.[dispatcherServlet]#175, score: 1.0, deepth: 2, pod ts-preserve-service-b5ccf8557-j4txs
[INFO]2026-08-20 12:14:54,859 pattern_ranker.py:600: source :ts-basic-service BasicController.queryForTravel start, target: ts-basic-service HTTP GET start, score: 0.7692307692307693, deepth: 9, pod ts-basic-service-5dc8d4f9fd-46997
[INFO]2026-08-20 12:14:54,859 pattern_ranker.py:600: source :f.m.s.BasicServiceImpl#438, target: ts-basic-service HTTP GET start, score: 0.75, deepth: 10, pod ts-basic-service-5dc8d4f9fd-46997
[INFO]2026-08-20 12:14:54,859 pattern_ranker.py:600: source :t.s.TravelServiceImpl#451, target: ts-travel-service HTTP POST start, score: 0.75, deepth: 7, pod ts-travel-service-64469b5b48-25zj6
[INFO]2026-08-20 12:14:54,859 pattern_ranker.py:600: source :f.s.FoodServiceImpl#214, target: ts-food-service HTTP GET start, score: 0.7272727272727273, deepth: 4, pod ts-food-service-f5756978c-k8vqf
[INFO]2026-08-20 12:14:54,860 pattern_ranker.py:600: source :ts-travel-service HTTP GET start, target: ts-travel-service HTTP GET end, score: 0.7, deepth: 7, pod ts-travel-service-64469b5b48-25zj6
[INFO]2026-08-20 12:14:54,860 pattern_ranker.py:600: source :ts-travel-service HTTP GET start, target: ts-route-service /api/v1/routeservice/routes/{routeId} start, score: 0.7, deepth: 7, pod ts-travel-service-64469b5b48-25zj6
[INFO]2026-08-20 12:14:54,860 pattern_ranker.py:602: 
[INFO]2026-08-20 12:15:00,298 data_integrate.py:481: []
[INFO]2026-08-20 12:15:03,241 data_integrate.py:550: Data Integrate Complete!
[INFO]2026-08-20 12:15:03,576 pattern_ranker.py:192: Soted Result List: [{'events': '329_328', 'score': 1.0, 'deepth': 7, 'pod': 'ts-basic-service-5dc8d4f9fd-46997'}, {'events': '115_128', 'score': 1.0, 'deepth': 7, 'pod': 'ts-travel-service-64469b5b48-25zj6'}, {'events': '20_10', 'score': 1.0, 'deepth': 4, 'pod': 'ts-preserve-service-b5ccf8557-j4txs'}, {'events': '662_663', 'score': 1.0, 'deepth': 3, 'pod': 'ts-preserve-service-b5ccf8557-j4txs'}, {'events': '7_609', 'score': 1.0, 'deepth': 2, 'pod': 'ts-preserve-service-b5ccf8557-j4txs'}, {'events': '119_128', 'score': 0.8571428571428571, 'deepth': 7, 'pod': 'ts-travel-service-64469b5b48-25zj6'}, {'events': '551_552', 'score': 0.85, 'deepth': 4, 'pod': 'ts-execute-service-775f544d9-zqvjb'}, {'events': '549_551', 'score': 0.8181818181818182, 'deepth': 4, 'pod': 'ts-execute-service-775f544d9-zqvjb'}, {'events': '205_217', 'score': 0.8, 'deepth': 10, 'pod': 'ts-seat-service-5c95b49cff-tdsdz'}, {'events': '29_33', 'score': 0.7777777777777778, 'deepth': 4, 'pod': 'ts-preserve-service-b5ccf8557-j4txs'}, {'events': '5_7', 'score': 0.7777777777777778, 'deepth': 1, 'pod': 'ts-gateway-service-6f6cfc45b-h5m2n'}, {'events': '119_118', 'score': 0.75, 'deepth': 7, 'pod': 'ts-travel-service-64469b5b48-25zj6'}, {'events': '114_113', 'score': 0.75, 'deepth': 7, 'pod': 'ts-travel-service-64469b5b48-25zj6'}, {'events': '29_94', 'score': 0.75, 'deepth': 4, 'pod': 'ts-preserve-service-b5ccf8557-j4txs'}, {'events': '31_110', 'score': 0.75, 'deepth': 4, 'pod': 'ts-preserve-service-b5ccf8557-j4txs'}, {'events': '31_130', 'score': 0.75, 'deepth': 4, 'pod': 'ts-preserve-service-b5ccf8557-j4txs'}, {'events': '601_620', 'score': 0.75, 'deepth': 4, 'pod': 'ts-auth-service-7f8d7d756d-k7b9j'}, {'events': '5_616', 'score': 0.7272727272727273, 'deepth': 1, 'pod': 'ts-gateway-service-6f6cfc45b-h5m2n'}, {'events': '387_388', 'score': 0.7, 'deepth': 5, 'pod': 'ts-order-other-service-6cdbf9b4cc-h7mqk'}, {'events': '387_391', 'score': 0.7, 'deepth': 5, 'pod': 'ts-order-other-service-6cdbf9b4cc-h7mqk'}]
[INFO]2026-08-20 12:15:03,589 pattern_ranker.py:545: 2023-01-29 09:21:39 Inject RCA Pod Result:
[INFO]2026-08-20 12:15:03,589 pattern_ranker.py:546: 2023-01-29 09:21:39 Inject Ground Truth: ts-basic-service-5dc8d4f9fd-46997, return
[INFO]2026-08-20 12:15:03,590 pattern_ranker.py:575: 2023-01-29 09:21:39 Inject Ground Truth: ts-basic-service-5dc8d4f9fd-46997, return score 1
[INFO]2026-08-20 12:15:03,590 pattern_ranker.py:600: source :f.m.s.BasicServiceImpl#405, target: f.m.s.BasicServiceImpl#418, score: 1.0, deepth: 7, pod ts-basic-service-5dc8d4f9fd-46997
[INFO]2026-08-20 12:15:03,590 pattern_ranker.py:600: source :t.s.TravelServiceImpl#451, target: ts-travel-service HTTP POST start, score: 1.0, deepth: 7, pod ts-travel-service-64469b5b48-25zj6
[INFO]2026-08-20 12:15:03,590 pattern_ranker.py:600: source :p.s.PreserveServiceImpl#142, target: ts-preserve-service PreserveController.preserve end, score: 1.0, deepth: 4, pod ts-preserve-service-b5ccf8557-j4txs
[INFO]2026-08-20 12:15:03,590 pattern_ranker.py:600: source :ts-preserve-service BasicErrorController.error start, target: ts-preserve-service BasicErrorController.error end, score: 1.0, deepth: 3, pod ts-preserve-service-b5ccf8557-j4txs
[INFO]2026-08-20 12:15:03,591 pattern_ranker.py:600: source :ts-preserve-service /api/v1/preserveservice/preserve start, target: ERROR o.a.c.c.C.[.[.[.[dispatcherServlet]#175, score: 1.0, deepth: 2, pod ts-preserve-service-b5ccf8557-j4txs
[INFO]2026-08-20 12:15:03,591 pattern_ranker.py:600: source :t.s.TravelServiceImpl#487, target: ts-travel-service HTTP POST start, score: 0.8571428571428571, deepth: 7, pod ts-travel-service-64469b5b48-25zj6
[INFO]2026-08-20 12:15:03,591 pattern_ranker.py:600: source :ts-execute-service HTTP GET start, target: ts-execute-service HTTP GET end, score: 0.85, deepth: 4, pod ts-execute-service-775f544d9-zqvjb
[INFO]2026-08-20 12:15:03,591 pattern_ranker.py:600: source :e.s.ExecuteServiceImpl#164, target: ts-execute-service HTTP GET start, score: 0.8181818181818182, deepth: 4, pod ts-execute-service-775f544d9-zqvjb
[INFO]2026-08-20 12:15:03,592 pattern_ranker.py:600: source :s.s.SeatServiceImpl#151, target: ts-seat-service HTTP GET start, score: 0.8, deepth: 10, pod ts-seat-service-5c95b49cff-tdsdz
[INFO]2026-08-20 12:15:03,592 pattern_ranker.py:600: source :ts-preserve-service HTTP GET start, target: ts-security-service /api/v1/securityservice/securityConfigs/{accountId} start, score: 0.7777777777777778, deepth: 4, pod ts-preserve-service-b5ccf8557-j4txs
[INFO]2026-08-20 12:15:03,592 pattern_ranker.py:602: 
[INFO]2026-08-20 12:15:07,523 data_integrate.py:481: []
[INFO]2026-08-20 12:15:09,482 data_integrate.py:550: Data Integrate Complete!
[INFO]2026-08-20 12:15:09,692 pattern_ranker.py:192: Soted Result List: [{'events': '135_134', 'score': 0.9230769230769231, 'deepth': 10, 'pod': 'ts-basic-service-5dc8d4f9fd-46997'}, {'events': '21_20', 'score': 0.8571428571428571, 'deepth': 4, 'pod': 'ts-preserve-service-b5ccf8557-j4txs'}, {'events': '31_130', 'score': 0.8571428571428571, 'deepth': 4, 'pod': 'ts-preserve-service-b5ccf8557-j4txs'}, {'events': '188_192', 'score': 0.7692307692307693, 'deepth': 12, 'pod': 'ts-price-service-76846864d9-g465z'}, {'events': '31_32', 'score': 0.75, 'deepth': 4, 'pod': 'ts-preserve-service-b5ccf8557-j4txs'}, {'events': '601_620', 'score': 0.75, 'deepth': 4, 'pod': 'ts-auth-service-7f8d7d756d-k7b9j'}, {'events': '132_145', 'score': 0.7407407407407407, 'deepth': 9, 'pod': 'ts-basic-service-5dc8d4f9fd-46997'}, {'events': '459_461', 'score': 0.7272727272727273, 'deepth': 4, 'pod': 'ts-food-service-f5756978c-k8vqf'}, {'events': '5_616', 'score': 0.7272727272727273, 'deepth': 1, 'pod': 'ts-gateway-service-6f6cfc45b-h5m2n'}, {'events': '486_487', 'score': 0.7, 'deepth': 7, 'pod': 'ts-travel-service-64469b5b48-25zj6'}, {'events': '486_169', 'score': 0.7, 'deepth': 7, 'pod': 'ts-travel-service-64469b5b48-25zj6'}, {'events': '29_33', 'score': 0.7, 'deepth': 4, 'pod': 'ts-preserve-service-b5ccf8557-j4txs'}, {'events': '662_663', 'score': 0.7, 'deepth': 3, 'pod': 'ts-preserve-service-b5ccf8557-j4txs'}, {'events': '5_7', 'score': 0.7, 'deepth': 1, 'pod': 'ts-gateway-service-6f6cfc45b-h5m2n'}, {'events': '450_452', 'score': 0.7, 'deepth': 1, 'pod': 'ts-gateway-service-6f6cfc45b-h5m2n'}, {'events': '29_30', 'score': 0.6842105263157895, 'deepth': 4, 'pod': 'ts-preserve-service-b5ccf8557-j4txs'}]
[INFO]2026-08-20 12:15:09,703 pattern_ranker.py:545: 2023-01-29 09:25:39 Inject RCA Pod Result:
[INFO]2026-08-20 12:15:09,703 pattern_ranker.py:546: 2023-01-29 09:25:39 Inject Ground Truth: ts-basic-service-5dc8d4f9fd-46997, exception
[INFO]2026-08-20 12:15:09,703 pattern_ranker.py:575: 2023-01-29 09:25:39 Inject Ground Truth: ts-basic-service-5dc8d4f9fd-46997, exception score 1
[INFO]2026-08-20 12:15:09,703 pattern_ranker.py:600: source :f.m.s.BasicServiceImpl#100, target: f.m.s.BasicServiceImpl#119, score: 0.9230769230769231, deepth: 10, pod ts-basic-service-5dc8d4f9fd-46997
[INFO]2026-08-20 12:15:09,703 pattern_ranker.py:600: source :p.s.PreserveServiceImpl#100, target: p.s.PreserveServiceImpl#142, score: 0.8571428571428571, deepth: 4, pod ts-preserve-service-b5ccf8557-j4txs
[INFO]2026-08-20 12:15:09,703 pattern_ranker.py:600: source :ts-preserve-service HTTP POST start, target: ts-basic-service /api/v1/basicservice/basic/travel start, score: 0.8571428571428571, deepth: 4, pod ts-preserve-service-b5ccf8557-j4txs
[INFO]2026-08-20 12:15:09,703 pattern_ranker.py:600: source :ts-price-service PriceController.query start, target: ts-price-service PriceConfigRepository.findByRouteIdAndTrainType start, score: 0.7692307692307693, deepth: 12, pod ts-price-service-76846864d9-g465z
[INFO]2026-08-20 12:15:09,703 pattern_ranker.py:600: source :ts-preserve-service HTTP POST start, target: ts-preserve-service HTTP POST end, score: 0.75, deepth: 4, pod ts-preserve-service-b5ccf8557-j4txs
[INFO]2026-08-20 12:15:09,704 pattern_ranker.py:600: source :a.c.UserController#43, target: ts-auth-service HTTP GET start, score: 0.75, deepth: 4, pod ts-auth-service-7f8d7d756d-k7b9j
[INFO]2026-08-20 12:15:09,704 pattern_ranker.py:600: source :ts-basic-service BasicController.queryForTravel start, target: ts-basic-service HTTP GET start, score: 0.7407407407407407, deepth: 9, pod ts-basic-service-5dc8d4f9fd-46997
[INFO]2026-08-20 12:15:09,704 pattern_ranker.py:600: source :f.s.FoodServiceImpl#214, target: ts-food-service HTTP GET start, score: 0.7272727272727273, deepth: 4, pod ts-food-service-f5756978c-k8vqf
[INFO]2026-08-20 12:15:09,705 pattern_ranker.py:600: source :ts-gateway-service HTTP POST start, target: ts-auth-service /api/v1/users/login start, score: 0.7272727272727273, deepth: 1, pod ts-gateway-service-6f6cfc45b-h5m2n
[INFO]2026-08-20 12:15:09,705 pattern_ranker.py:600: source :ts-travel-service HTTP GET start, target: ts-travel-service HTTP GET end, score: 0.7, deepth: 7, pod ts-travel-service-64469b5b48-25zj6
[INFO]2026-08-20 12:15:09,705 pattern_ranker.py:602: 
[INFO]2026-08-20 12:15:15,320 data_integrate.py:481: []
[INFO]2026-08-20 12:15:19,197 data_integrate.py:550: Data Integrate Complete!
[INFO]2026-08-20 12:15:19,401 pattern_ranker.py:192: Soted Result List: [{'events': '458_457', 'score': 1.0, 'deepth': 4, 'pod': 'ts-food-service-f5756978c-k8vqf'}, {'events': '20_10', 'score': 1.0, 'deepth': 4, 'pod': 'ts-preserve-service-b5ccf8557-j4txs'}, {'events': '662_663', 'score': 1.0, 'deepth': 3, 'pod': 'ts-preserve-service-b5ccf8557-j4txs'}, {'events': '7_609', 'score': 1.0, 'deepth': 2, 'pod': 'ts-preserve-service-b5ccf8557-j4txs'}, {'events': '601_620', 'score': 0.8571428571428571, 'deepth': 4, 'pod': 'ts-auth-service-7f8d7d756d-k7b9j'}, {'events': '549_551', 'score': 0.8181818181818182, 'deepth': 4, 'pod': 'ts-execute-service-775f544d9-zqvjb'}, {'events': '5_616', 'score': 0.8, 'deepth': 1, 'pod': 'ts-gateway-service-6f6cfc45b-h5m2n'}, {'events': '119_128', 'score': 0.75, 'deepth': 7, 'pod': 'ts-travel-service-64469b5b48-25zj6'}, {'events': '115_128', 'score': 0.75, 'deepth': 7, 'pod': 'ts-travel-service-64469b5b48-25zj6'}, {'events': '205_217', 'score': 0.7272727272727273, 'deepth': 10, 'pod': 'ts-seat-service-5c95b49cff-tdsdz'}]
[INFO]2026-08-20 12:15:19,415 pattern_ranker.py:545: 2023-01-29 09:30:09 Inject RCA Pod Result:
[INFO]2026-08-20 12:15:19,415 pattern_ranker.py:546: 2023-01-29 09:30:09 Inject Ground Truth: ts-food-service-f5756978c-k8vqf, return
[INFO]2026-08-20 12:15:19,415 pattern_ranker.py:575: 2023-01-29 09:30:09 Inject Ground Truth: ts-food-service-f5756978c-k8vqf, return score 1
[INFO]2026-08-20 12:15:19,416 pattern_ranker.py:600: source :f.s.FoodServiceImpl#240, target: f.s.FoodServiceImpl#243, score: 1.0, deepth: 4, pod ts-food-service-f5756978c-k8vqf
[INFO]2026-08-20 12:15:19,416 pattern_ranker.py:600: source :p.s.PreserveServiceImpl#142, target: ts-preserve-service PreserveController.preserve end, score: 1.0, deepth: 4, pod ts-preserve-service-b5ccf8557-j4txs
[INFO]2026-08-20 12:15:19,416 pattern_ranker.py:600: source :ts-preserve-service BasicErrorController.error start, target: ts-preserve-service BasicErrorController.error end, score: 1.0, deepth: 3, pod ts-preserve-service-b5ccf8557-j4txs
[INFO]2026-08-20 12:15:19,417 pattern_ranker.py:600: source :ts-preserve-service /api/v1/preserveservice/preserve start, target: ERROR o.a.c.c.C.[.[.[.[dispatcherServlet]#175, score: 1.0, deepth: 2, pod ts-preserve-service-b5ccf8557-j4txs
[INFO]2026-08-20 12:15:19,417 pattern_ranker.py:600: source :a.c.UserController#43, target: ts-auth-service HTTP GET start, score: 0.8571428571428571, deepth: 4, pod ts-auth-service-7f8d7d756d-k7b9j
[INFO]2026-08-20 12:15:19,418 pattern_ranker.py:600: source :e.s.ExecuteServiceImpl#164, target: ts-execute-service HTTP GET start, score: 0.8181818181818182, deepth: 4, pod ts-execute-service-775f544d9-zqvjb
[INFO]2026-08-20 12:15:19,418 pattern_ranker.py:600: source :ts-gateway-service HTTP POST start, target: ts-auth-service /api/v1/users/login start, score: 0.8, deepth: 1, pod ts-gateway-service-6f6cfc45b-h5m2n
[INFO]2026-08-20 12:15:19,418 pattern_ranker.py:600: source :t.s.TravelServiceImpl#487, target: ts-travel-service HTTP POST start, score: 0.75, deepth: 7, pod ts-travel-service-64469b5b48-25zj6
[INFO]2026-08-20 12:15:19,418 pattern_ranker.py:600: source :t.s.TravelServiceImpl#451, target: ts-travel-service HTTP POST start, score: 0.75, deepth: 7, pod ts-travel-service-64469b5b48-25zj6
[INFO]2026-08-20 12:15:19,418 pattern_ranker.py:600: source :s.s.SeatServiceImpl#151, target: ts-seat-service HTTP GET start, score: 0.7272727272727273, deepth: 10, pod ts-seat-service-5c95b49cff-tdsdz
[INFO]2026-08-20 12:15:19,418 pattern_ranker.py:602: 
[INFO]2026-08-20 12:15:23,358 data_integrate.py:481: []
[INFO]2026-08-20 12:15:26,802 data_integrate.py:550: Data Integrate Complete!
[INFO]2026-08-20 12:15:27,515 pattern_ranker.py:192: Soted Result List: [{'events': '115_128', 'score': 1.0, 'deepth': 7, 'pod': 'ts-travel-service-64469b5b48-25zj6'}, {'events': '387_388', 'score': 1.0, 'deepth': 5, 'pod': 'ts-order-other-service-6cdbf9b4cc-h7mqk'}, {'events': '387_391', 'score': 1.0, 'deepth': 5, 'pod': 'ts-order-other-service-6cdbf9b4cc-h7mqk'}, {'events': '458_457', 'score': 1.0, 'deepth': 4, 'pod': 'ts-food-service-f5756978c-k8vqf'}, {'events': '20_10', 'score': 1.0, 'deepth': 4, 'pod': 'ts-preserve-service-b5ccf8557-j4txs'}, {'events': '662_663', 'score': 1.0, 'deepth': 3, 'pod': 'ts-preserve-service-b5ccf8557-j4txs'}, {'events': '7_609', 'score': 1.0, 'deepth': 2, 'pod': 'ts-preserve-service-b5ccf8557-j4txs'}, {'events': '116_128', 'score': 0.9090909090909091, 'deepth': 7, 'pod': 'ts-travel-service-64469b5b48-25zj6'}, {'events': '620_621', 'score': 0.8888888888888888, 'deepth': 4, 'pod': 'ts-auth-service-7f8d7d756d-k7b9j'}, {'events': '620_622', 'score': 0.8888888888888888, 'deepth': 4, 'pod': 'ts-auth-service-7f8d7d756d-k7b9j'}, {'events': '5_616', 'score': 0.8888888888888888, 'deepth': 1, 'pod': 'ts-gateway-service-6f6cfc45b-h5m2n'}, {'events': '119_128', 'score': 0.8571428571428571, 'deepth': 7, 'pod': 'ts-travel-service-64469b5b48-25zj6'}, {'events': '551_552', 'score': 0.8095238095238095, 'deepth': 4, 'pod': 'ts-execute-service-775f544d9-zqvjb'}, {'events': '114_117', 'score': 0.7857142857142857, 'deepth': 7, 'pod': 'ts-travel-service-64469b5b48-25zj6'}, {'events': '55_613', 'score': 0.7586206896551724, 'deepth': 13, 'pod': 'ts-order-service-5b67c48447-mv5hb'}, {'events': '549_551', 'score': 0.75, 'deepth': 4, 'pod': 'ts-execute-service-775f544d9-zqvjb'}, {'events': '206_217', 'score': 0.7479674796747967, 'deepth': 10, 'pod': 'ts-seat-service-5c95b49cff-tdsdz'}, {'events': '207_206', 'score': 0.746268656716418, 'deepth': 10, 'pod': 'ts-seat-service-5c95b49cff-tdsdz'}, {'events': '119_611', 'score': 0.7333333333333333, 'deepth': 7, 'pod': 'ts-travel-service-64469b5b48-25zj6'}, {'events': '5_632', 'score': 0.7333333333333333, 'deepth': 1, 'pod': 'ts-gateway-service-6f6cfc45b-h5m2n'}, {'events': '215_45', 'score': 0.7299270072992701, 'deepth': 10, 'pod': 'ts-seat-service-5c95b49cff-tdsdz'}, {'events': '132_145', 'score': 0.7142857142857143, 'deepth': 9, 'pod': 'ts-basic-service-5dc8d4f9fd-46997'}, {'events': '29_33', 'score': 0.7, 'deepth': 4, 'pod': 'ts-preserve-service-b5ccf8557-j4txs'}, {'events': '5_7', 'score': 0.7, 'deepth': 1, 'pod': 'ts-gateway-service-6f6cfc45b-h5m2n'}, {'events': '202_215', 'score': 0.6875, 'deepth': 9, 'pod': 'ts-seat-service-5c95b49cff-tdsdz'}, {'events': '323_333', 'score': 0.6744186046511628, 'deepth': 6, 'pod': 'ts-basic-service-5dc8d4f9fd-46997'}]
[INFO]2026-08-20 12:15:27,524 pattern_ranker.py:545: 2023-01-29 09:34:19 Inject RCA Pod Result:
[INFO]2026-08-20 12:15:27,524 pattern_ranker.py:546: 2023-01-29 09:34:19 Inject Ground Truth: ts-food-service-f5756978c-k8vqf, return
[INFO]2026-08-20 12:15:27,525 pattern_ranker.py:575: 2023-01-29 09:34:19 Inject Ground Truth: ts-food-service-f5756978c-k8vqf, return score 3
[INFO]2026-08-20 12:15:27,525 pattern_ranker.py:600: source :t.s.TravelServiceImpl#451, target: ts-travel-service HTTP POST start, score: 1.0, deepth: 7, pod ts-travel-service-64469b5b48-25zj6
[INFO]2026-08-20 12:15:27,525 pattern_ranker.py:600: source :ts-order-other-service /api/v1/orderOtherService/orderOther/{orderId} start, target: ts-order-other-service /api/v1/orderOtherService/orderOther/{orderId} end, score: 1.0, deepth: 5, pod ts-order-other-service-6cdbf9b4cc-h7mqk
[INFO]2026-08-20 12:15:27,525 pattern_ranker.py:600: source :ts-order-other-service /api/v1/orderOtherService/orderOther/{orderId} start, target: ts-order-other-service OrderOtherController.getOrderById start, score: 1.0, deepth: 5, pod ts-order-other-service-6cdbf9b4cc-h7mqk
[INFO]2026-08-20 12:15:27,526 pattern_ranker.py:600: source :f.s.FoodServiceImpl#240, target: f.s.FoodServiceImpl#243, score: 1.0, deepth: 4, pod ts-food-service-f5756978c-k8vqf
[INFO]2026-08-20 12:15:27,526 pattern_ranker.py:600: source :p.s.PreserveServiceImpl#142, target: ts-preserve-service PreserveController.preserve end, score: 1.0, deepth: 4, pod ts-preserve-service-b5ccf8557-j4txs
[INFO]2026-08-20 12:15:27,526 pattern_ranker.py:600: source :ts-preserve-service BasicErrorController.error start, target: ts-preserve-service BasicErrorController.error end, score: 1.0, deepth: 3, pod ts-preserve-service-b5ccf8557-j4txs
[INFO]2026-08-20 12:15:27,526 pattern_ranker.py:600: source :ts-preserve-service /api/v1/preserveservice/preserve start, target: ERROR o.a.c.c.C.[.[.[.[dispatcherServlet]#175, score: 1.0, deepth: 2, pod ts-preserve-service-b5ccf8557-j4txs
[INFO]2026-08-20 12:15:27,526 pattern_ranker.py:600: source :t.s.TravelServiceImpl#558, target: ts-travel-service HTTP POST start, score: 0.9090909090909091, deepth: 7, pod ts-travel-service-64469b5b48-25zj6
[INFO]2026-08-20 12:15:27,527 pattern_ranker.py:600: source :ts-auth-service HTTP GET start, target: ts-auth-service HTTP GET end, score: 0.8888888888888888, deepth: 4, pod ts-auth-service-7f8d7d756d-k7b9j
[INFO]2026-08-20 12:15:27,527 pattern_ranker.py:600: source :ts-auth-service HTTP GET start, target: ts-verification-code-service /api/v1/verifycode/verify/{verifyCode} start, score: 0.8888888888888888, deepth: 4, pod ts-auth-service-7f8d7d756d-k7b9j
[INFO]2026-08-20 12:15:27,527 pattern_ranker.py:602: 
[INFO]2026-08-20 12:15:32,363 data_integrate.py:481: []
[INFO]2026-08-20 12:15:34,844 data_integrate.py:550: Data Integrate Complete!
[INFO]2026-08-20 12:15:34,995 pattern_ranker.py:192: Soted Result List: [{'events': '597_596', 'score': 1.0, 'deepth': 7, 'pod': 'ts-verification-code-service-7b6dc75c45-2z9p2'}, {'events': '115_128', 'score': 1.0, 'deepth': 7, 'pod': 'ts-travel-service-64469b5b48-25zj6'}, {'events': '20_10', 'score': 1.0, 'deepth': 4, 'pod': 'ts-preserve-service-b5ccf8557-j4txs'}, {'events': '662_663', 'score': 1.0, 'deepth': 3, 'pod': 'ts-preserve-service-b5ccf8557-j4txs'}, {'events': '7_609', 'score': 1.0, 'deepth': 2, 'pod': 'ts-preserve-service-b5ccf8557-j4txs'}, {'events': '549_551', 'score': 0.8181818181818182, 'deepth': 4, 'pod': 'ts-execute-service-775f544d9-zqvjb'}, {'events': '119_128', 'score': 0.75, 'deepth': 7, 'pod': 'ts-travel-service-64469b5b48-25zj6'}, {'events': '601_620', 'score': 0.75, 'deepth': 4, 'pod': 'ts-auth-service-7f8d7d756d-k7b9j'}, {'events': '387_388', 'score': 0.7, 'deepth': 5, 'pod': 'ts-order-other-service-6cdbf9b4cc-h7mqk'}, {'events': '387_391', 'score': 0.7, 'deepth': 5, 'pod': 'ts-order-other-service-6cdbf9b4cc-h7mqk'}]
[INFO]2026-08-20 12:15:35,006 pattern_ranker.py:545: 2023-01-29 09:42:26 Inject RCA Pod Result:
[INFO]2026-08-20 12:15:35,006 pattern_ranker.py:546: 2023-01-29 09:42:26 Inject Ground Truth: ts-verification-code-service-7b6dc75c45-2z9p2, return
[INFO]2026-08-20 12:15:35,007 pattern_ranker.py:575: 2023-01-29 09:42:26 Inject Ground Truth: ts-verification-code-service-7b6dc75c45-2z9p2, return score 1
[INFO]2026-08-20 12:15:35,007 pattern_ranker.py:600: source :v.s.i.VerifyCodeServiceImpl#114, target: v.s.i.VerifyCodeServiceImpl#132, score: 1.0, deepth: 7, pod ts-verification-code-service-7b6dc75c45-2z9p2
[INFO]2026-08-20 12:15:35,007 pattern_ranker.py:600: source :t.s.TravelServiceImpl#451, target: ts-travel-service HTTP POST start, score: 1.0, deepth: 7, pod ts-travel-service-64469b5b48-25zj6
[INFO]2026-08-20 12:15:35,007 pattern_ranker.py:600: source :p.s.PreserveServiceImpl#142, target: ts-preserve-service PreserveController.preserve end, score: 1.0, deepth: 4, pod ts-preserve-service-b5ccf8557-j4txs
[INFO]2026-08-20 12:15:35,008 pattern_ranker.py:600: source :ts-preserve-service BasicErrorController.error start, target: ts-preserve-service BasicErrorController.error end, score: 1.0, deepth: 3, pod ts-preserve-service-b5ccf8557-j4txs
[INFO]2026-08-20 12:15:35,008 pattern_ranker.py:600: source :ts-preserve-service /api/v1/preserveservice/preserve start, target: ERROR o.a.c.c.C.[.[.[.[dispatcherServlet]#175, score: 1.0, deepth: 2, pod ts-preserve-service-b5ccf8557-j4txs
[INFO]2026-08-20 12:15:35,008 pattern_ranker.py:600: source :e.s.ExecuteServiceImpl#164, target: ts-execute-service HTTP GET start, score: 0.8181818181818182, deepth: 4, pod ts-execute-service-775f544d9-zqvjb
[INFO]2026-08-20 12:15:35,008 pattern_ranker.py:600: source :t.s.TravelServiceImpl#487, target: ts-travel-service HTTP POST start, score: 0.75, deepth: 7, pod ts-travel-service-64469b5b48-25zj6
[INFO]2026-08-20 12:15:35,009 pattern_ranker.py:600: source :a.c.UserController#43, target: ts-auth-service HTTP GET start, score: 0.75, deepth: 4, pod ts-auth-service-7f8d7d756d-k7b9j
[INFO]2026-08-20 12:15:35,009 pattern_ranker.py:600: source :ts-order-other-service /api/v1/orderOtherService/orderOther/{orderId} start, target: ts-order-other-service /api/v1/orderOtherService/orderOther/{orderId} end, score: 0.7, deepth: 5, pod ts-order-other-service-6cdbf9b4cc-h7mqk
[INFO]2026-08-20 12:15:35,009 pattern_ranker.py:600: source :ts-order-other-service /api/v1/orderOtherService/orderOther/{orderId} start, target: ts-order-other-service OrderOtherController.getOrderById start, score: 0.7, deepth: 5, pod ts-order-other-service-6cdbf9b4cc-h7mqk
[INFO]2026-08-20 12:15:35,009 pattern_ranker.py:602: 
[INFO]2026-08-20 12:15:37,874 data_integrate.py:481: []
[INFO]2026-08-20 12:15:39,424 data_integrate.py:550: Data Integrate Complete!
[INFO]2026-08-20 12:15:39,993 pattern_ranker.py:192: Soted Result List: [{'events': '597_596', 'score': 1.0, 'deepth': 7, 'pod': 'ts-verification-code-service-7b6dc75c45-2z9p2'}, {'events': '486_487', 'score': 1.0, 'deepth': 7, 'pod': 'ts-travel-service-64469b5b48-25zj6'}, {'events': '486_169', 'score': 1.0, 'deepth': 7, 'pod': 'ts-travel-service-64469b5b48-25zj6'}, {'events': '457_456', 'score': 1.0, 'deepth': 4, 'pod': 'ts-food-service-f5756978c-k8vqf'}, {'events': '457_463', 'score': 1.0, 'deepth': 4, 'pod': 'ts-food-service-f5756978c-k8vqf'}, {'events': '461_478', 'score': 1.0, 'deepth': 4, 'pod': 'ts-food-service-f5756978c-k8vqf'}, {'events': '20_10', 'score': 1.0, 'deepth': 4, 'pod': 'ts-preserve-service-b5ccf8557-j4txs'}, {'events': '662_663', 'score': 1.0, 'deepth': 3, 'pod': 'ts-preserve-service-b5ccf8557-j4txs'}, {'events': '7_609', 'score': 1.0, 'deepth': 2, 'pod': 'ts-preserve-service-b5ccf8557-j4txs'}, {'events': '452_453', 'score': 1.0, 'deepth': 2, 'pod': 'ts-food-service-f5756978c-k8vqf'}, {'events': '461_462', 'score': 0.9333333333333333, 'deepth': 4, 'pod': 'ts-food-service-f5756978c-k8vqf'}, {'events': '205_217', 'score': 0.8888888888888888, 'deepth': 10, 'pod': 'ts-seat-service-5c95b49cff-tdsdz'}, {'events': '459_461', 'score': 0.8888888888888888, 'deepth': 4, 'pod': 'ts-food-service-f5756978c-k8vqf'}, {'events': '450_452', 'score': 0.875, 'deepth': 1, 'pod': 'ts-gateway-service-6f6cfc45b-h5m2n'}, {'events': '132_145', 'score': 0.7692307692307693, 'deepth': 9, 'pod': 'ts-basic-service-5dc8d4f9fd-46997'}, {'events': '82_83', 'score': 0.75, 'deepth': 10, 'pod': 'ts-order-other-service-6cdbf9b4cc-h7mqk'}, {'events': '82_84', 'score': 0.75, 'deepth': 10, 'pod': 'ts-order-other-service-6cdbf9b4cc-h7mqk'}, {'events': '119_128', 'score': 0.75, 'deepth': 7, 'pod': 'ts-travel-service-64469b5b48-25zj6'}, {'events': '601_620', 'score': 0.75, 'deepth': 4, 'pod': 'ts-auth-service-7f8d7d756d-k7b9j'}, {'events': '208_215', 'score': 0.7358490566037735, 'deepth': 10, 'pod': 'ts-seat-service-5c95b49cff-tdsdz'}, {'events': '612_128', 'score': 0.7333333333333333, 'deepth': 4, 'pod': 'ts-travel-service-64469b5b48-25zj6'}, {'events': '88_89', 'score': 0.7272727272727273, 'deepth': 7, 'pod': 'ts-security-service-cb9788d56-mrzv2'}, {'events': '88_90', 'score': 0.7272727272727273, 'deepth': 7, 'pod': 'ts-security-service-cb9788d56-mrzv2'}, {'events': '40_41', 'score': 0.7272727272727273, 'deepth': 7, 'pod': 'ts-security-service-cb9788d56-mrzv2'}, {'events': '33_34', 'score': 0.7272727272727273, 'deepth': 5, 'pod': 'ts-security-service-cb9788d56-mrzv2'}, {'events': '33_35', 'score': 0.7272727272727273, 'deepth': 5, 'pod': 'ts-security-service-cb9788d56-mrzv2'}, {'events': '116_128', 'score': 0.7142857142857143, 'deepth': 7, 'pod': 'ts-travel-service-64469b5b48-25zj6'}, {'events': '192_193', 'score': 0.7, 'deepth': 13, 'pod': 'ts-price-service-76846864d9-g465z'}, {'events': '192_194', 'score': 0.7, 'deepth': 13, 'pod': 'ts-price-service-76846864d9-g465z'}, {'events': '130_131', 'score': 0.7, 'deepth': 8, 'pod': 'ts-basic-service-5dc8d4f9fd-46997'}, {'events': '130_132', 'score': 0.7, 'deepth': 8, 'pod': 'ts-basic-service-5dc8d4f9fd-46997'}, {'events': '102_103', 'score': 0.7, 'deepth': 7, 'pod': 'ts-contacts-service-866bd68c97-xcqfx'}, {'events': '102_104', 'score': 0.7, 'deepth': 7, 'pod': 'ts-contacts-service-866bd68c97-xcqfx'}, {'events': '102_106', 'score': 0.7, 'deepth': 7, 'pod': 'ts-contacts-service-866bd68c97-xcqfx'}, {'events': '94_95', 'score': 0.7, 'deepth': 5, 'pod': 'ts-contacts-service-866bd68c97-xcqfx'}, {'events': '94_96', 'score': 0.7, 'deepth': 5, 'pod': 'ts-contacts-service-866bd68c97-xcqfx'}, {'events': '29_33', 'score': 0.7, 'deepth': 4, 'pod': 'ts-preserve-service-b5ccf8557-j4txs'}, {'events': '5_7', 'score': 0.7, 'deepth': 1, 'pod': 'ts-gateway-service-6f6cfc45b-h5m2n'}, {'events': '114_117', 'score': 0.6875, 'deepth': 7, 'pod': 'ts-travel-service-64469b5b48-25zj6'}, {'events': '328_333', 'score': 0.68, 'deepth': 7, 'pod': 'ts-basic-service-5dc8d4f9fd-46997'}, {'events': '323_333', 'score': 0.6744186046511628, 'deepth': 6, 'pod': 'ts-basic-service-5dc8d4f9fd-46997'}]
[INFO]2026-08-20 12:15:40,004 pattern_ranker.py:545: 2023-01-29 09:49:34 Inject RCA Pod Result:
[INFO]2026-08-20 12:15:40,004 pattern_ranker.py:546: 2023-01-29 09:49:34 Inject Ground Truth: ts-verification-code-service-7b6dc75c45-2z9p2, return
[INFO]2026-08-20 12:15:40,005 pattern_ranker.py:575: 2023-01-29 09:49:34 Inject Ground Truth: ts-verification-code-service-7b6dc75c45-2z9p2, return score 1
[INFO]2026-08-20 12:15:40,005 pattern_ranker.py:600: source :v.s.i.VerifyCodeServiceImpl#114, target: v.s.i.VerifyCodeServiceImpl#132, score: 1.0, deepth: 7, pod ts-verification-code-service-7b6dc75c45-2z9p2
[INFO]2026-08-20 12:15:40,006 pattern_ranker.py:600: source :ts-travel-service HTTP GET start, target: ts-travel-service HTTP GET end, score: 1.0, deepth: 7, pod ts-travel-service-64469b5b48-25zj6
[INFO]2026-08-20 12:15:40,006 pattern_ranker.py:600: source :ts-travel-service HTTP GET start, target: ts-route-service /api/v1/routeservice/routes/{routeId} start, score: 1.0, deepth: 7, pod ts-travel-service-64469b5b48-25zj6
[INFO]2026-08-20 12:15:40,006 pattern_ranker.py:600: source :f.s.FoodServiceImpl#243, target: ERROR f.s.FoodServiceImpl#302, score: 1.0, deepth: 4, pod ts-food-service-f5756978c-k8vqf
[INFO]2026-08-20 12:15:40,006 pattern_ranker.py:600: source :f.s.FoodServiceImpl#243, target: ts-food-service HTTP POST start, score: 1.0, deepth: 4, pod ts-food-service-f5756978c-k8vqf
[INFO]2026-08-20 12:15:40,007 pattern_ranker.py:600: source :ts-food-service HTTP GET start, target: ts-travel-service /api/v1/travelservice/routes/{tripId} start, score: 1.0, deepth: 4, pod ts-food-service-f5756978c-k8vqf
[INFO]2026-08-20 12:15:40,007 pattern_ranker.py:600: source :p.s.PreserveServiceImpl#142, target: ts-preserve-service PreserveController.preserve end, score: 1.0, deepth: 4, pod ts-preserve-service-b5ccf8557-j4txs
[INFO]2026-08-20 12:15:40,007 pattern_ranker.py:600: source :ts-preserve-service BasicErrorController.error start, target: ts-preserve-service BasicErrorController.error end, score: 1.0, deepth: 3, pod ts-preserve-service-b5ccf8557-j4txs
[INFO]2026-08-20 12:15:40,007 pattern_ranker.py:600: source :ts-preserve-service /api/v1/preserveservice/preserve start, target: ERROR o.a.c.c.C.[.[.[.[dispatcherServlet]#175, score: 1.0, deepth: 2, pod ts-preserve-service-b5ccf8557-j4txs
[INFO]2026-08-20 12:15:40,008 pattern_ranker.py:600: source :ts-food-service /api/v1/foodservice/foods/{date}/{startStation}/{endStation}/{tripId} start, target: ts-food-service /api/v1/foodservice/foods/{date}/{startStation}/{endStation}/{tripId} end, score: 1.0, deepth: 2, pod ts-food-service-f5756978c-k8vqf
[INFO]2026-08-20 12:15:40,008 pattern_ranker.py:602: 
[INFO]2026-08-20 12:15:42,416 data_integrate.py:481: []
[INFO]2026-08-20 12:15:43,897 data_integrate.py:550: Data Integrate Complete!
[INFO]2026-08-20 12:15:44,701 pattern_ranker.py:192: Soted Result List: [{'events': '116_128', 'score': 1.0, 'deepth': 7, 'pod': 'ts-travel-service-64469b5b48-25zj6'}, {'events': '597_596', 'score': 1.0, 'deepth': 7, 'pod': 'ts-verification-code-service-7b6dc75c45-2z9p2'}, {'events': '486_487', 'score': 1.0, 'deepth': 7, 'pod': 'ts-travel-service-64469b5b48-25zj6'}, {'events': '486_169', 'score': 1.0, 'deepth': 7, 'pod': 'ts-travel-service-64469b5b48-25zj6'}, {'events': '115_128', 'score': 1.0, 'deepth': 7, 'pod': 'ts-travel-service-64469b5b48-25zj6'}, {'events': '20_10', 'score': 1.0, 'deepth': 4, 'pod': 'ts-preserve-service-b5ccf8557-j4txs'}, {'events': '662_663', 'score': 1.0, 'deepth': 3, 'pod': 'ts-preserve-service-b5ccf8557-j4txs'}, {'events': '7_609', 'score': 1.0, 'deepth': 2, 'pod': 'ts-preserve-service-b5ccf8557-j4txs'}, {'events': '450_452', 'score': 1.0, 'deepth': 1, 'pod': 'ts-gateway-service-6f6cfc45b-h5m2n'}, {'events': '114_117', 'score': 0.8461538461538461, 'deepth': 7, 'pod': 'ts-travel-service-64469b5b48-25zj6'}, {'events': '206_217', 'score': 0.8141592920353983, 'deepth': 10, 'pod': 'ts-seat-service-5c95b49cff-tdsdz'}, {'events': '207_215', 'score': 0.8125, 'deepth': 10, 'pod': 'ts-seat-service-5c95b49cff-tdsdz'}, {'events': '55_613', 'score': 0.8, 'deepth': 13, 'pod': 'ts-order-service-5b67c48447-mv5hb'}, {'events': '132_145', 'score': 0.8, 'deepth': 9, 'pod': 'ts-basic-service-5dc8d4f9fd-46997'}, {'events': '207_206', 'score': 0.7936507936507936, 'deepth': 10, 'pod': 'ts-seat-service-5c95b49cff-tdsdz'}, {'events': '202_215', 'score': 0.7857142857142857, 'deepth': 9, 'pod': 'ts-seat-service-5c95b49cff-tdsdz'}, {'events': '612_128', 'score': 0.7857142857142857, 'deepth': 4, 'pod': 'ts-travel-service-64469b5b48-25zj6'}, {'events': '29_33', 'score': 0.7777777777777778, 'deepth': 4, 'pod': 'ts-preserve-service-b5ccf8557-j4txs'}, {'events': '5_7', 'score': 0.7777777777777778, 'deepth': 1, 'pod': 'ts-gateway-service-6f6cfc45b-h5m2n'}, {'events': '611_128', 'score': 0.7741935483870968, 'deepth': 4, 'pod': 'ts-travel-service-64469b5b48-25zj6'}, {'events': '119_611', 'score': 0.7586206896551724, 'deepth': 7, 'pod': 'ts-travel-service-64469b5b48-25zj6'}, {'events': '5_632', 'score': 0.7586206896551724, 'deepth': 1, 'pod': 'ts-gateway-service-6f6cfc45b-h5m2n'}, {'events': '29_94', 'score': 0.75, 'deepth': 4, 'pod': 'ts-preserve-service-b5ccf8557-j4txs'}, {'events': '31_110', 'score': 0.75, 'deepth': 4, 'pod': 'ts-preserve-service-b5ccf8557-j4txs'}, {'events': '31_130', 'score': 0.75, 'deepth': 4, 'pod': 'ts-preserve-service-b5ccf8557-j4txs'}, {'events': '88_89', 'score': 0.7272727272727273, 'deepth': 7, 'pod': 'ts-security-service-cb9788d56-mrzv2'}, {'events': '88_90', 'score': 0.7272727272727273, 'deepth': 7, 'pod': 'ts-security-service-cb9788d56-mrzv2'}, {'events': '40_41', 'score': 0.7272727272727273, 'deepth': 7, 'pod': 'ts-security-service-cb9788d56-mrzv2'}, {'events': '331_333', 'score': 0.723404255319149, 'deepth': 7, 'pod': 'ts-basic-service-5dc8d4f9fd-46997'}, {'events': '188_192', 'score': 0.7142857142857143, 'deepth': 12, 'pod': 'ts-price-service-76846864d9-g465z'}, {'events': '328_333', 'score': 0.7083333333333334, 'deepth': 7, 'pod': 'ts-basic-service-5dc8d4f9fd-46997'}, {'events': '102_103', 'score': 0.7, 'deepth': 7, 'pod': 'ts-contacts-service-866bd68c97-xcqfx'}, {'events': '102_104', 'score': 0.7, 'deepth': 7, 'pod': 'ts-contacts-service-866bd68c97-xcqfx'}, {'events': '102_106', 'score': 0.7, 'deepth': 7, 'pod': 'ts-contacts-service-866bd68c97-xcqfx'}, {'events': '29_30', 'score': 0.6842105263157895, 'deepth': 4, 'pod': 'ts-preserve-service-b5ccf8557-j4txs'}]
[INFO]2026-08-20 12:15:44,711 pattern_ranker.py:545: 2023-01-29 09:58:04 Inject RCA Pod Result:
[INFO]2026-08-20 12:15:44,711 pattern_ranker.py:546: 2023-01-29 09:58:04 Inject Ground Truth: ts-verification-code-service-7b6dc75c45-2z9p2, return
[INFO]2026-08-20 12:15:44,712 pattern_ranker.py:575: 2023-01-29 09:58:04 Inject Ground Truth: ts-verification-code-service-7b6dc75c45-2z9p2, return score 2
[INFO]2026-08-20 12:15:44,712 pattern_ranker.py:600: source :t.s.TravelServiceImpl#558, target: ts-travel-service HTTP POST start, score: 1.0, deepth: 7, pod ts-travel-service-64469b5b48-25zj6
[INFO]2026-08-20 12:15:44,712 pattern_ranker.py:600: source :v.s.i.VerifyCodeServiceImpl#114, target: v.s.i.VerifyCodeServiceImpl#132, score: 1.0, deepth: 7, pod ts-verification-code-service-7b6dc75c45-2z9p2
[INFO]2026-08-20 12:15:44,713 pattern_ranker.py:600: source :ts-travel-service HTTP GET start, target: ts-travel-service HTTP GET end, score: 1.0, deepth: 7, pod ts-travel-service-64469b5b48-25zj6
[INFO]2026-08-20 12:15:44,713 pattern_ranker.py:600: source :ts-travel-service HTTP GET start, target: ts-route-service /api/v1/routeservice/routes/{routeId} start, score: 1.0, deepth: 7, pod ts-travel-service-64469b5b48-25zj6
[INFO]2026-08-20 12:15:44,713 pattern_ranker.py:600: source :t.s.TravelServiceImpl#451, target: ts-travel-service HTTP POST start, score: 1.0, deepth: 7, pod ts-travel-service-64469b5b48-25zj6
[INFO]2026-08-20 12:15:44,713 pattern_ranker.py:600: source :p.s.PreserveServiceImpl#142, target: ts-preserve-service PreserveController.preserve end, score: 1.0, deepth: 4, pod ts-preserve-service-b5ccf8557-j4txs
[INFO]2026-08-20 12:15:44,714 pattern_ranker.py:600: source :ts-preserve-service BasicErrorController.error start, target: ts-preserve-service BasicErrorController.error end, score: 1.0, deepth: 3, pod ts-preserve-service-b5ccf8557-j4txs
[INFO]2026-08-20 12:15:44,714 pattern_ranker.py:600: source :ts-preserve-service /api/v1/preserveservice/preserve start, target: ERROR o.a.c.c.C.[.[.[.[dispatcherServlet]#175, score: 1.0, deepth: 2, pod ts-preserve-service-b5ccf8557-j4txs
[INFO]2026-08-20 12:15:44,714 pattern_ranker.py:600: source :ts-gateway-service HTTP GET start, target: ts-food-service /api/v1/foodservice/foods/{date}/{startStation}/{endStation}/{tripId} start, score: 1.0, deepth: 1, pod ts-gateway-service-6f6cfc45b-h5m2n
[INFO]2026-08-20 12:15:44,714 pattern_ranker.py:600: source :t.s.TravelServiceImpl#457, target: t.s.TravelServiceImpl#548, score: 0.8461538461538461, deepth: 7, pod ts-travel-service-64469b5b48-25zj6
[INFO]2026-08-20 12:15:44,714 pattern_ranker.py:602: 
[INFO]2026-08-20 12:15:48,896 data_integrate.py:481: []
[INFO]2026-08-20 12:15:51,925 data_integrate.py:550: Data Integrate Complete!
[INFO]2026-08-20 12:15:52,277 pattern_ranker.py:192: Soted Result List: [{'events': '115_114', 'score': 1.0, 'deepth': 7, 'pod': 'ts-travel-service-64469b5b48-25zj6'}, {'events': '20_10', 'score': 1.0, 'deepth': 4, 'pod': 'ts-preserve-service-b5ccf8557-j4txs'}, {'events': '662_663', 'score': 0.875, 'deepth': 3, 'pod': 'ts-preserve-service-b5ccf8557-j4txs'}, {'events': '7_609', 'score': 0.875, 'deepth': 2, 'pod': 'ts-preserve-service-b5ccf8557-j4txs'}, {'events': '620_621', 'score': 0.8, 'deepth': 4, 'pod': 'ts-auth-service-7f8d7d756d-k7b9j'}, {'events': '620_622', 'score': 0.8, 'deepth': 4, 'pod': 'ts-auth-service-7f8d7d756d-k7b9j'}, {'events': '5_616', 'score': 0.8, 'deepth': 1, 'pod': 'ts-gateway-service-6f6cfc45b-h5m2n'}, {'events': '27_26', 'score': 0.7777777777777778, 'deepth': 4, 'pod': 'ts-preserve-service-b5ccf8557-j4txs'}, {'events': '29_33', 'score': 0.7777777777777778, 'deepth': 4, 'pod': 'ts-preserve-service-b5ccf8557-j4txs'}, {'events': '119_118', 'score': 0.75, 'deepth': 7, 'pod': 'ts-travel-service-64469b5b48-25zj6'}, {'events': '128_130', 'score': 0.75, 'deepth': 7, 'pod': 'ts-travel-service-64469b5b48-25zj6'}, {'events': '29_94', 'score': 0.75, 'deepth': 4, 'pod': 'ts-preserve-service-b5ccf8557-j4txs'}, {'events': '31_110', 'score': 0.75, 'deepth': 4, 'pod': 'ts-preserve-service-b5ccf8557-j4txs'}, {'events': '31_130', 'score': 0.75, 'deepth': 4, 'pod': 'ts-preserve-service-b5ccf8557-j4txs'}, {'events': '116_128', 'score': 0.7142857142857143, 'deepth': 7, 'pod': 'ts-travel-service-64469b5b48-25zj6'}, {'events': '5_7', 'score': 0.7, 'deepth': 1, 'pod': 'ts-gateway-service-6f6cfc45b-h5m2n'}, {'events': '208_215', 'score': 0.6842105263157895, 'deepth': 10, 'pod': 'ts-seat-service-5c95b49cff-tdsdz'}, {'events': '323_333', 'score': 0.6744186046511628, 'deepth': 6, 'pod': 'ts-basic-service-5dc8d4f9fd-46997'}, {'events': '206_217', 'score': 0.6715328467153284, 'deepth': 10, 'pod': 'ts-seat-service-5c95b49cff-tdsdz'}]
[INFO]2026-08-20 12:15:52,287 pattern_ranker.py:545: 2023-01-29 10:04:34 Inject RCA Pod Result:
[INFO]2026-08-20 12:15:52,287 pattern_ranker.py:546: 2023-01-29 10:04:34 Inject Ground Truth: ts-travel-service-64469b5b48-25zj6, exception
[INFO]2026-08-20 12:15:52,287 pattern_ranker.py:575: 2023-01-29 10:04:34 Inject Ground Truth: ts-travel-service-64469b5b48-25zj6, exception score 1
[INFO]2026-08-20 12:15:52,287 pattern_ranker.py:600: source :t.s.TravelServiceImpl#451, target: t.s.TravelServiceImpl#457, score: 1.0, deepth: 7, pod ts-travel-service-64469b5b48-25zj6
[INFO]2026-08-20 12:15:52,287 pattern_ranker.py:600: source :p.s.PreserveServiceImpl#142, target: ts-preserve-service PreserveController.preserve end, score: 1.0, deepth: 4, pod ts-preserve-service-b5ccf8557-j4txs
[INFO]2026-08-20 12:15:52,288 pattern_ranker.py:600: source :ts-preserve-service BasicErrorController.error start, target: ts-preserve-service BasicErrorController.error end, score: 0.875, deepth: 3, pod ts-preserve-service-b5ccf8557-j4txs
[INFO]2026-08-20 12:15:52,288 pattern_ranker.py:600: source :ts-preserve-service /api/v1/preserveservice/preserve start, target: ERROR o.a.c.c.C.[.[.[.[dispatcherServlet]#175, score: 0.875, deepth: 2, pod ts-preserve-service-b5ccf8557-j4txs
[INFO]2026-08-20 12:15:52,288 pattern_ranker.py:600: source :ts-auth-service HTTP GET start, target: ts-auth-service HTTP GET end, score: 0.8, deepth: 4, pod ts-auth-service-7f8d7d756d-k7b9j
[INFO]2026-08-20 12:15:52,290 pattern_ranker.py:600: source :ts-auth-service HTTP GET start, target: ts-verification-code-service /api/v1/verifycode/verify/{verifyCode} start, score: 0.8, deepth: 4, pod ts-auth-service-7f8d7d756d-k7b9j
[INFO]2026-08-20 12:15:52,290 pattern_ranker.py:600: source :ts-gateway-service HTTP POST start, target: ts-auth-service /api/v1/users/login start, score: 0.8, deepth: 1, pod ts-gateway-service-6f6cfc45b-h5m2n
[INFO]2026-08-20 12:15:52,290 pattern_ranker.py:600: source :p.s.PreserveServiceImpl#346, target: p.s.PreserveServiceImpl#57, score: 0.7777777777777778, deepth: 4, pod ts-preserve-service-b5ccf8557-j4txs
[INFO]2026-08-20 12:15:52,290 pattern_ranker.py:600: source :ts-preserve-service HTTP GET start, target: ts-security-service /api/v1/securityservice/securityConfigs/{accountId} start, score: 0.7777777777777778, deepth: 4, pod ts-preserve-service-b5ccf8557-j4txs
[INFO]2026-08-20 12:15:52,290 pattern_ranker.py:600: source :t.s.TravelServiceImpl#487, target: t.s.TravelServiceImpl#392, score: 0.75, deepth: 7, pod ts-travel-service-64469b5b48-25zj6
[INFO]2026-08-20 12:15:52,290 pattern_ranker.py:602: 
[INFO]2026-08-20 12:15:55,002 data_integrate.py:481: []
[INFO]2026-08-20 12:15:57,099 data_integrate.py:550: Data Integrate Complete!
[INFO]2026-08-20 12:15:57,881 pattern_ranker.py:192: Soted Result List: [{'events': '115_114', 'score': 1.0, 'deepth': 7, 'pod': 'ts-travel-service-64469b5b48-25zj6'}, {'events': '387_388', 'score': 1.0, 'deepth': 5, 'pod': 'ts-order-other-service-6cdbf9b4cc-h7mqk'}, {'events': '387_391', 'score': 1.0, 'deepth': 5, 'pod': 'ts-order-other-service-6cdbf9b4cc-h7mqk'}, {'events': '20_10', 'score': 1.0, 'deepth': 4, 'pod': 'ts-preserve-service-b5ccf8557-j4txs'}, {'events': '549_551', 'score': 0.9, 'deepth': 4, 'pod': 'ts-execute-service-775f544d9-zqvjb'}, {'events': '662_663', 'score': 0.875, 'deepth': 3, 'pod': 'ts-preserve-service-b5ccf8557-j4txs'}, {'events': '7_609', 'score': 0.875, 'deepth': 2, 'pod': 'ts-preserve-service-b5ccf8557-j4txs'}, {'events': '323_333', 'score': 0.7837837837837838, 'deepth': 6, 'pod': 'ts-basic-service-5dc8d4f9fd-46997'}, {'events': '207_215', 'score': 0.7761194029850746, 'deepth': 10, 'pod': 'ts-seat-service-5c95b49cff-tdsdz'}, {'events': '328_333', 'score': 0.7727272727272727, 'deepth': 7, 'pod': 'ts-basic-service-5dc8d4f9fd-46997'}, {'events': '55_613', 'score': 0.7719298245614035, 'deepth': 13, 'pod': 'ts-order-service-5b67c48447-mv5hb'}, {'events': '208_215', 'score': 0.7647058823529411, 'deepth': 10, 'pod': 'ts-seat-service-5c95b49cff-tdsdz'}, {'events': '206_217', 'score': 0.7603305785123967, 'deepth': 10, 'pod': 'ts-seat-service-5c95b49cff-tdsdz'}, {'events': '611_117', 'score': 0.7586206896551724, 'deepth': 4, 'pod': 'ts-travel-service-64469b5b48-25zj6'}, {'events': '632_633', 'score': 0.7586206896551724, 'deepth': 2, 'pod': 'ts-travel-service-64469b5b48-25zj6'}, {'events': '207_206', 'score': 0.7575757575757576, 'deepth': 10, 'pod': 'ts-seat-service-5c95b49cff-tdsdz'}, {'events': '331_333', 'score': 0.7555555555555555, 'deepth': 7, 'pod': 'ts-basic-service-5dc8d4f9fd-46997'}, {'events': '119_128', 'score': 0.75, 'deepth': 7, 'pod': 'ts-travel-service-64469b5b48-25zj6'}, {'events': '611_128', 'score': 0.75, 'deepth': 4, 'pod': 'ts-travel-service-64469b5b48-25zj6'}, {'events': '601_620', 'score': 0.75, 'deepth': 4, 'pod': 'ts-auth-service-7f8d7d756d-k7b9j'}, {'events': '132_145', 'score': 0.7407407407407407, 'deepth': 9, 'pod': 'ts-basic-service-5dc8d4f9fd-46997'}, {'events': '459_461', 'score': 0.7272727272727273, 'deepth': 4, 'pod': 'ts-food-service-f5756978c-k8vqf'}, {'events': '319_321', 'score': 0.7142857142857143, 'deepth': 7, 'pod': 'ts-travel2-service-5c66d57d58-6mp2b'}, {'events': '309_308', 'score': 0.7142857142857143, 'deepth': 4, 'pod': 'ts-travel2-service-5c66d57d58-6mp2b'}, {'events': '486_487', 'score': 0.7, 'deepth': 7, 'pod': 'ts-travel-service-64469b5b48-25zj6'}, {'events': '486_169', 'score': 0.7, 'deepth': 7, 'pod': 'ts-travel-service-64469b5b48-25zj6'}, {'events': '29_33', 'score': 0.7, 'deepth': 4, 'pod': 'ts-preserve-service-b5ccf8557-j4txs'}, {'events': '310_319', 'score': 0.7, 'deepth': 4, 'pod': 'ts-travel2-service-5c66d57d58-6mp2b'}, {'events': '5_7', 'score': 0.7, 'deepth': 1, 'pod': 'ts-gateway-service-6f6cfc45b-h5m2n'}, {'events': '450_452', 'score': 0.7, 'deepth': 1, 'pod': 'ts-gateway-service-6f6cfc45b-h5m2n'}, {'events': '82_83', 'score': 0.6923076923076923, 'deepth': 10, 'pod': 'ts-order-other-service-6cdbf9b4cc-h7mqk'}, {'events': '82_84', 'score': 0.6923076923076923, 'deepth': 10, 'pod': 'ts-order-other-service-6cdbf9b4cc-h7mqk'}, {'events': '309_319', 'score': 0.6923076923076923, 'deepth': 4, 'pod': 'ts-travel2-service-5c66d57d58-6mp2b'}, {'events': '612_128', 'score': 0.6875, 'deepth': 4, 'pod': 'ts-travel-service-64469b5b48-25zj6'}, {'events': '1_450', 'score': 0.6818181818181818, 'deepth': 1, 'pod': 'frontend-579b9bff58-t2dbm'}]
[INFO]2026-08-20 12:15:57,890 pattern_ranker.py:545: 2023-01-29 10:12:48 Inject RCA Pod Result:
[INFO]2026-08-20 12:15:57,890 pattern_ranker.py:546: 2023-01-29 10:12:48 Inject Ground Truth: ts-travel-service-64469b5b48-25zj6, exception
[INFO]2026-08-20 12:15:57,890 pattern_ranker.py:575: 2023-01-29 10:12:48 Inject Ground Truth: ts-travel-service-64469b5b48-25zj6, exception score 1
[INFO]2026-08-20 12:15:57,890 pattern_ranker.py:600: source :t.s.TravelServiceImpl#451, target: t.s.TravelServiceImpl#457, score: 1.0, deepth: 7, pod ts-travel-service-64469b5b48-25zj6
[INFO]2026-08-20 12:15:57,890 pattern_ranker.py:600: source :ts-order-other-service /api/v1/orderOtherService/orderOther/{orderId} start, target: ts-order-other-service /api/v1/orderOtherService/orderOther/{orderId} end, score: 1.0, deepth: 5, pod ts-order-other-service-6cdbf9b4cc-h7mqk
[INFO]2026-08-20 12:15:57,891 pattern_ranker.py:600: source :ts-order-other-service /api/v1/orderOtherService/orderOther/{orderId} start, target: ts-order-other-service OrderOtherController.getOrderById start, score: 1.0, deepth: 5, pod ts-order-other-service-6cdbf9b4cc-h7mqk
[INFO]2026-08-20 12:15:57,891 pattern_ranker.py:600: source :p.s.PreserveServiceImpl#142, target: ts-preserve-service PreserveController.preserve end, score: 1.0, deepth: 4, pod ts-preserve-service-b5ccf8557-j4txs
[INFO]2026-08-20 12:15:57,891 pattern_ranker.py:600: source :e.s.ExecuteServiceImpl#164, target: ts-execute-service HTTP GET start, score: 0.9, deepth: 4, pod ts-execute-service-775f544d9-zqvjb
[INFO]2026-08-20 12:15:57,891 pattern_ranker.py:600: source :ts-preserve-service BasicErrorController.error start, target: ts-preserve-service BasicErrorController.error end, score: 0.875, deepth: 3, pod ts-preserve-service-b5ccf8557-j4txs
[INFO]2026-08-20 12:15:57,892 pattern_ranker.py:600: source :ts-preserve-service /api/v1/preserveservice/preserve start, target: ERROR o.a.c.c.C.[.[.[.[dispatcherServlet]#175, score: 0.875, deepth: 2, pod ts-preserve-service-b5ccf8557-j4txs
[INFO]2026-08-20 12:15:57,892 pattern_ranker.py:600: source :ts-basic-service BasicController.queryForTravels start, target: ts-basic-service HTTP POST start, score: 0.7837837837837838, deepth: 6, pod ts-basic-service-5dc8d4f9fd-46997
[INFO]2026-08-20 12:15:57,892 pattern_ranker.py:600: source :s.s.SeatServiceImpl#137, target: ts-seat-service HTTP POST start, score: 0.7761194029850746, deepth: 10, pod ts-seat-service-5c95b49cff-tdsdz
[INFO]2026-08-20 12:15:57,892 pattern_ranker.py:600: source :f.m.s.BasicServiceImpl#418, target: ts-basic-service HTTP POST start, score: 0.7727272727272727, deepth: 7, pod ts-basic-service-5dc8d4f9fd-46997
[INFO]2026-08-20 12:15:57,892 pattern_ranker.py:602: 
[INFO]2026-08-20 12:15:59,879 data_integrate.py:481: []
[INFO]2026-08-20 12:16:01,499 data_integrate.py:550: Data Integrate Complete!
[INFO]2026-08-20 12:16:02,601 pattern_ranker.py:192: Soted Result List: [{'events': '115_114', 'score': 1.0, 'deepth': 7, 'pod': 'ts-travel-service-64469b5b48-25zj6'}, {'events': '486_487', 'score': 1.0, 'deepth': 7, 'pod': 'ts-travel-service-64469b5b48-25zj6'}, {'events': '486_169', 'score': 1.0, 'deepth': 7, 'pod': 'ts-travel-service-64469b5b48-25zj6'}, {'events': '119_128', 'score': 1.0, 'deepth': 7, 'pod': 'ts-travel-service-64469b5b48-25zj6'}, {'events': '450_452', 'score': 1.0, 'deepth': 1, 'pod': 'ts-gateway-service-6f6cfc45b-h5m2n'}, {'events': '132_145', 'score': 0.9090909090909091, 'deepth': 9, 'pod': 'ts-basic-service-5dc8d4f9fd-46997'}, {'events': '82_83', 'score': 0.9, 'deepth': 10, 'pod': 'ts-order-other-service-6cdbf9b4cc-h7mqk'}, {'events': '82_84', 'score': 0.9, 'deepth': 10, 'pod': 'ts-order-other-service-6cdbf9b4cc-h7mqk'}, {'events': '309_319', 'score': 0.9, 'deepth': 4, 'pod': 'ts-travel2-service-5c66d57d58-6mp2b'}, {'events': '61_62', 'score': 0.8888888888888888, 'deepth': 10, 'pod': 'ts-order-service-5b67c48447-mv5hb'}, {'events': '61_67', 'score': 0.8888888888888888, 'deepth': 10, 'pod': 'ts-order-service-5b67c48447-mv5hb'}, {'events': '205_217', 'score': 0.8888888888888888, 'deepth': 10, 'pod': 'ts-seat-service-5c95b49cff-tdsdz'}, {'events': '41_42', 'score': 0.8888888888888888, 'deepth': 7, 'pod': 'ts-security-service-cb9788d56-mrzv2'}, {'events': '88_89', 'score': 0.8888888888888888, 'deepth': 7, 'pod': 'ts-security-service-cb9788d56-mrzv2'}, {'events': '88_90', 'score': 0.8888888888888888, 'deepth': 7, 'pod': 'ts-security-service-cb9788d56-mrzv2'}, {'events': '41_43', 'score': 0.8888888888888888, 'deepth': 7, 'pod': 'ts-security-service-cb9788d56-mrzv2'}, {'events': '41_77', 'score': 0.8888888888888888, 'deepth': 7, 'pod': 'ts-security-service-cb9788d56-mrzv2'}, {'events': '33_34', 'score': 0.8888888888888888, 'deepth': 5, 'pod': 'ts-security-service-cb9788d56-mrzv2'}, {'events': '33_35', 'score': 0.8888888888888888, 'deepth': 5, 'pod': 'ts-security-service-cb9788d56-mrzv2'}, {'events': '215_369', 'score': 0.8823529411764706, 'deepth': 10, 'pod': 'ts-seat-service-5c95b49cff-tdsdz'}, {'events': '207_215', 'score': 0.8813559322033898, 'deepth': 10, 'pod': 'ts-seat-service-5c95b49cff-tdsdz'}, {'events': '192_193', 'score': 0.875, 'deepth': 13, 'pod': 'ts-price-service-76846864d9-g465z'}, {'events': '192_194', 'score': 0.875, 'deepth': 13, 'pod': 'ts-price-service-76846864d9-g465z'}, {'events': '130_131', 'score': 0.875, 'deepth': 8, 'pod': 'ts-basic-service-5dc8d4f9fd-46997'}, {'events': '130_132', 'score': 0.875, 'deepth': 8, 'pod': 'ts-basic-service-5dc8d4f9fd-46997'}, {'events': '102_103', 'score': 0.875, 'deepth': 7, 'pod': 'ts-contacts-service-866bd68c97-xcqfx'}, {'events': '102_104', 'score': 0.875, 'deepth': 7, 'pod': 'ts-contacts-service-866bd68c97-xcqfx'}, {'events': '102_106', 'score': 0.875, 'deepth': 7, 'pod': 'ts-contacts-service-866bd68c97-xcqfx'}, {'events': '94_95', 'score': 0.875, 'deepth': 5, 'pod': 'ts-contacts-service-866bd68c97-xcqfx'}, {'events': '94_96', 'score': 0.875, 'deepth': 5, 'pod': 'ts-contacts-service-866bd68c97-xcqfx'}, {'events': '29_33', 'score': 0.875, 'deepth': 4, 'pod': 'ts-preserve-service-b5ccf8557-j4txs'}, {'events': '662_663', 'score': 0.875, 'deepth': 3, 'pod': 'ts-preserve-service-b5ccf8557-j4txs'}, {'events': '5_7', 'score': 0.875, 'deepth': 1, 'pod': 'ts-gateway-service-6f6cfc45b-h5m2n'}, {'events': '29_30', 'score': 0.8666666666666667, 'deepth': 4, 'pod': 'ts-preserve-service-b5ccf8557-j4txs'}, {'events': '55_54', 'score': 0.8571428571428571, 'deepth': 13, 'pod': 'ts-order-service-5b67c48447-mv5hb'}, {'events': '119_118', 'score': 0.8571428571428571, 'deepth': 7, 'pod': 'ts-travel-service-64469b5b48-25zj6'}, {'events': '115_128', 'score': 0.8571428571428571, 'deepth': 7, 'pod': 'ts-travel-service-64469b5b48-25zj6'}, {'events': '31_32', 'score': 0.8571428571428571, 'deepth': 4, 'pod': 'ts-preserve-service-b5ccf8557-j4txs'}, {'events': '29_94', 'score': 0.8571428571428571, 'deepth': 4, 'pod': 'ts-preserve-service-b5ccf8557-j4txs'}, {'events': '31_110', 'score': 0.8571428571428571, 'deepth': 4, 'pod': 'ts-preserve-service-b5ccf8557-j4txs'}, {'events': '31_130', 'score': 0.8571428571428571, 'deepth': 4, 'pod': 'ts-preserve-service-b5ccf8557-j4txs'}, {'events': '601_620', 'score': 0.8571428571428571, 'deepth': 4, 'pod': 'ts-auth-service-7f8d7d756d-k7b9j'}, {'events': '301_302', 'score': 0.8571428571428571, 'deepth': 2, 'pod': 'ts-travel2-service-5c66d57d58-6mp2b'}, {'events': '208_215', 'score': 0.8478260869565217, 'deepth': 10, 'pod': 'ts-seat-service-5c95b49cff-tdsdz'}, {'events': '202_215', 'score': 0.8461538461538461, 'deepth': 9, 'pod': 'ts-seat-service-5c95b49cff-tdsdz'}, {'events': '207_368', 'score': 0.8333333333333334, 'deepth': 10, 'pod': 'ts-seat-service-5c95b49cff-tdsdz'}, {'events': '611_117', 'score': 0.7857142857142857, 'deepth': 4, 'pod': 'ts-travel-service-64469b5b48-25zj6'}, {'events': '612_128', 'score': 0.7857142857142857, 'deepth': 4, 'pod': 'ts-travel-service-64469b5b48-25zj6'}, {'events': '632_633', 'score': 0.7857142857142857, 'deepth': 2, 'pod': 'ts-travel-service-64469b5b48-25zj6'}, {'events': '329_333', 'score': 0.7777777777777778, 'deepth': 7, 'pod': 'ts-basic-service-5dc8d4f9fd-46997'}, {'events': '331_333', 'score': 0.7727272727272727, 'deepth': 7, 'pod': 'ts-basic-service-5dc8d4f9fd-46997'}, {'events': '611_128', 'score': 0.7272727272727273, 'deepth': 4, 'pod': 'ts-travel-service-64469b5b48-25zj6'}, {'events': '5_616', 'score': 0.7272727272727273, 'deepth': 1, 'pod': 'ts-gateway-service-6f6cfc45b-h5m2n'}, {'events': '309_308', 'score': 0.7142857142857143, 'deepth': 4, 'pod': 'ts-travel2-service-5c66d57d58-6mp2b'}, {'events': '1_450', 'score': 0.7142857142857143, 'deepth': 1, 'pod': 'frontend-579b9bff58-t2dbm'}, {'events': '549_551', 'score': 0.6923076923076923, 'deepth': 4, 'pod': 'ts-execute-service-775f544d9-zqvjb'}]
[INFO]2026-08-20 12:16:02,609 pattern_ranker.py:545: 2023-01-29 10:20:10 Inject RCA Pod Result:
[INFO]2026-08-20 12:16:02,609 pattern_ranker.py:546: 2023-01-29 10:20:10 Inject Ground Truth: ts-travel-service-64469b5b48-25zj6, exception
[INFO]2026-08-20 12:16:02,609 pattern_ranker.py:575: 2023-01-29 10:20:10 Inject Ground Truth: ts-travel-service-64469b5b48-25zj6, exception score 1
[INFO]2026-08-20 12:16:02,609 pattern_ranker.py:600: source :t.s.TravelServiceImpl#451, target: t.s.TravelServiceImpl#457, score: 1.0, deepth: 7, pod ts-travel-service-64469b5b48-25zj6
[INFO]2026-08-20 12:16:02,609 pattern_ranker.py:600: source :ts-travel-service HTTP GET start, target: ts-travel-service HTTP GET end, score: 1.0, deepth: 7, pod ts-travel-service-64469b5b48-25zj6
[INFO]2026-08-20 12:16:02,610 pattern_ranker.py:600: source :ts-travel-service HTTP GET start, target: ts-route-service /api/v1/routeservice/routes/{routeId} start, score: 1.0, deepth: 7, pod ts-travel-service-64469b5b48-25zj6
[INFO]2026-08-20 12:16:02,610 pattern_ranker.py:600: source :t.s.TravelServiceImpl#487, target: ts-travel-service HTTP POST start, score: 1.0, deepth: 7, pod ts-travel-service-64469b5b48-25zj6
[INFO]2026-08-20 12:16:02,610 pattern_ranker.py:600: source :ts-gateway-service HTTP GET start, target: ts-food-service /api/v1/foodservice/foods/{date}/{startStation}/{endStation}/{tripId} start, score: 1.0, deepth: 1, pod ts-gateway-service-6f6cfc45b-h5m2n
[INFO]2026-08-20 12:16:02,610 pattern_ranker.py:600: source :ts-basic-service BasicController.queryForTravel start, target: ts-basic-service HTTP GET start, score: 0.9090909090909091, deepth: 9, pod ts-basic-service-5dc8d4f9fd-46997
[INFO]2026-08-20 12:16:02,610 pattern_ranker.py:600: source :ts-order-other-service OrderOtherRepository.findByAccountId start, target: ts-order-other-service OrderOtherRepository.findByAccountId end, score: 0.9, deepth: 10, pod ts-order-other-service-6cdbf9b4cc-h7mqk
[INFO]2026-08-20 12:16:02,610 pattern_ranker.py:600: source :ts-order-other-service OrderOtherRepository.findByAccountId start, target: ts-order-other-service SELECT Order start, score: 0.9, deepth: 10, pod ts-order-other-service-6cdbf9b4cc-h7mqk
[INFO]2026-08-20 12:16:02,611 pattern_ranker.py:600: source :t.s.TravelServiceImpl#260, target: ts-travel2-service HTTP POST start, score: 0.9, deepth: 4, pod ts-travel2-service-5c66d57d58-6mp2b
[INFO]2026-08-20 12:16:02,611 pattern_ranker.py:600: source :ts-order-service OrderRepository.findByAccountId start, target: ts-order-service OrderRepository.findByAccountId end, score: 0.8888888888888888, deepth: 10, pod ts-order-service-5b67c48447-mv5hb
[INFO]2026-08-20 12:16:02,611 pattern_ranker.py:602: 
[INFO]2026-08-20 12:16:07,295 data_integrate.py:481: []
[INFO]2026-08-20 12:16:09,828 data_integrate.py:550: Data Integrate Complete!
[INFO]2026-08-20 12:16:09,963 pattern_ranker.py:192: Soted Result List: [{'events': '306_305', 'score': 1.0, 'deepth': 7, 'pod': 'ts-travel2-service-5c66d57d58-6mp2b'}, {'events': '119_128', 'score': 1.0, 'deepth': 7, 'pod': 'ts-travel-service-64469b5b48-25zj6'}, {'events': '20_10', 'score': 1.0, 'deepth': 4, 'pod': 'ts-preserve-service-b5ccf8557-j4txs'}, {'events': '662_663', 'score': 1.0, 'deepth': 3, 'pod': 'ts-preserve-service-b5ccf8557-j4txs'}, {'events': '7_609', 'score': 1.0, 'deepth': 2, 'pod': 'ts-preserve-service-b5ccf8557-j4txs'}, {'events': '549_551', 'score': 0.8181818181818182, 'deepth': 4, 'pod': 'ts-execute-service-775f544d9-zqvjb'}, {'events': '601_620', 'score': 0.75, 'deepth': 4, 'pod': 'ts-auth-service-7f8d7d756d-k7b9j'}, {'events': '387_388', 'score': 0.7, 'deepth': 5, 'pod': 'ts-order-other-service-6cdbf9b4cc-h7mqk'}, {'events': '387_391', 'score': 0.7, 'deepth': 5, 'pod': 'ts-order-other-service-6cdbf9b4cc-h7mqk'}, {'events': '29_33', 'score': 0.7, 'deepth': 4, 'pod': 'ts-preserve-service-b5ccf8557-j4txs'}, {'events': '5_7', 'score': 0.7, 'deepth': 1, 'pod': 'ts-gateway-service-6f6cfc45b-h5m2n'}, {'events': '612_128', 'score': 0.6875, 'deepth': 4, 'pod': 'ts-travel-service-64469b5b48-25zj6'}]
[INFO]2026-08-20 12:16:09,974 pattern_ranker.py:545: 2023-01-29 10:26:20 Inject RCA Pod Result:
[INFO]2026-08-20 12:16:09,974 pattern_ranker.py:546: 2023-01-29 10:26:20 Inject Ground Truth: ts-travel2-service-5c66d57d58-6mp2b, exception
[INFO]2026-08-20 12:16:09,975 pattern_ranker.py:575: 2023-01-29 10:26:20 Inject Ground Truth: ts-travel2-service-5c66d57d58-6mp2b, exception score 1
[INFO]2026-08-20 12:16:09,975 pattern_ranker.py:600: source :t.s.TravelServiceImpl#366, target: t.s.TravelServiceImpl#372, score: 1.0, deepth: 7, pod ts-travel2-service-5c66d57d58-6mp2b
[INFO]2026-08-20 12:16:09,975 pattern_ranker.py:600: source :t.s.TravelServiceImpl#487, target: ts-travel-service HTTP POST start, score: 1.0, deepth: 7, pod ts-travel-service-64469b5b48-25zj6
[INFO]2026-08-20 12:16:09,975 pattern_ranker.py:600: source :p.s.PreserveServiceImpl#142, target: ts-preserve-service PreserveController.preserve end, score: 1.0, deepth: 4, pod ts-preserve-service-b5ccf8557-j4txs
[INFO]2026-08-20 12:16:09,975 pattern_ranker.py:600: source :ts-preserve-service BasicErrorController.error start, target: ts-preserve-service BasicErrorController.error end, score: 1.0, deepth: 3, pod ts-preserve-service-b5ccf8557-j4txs
[INFO]2026-08-20 12:16:09,976 pattern_ranker.py:600: source :ts-preserve-service /api/v1/preserveservice/preserve start, target: ERROR o.a.c.c.C.[.[.[.[dispatcherServlet]#175, score: 1.0, deepth: 2, pod ts-preserve-service-b5ccf8557-j4txs
[INFO]2026-08-20 12:16:09,976 pattern_ranker.py:600: source :e.s.ExecuteServiceImpl#164, target: ts-execute-service HTTP GET start, score: 0.8181818181818182, deepth: 4, pod ts-execute-service-775f544d9-zqvjb
[INFO]2026-08-20 12:16:09,976 pattern_ranker.py:600: source :a.c.UserController#43, target: ts-auth-service HTTP GET start, score: 0.75, deepth: 4, pod ts-auth-service-7f8d7d756d-k7b9j
[INFO]2026-08-20 12:16:09,977 pattern_ranker.py:600: source :ts-order-other-service /api/v1/orderOtherService/orderOther/{orderId} start, target: ts-order-other-service /api/v1/orderOtherService/orderOther/{orderId} end, score: 0.7, deepth: 5, pod ts-order-other-service-6cdbf9b4cc-h7mqk
[INFO]2026-08-20 12:16:09,977 pattern_ranker.py:600: source :ts-order-other-service /api/v1/orderOtherService/orderOther/{orderId} start, target: ts-order-other-service OrderOtherController.getOrderById start, score: 0.7, deepth: 5, pod ts-order-other-service-6cdbf9b4cc-h7mqk
[INFO]2026-08-20 12:16:09,977 pattern_ranker.py:600: source :ts-preserve-service HTTP GET start, target: ts-security-service /api/v1/securityservice/securityConfigs/{accountId} start, score: 0.7, deepth: 4, pod ts-preserve-service-b5ccf8557-j4txs
[INFO]2026-08-20 12:16:09,977 pattern_ranker.py:602: 
[INFO]2026-08-20 12:16:14,347 data_integrate.py:481: []
[INFO]2026-08-20 12:16:16,629 data_integrate.py:550: Data Integrate Complete!
[INFO]2026-08-20 12:16:16,910 pattern_ranker.py:192: Soted Result List: [{'events': '306_305', 'score': 1.0, 'deepth': 7, 'pod': 'ts-travel2-service-5c66d57d58-6mp2b'}, {'events': '20_10', 'score': 1.0, 'deepth': 4, 'pod': 'ts-preserve-service-b5ccf8557-j4txs'}, {'events': '662_663', 'score': 1.0, 'deepth': 3, 'pod': 'ts-preserve-service-b5ccf8557-j4txs'}, {'events': '7_609', 'score': 1.0, 'deepth': 2, 'pod': 'ts-preserve-service-b5ccf8557-j4txs'}, {'events': '601_620', 'score': 0.8571428571428571, 'deepth': 4, 'pod': 'ts-auth-service-7f8d7d756d-k7b9j'}, {'events': '329_333', 'score': 0.8235294117647058, 'deepth': 7, 'pod': 'ts-basic-service-5dc8d4f9fd-46997'}, {'events': '459_461', 'score': 0.8, 'deepth': 4, 'pod': 'ts-food-service-f5756978c-k8vqf'}, {'events': '116_128', 'score': 0.7692307692307693, 'deepth': 7, 'pod': 'ts-travel-service-64469b5b48-25zj6'}, {'events': '119_128', 'score': 0.75, 'deepth': 7, 'pod': 'ts-travel-service-64469b5b48-25zj6'}, {'events': '551_553', 'score': 0.7272727272727273, 'deepth': 4, 'pod': 'ts-execute-service-775f544d9-zqvjb'}, {'events': '5_616', 'score': 0.7272727272727273, 'deepth': 1, 'pod': 'ts-gateway-service-6f6cfc45b-h5m2n'}, {'events': '486_487', 'score': 0.7, 'deepth': 7, 'pod': 'ts-travel-service-64469b5b48-25zj6'}, {'events': '486_169', 'score': 0.7, 'deepth': 7, 'pod': 'ts-travel-service-64469b5b48-25zj6'}, {'events': '450_452', 'score': 0.7, 'deepth': 1, 'pod': 'ts-gateway-service-6f6cfc45b-h5m2n'}, {'events': '551_552', 'score': 0.68, 'deepth': 4, 'pod': 'ts-execute-service-775f544d9-zqvjb'}]
[INFO]2026-08-20 12:16:16,922 pattern_ranker.py:545: 2023-01-29 10:45:10 Inject RCA Pod Result:
[INFO]2026-08-20 12:16:16,923 pattern_ranker.py:546: 2023-01-29 10:45:10 Inject Ground Truth: ts-travel2-service-5c66d57d58-6mp2b, exception
[INFO]2026-08-20 12:16:16,923 pattern_ranker.py:575: 2023-01-29 10:45:10 Inject Ground Truth: ts-travel2-service-5c66d57d58-6mp2b, exception score 1
[INFO]2026-08-20 12:16:16,923 pattern_ranker.py:600: source :t.s.TravelServiceImpl#366, target: t.s.TravelServiceImpl#372, score: 1.0, deepth: 7, pod ts-travel2-service-5c66d57d58-6mp2b
[INFO]2026-08-20 12:16:16,923 pattern_ranker.py:600: source :p.s.PreserveServiceImpl#142, target: ts-preserve-service PreserveController.preserve end, score: 1.0, deepth: 4, pod ts-preserve-service-b5ccf8557-j4txs
[INFO]2026-08-20 12:16:16,924 pattern_ranker.py:600: source :ts-preserve-service BasicErrorController.error start, target: ts-preserve-service BasicErrorController.error end, score: 1.0, deepth: 3, pod ts-preserve-service-b5ccf8557-j4txs
[INFO]2026-08-20 12:16:16,924 pattern_ranker.py:600: source :ts-preserve-service /api/v1/preserveservice/preserve start, target: ERROR o.a.c.c.C.[.[.[.[dispatcherServlet]#175, score: 1.0, deepth: 2, pod ts-preserve-service-b5ccf8557-j4txs
[INFO]2026-08-20 12:16:16,924 pattern_ranker.py:600: source :a.c.UserController#43, target: ts-auth-service HTTP GET start, score: 0.8571428571428571, deepth: 4, pod ts-auth-service-7f8d7d756d-k7b9j
[INFO]2026-08-20 12:16:16,924 pattern_ranker.py:600: source :f.m.s.BasicServiceImpl#405, target: ts-basic-service HTTP POST start, score: 0.8235294117647058, deepth: 7, pod ts-basic-service-5dc8d4f9fd-46997
[INFO]2026-08-20 12:16:16,925 pattern_ranker.py:600: source :f.s.FoodServiceImpl#214, target: ts-food-service HTTP GET start, score: 0.8, deepth: 4, pod ts-food-service-f5756978c-k8vqf
[INFO]2026-08-20 12:16:16,925 pattern_ranker.py:600: source :t.s.TravelServiceImpl#558, target: ts-travel-service HTTP POST start, score: 0.7692307692307693, deepth: 7, pod ts-travel-service-64469b5b48-25zj6
[INFO]2026-08-20 12:16:16,925 pattern_ranker.py:600: source :t.s.TravelServiceImpl#487, target: ts-travel-service HTTP POST start, score: 0.75, deepth: 7, pod ts-travel-service-64469b5b48-25zj6
[INFO]2026-08-20 12:16:16,925 pattern_ranker.py:600: source :ts-execute-service HTTP GET start, target: ts-order-service /api/v1/orderservice/order/{orderId} start, score: 0.7272727272727273, deepth: 4, pod ts-execute-service-775f544d9-zqvjb
[INFO]2026-08-20 12:16:16,925 pattern_ranker.py:602: 
[INFO]2026-08-20 12:16:21,858 data_integrate.py:481: []
[INFO]2026-08-20 12:16:24,560 data_integrate.py:550: Data Integrate Complete!
[INFO]2026-08-20 12:16:24,877 pattern_ranker.py:192: Soted Result List: [{'events': '306_305', 'score': 1.0, 'deepth': 7, 'pod': 'ts-travel2-service-5c66d57d58-6mp2b'}, {'events': '20_10', 'score': 1.0, 'deepth': 4, 'pod': 'ts-preserve-service-b5ccf8557-j4txs'}, {'events': '662_663', 'score': 1.0, 'deepth': 3, 'pod': 'ts-preserve-service-b5ccf8557-j4txs'}, {'events': '7_609', 'score': 1.0, 'deepth': 2, 'pod': 'ts-preserve-service-b5ccf8557-j4txs'}, {'events': '115_128', 'score': 0.8571428571428571, 'deepth': 7, 'pod': 'ts-travel-service-64469b5b48-25zj6'}, {'events': '205_217', 'score': 0.8, 'deepth': 10, 'pod': 'ts-seat-service-5c95b49cff-tdsdz'}, {'events': '620_621', 'score': 0.8, 'deepth': 4, 'pod': 'ts-auth-service-7f8d7d756d-k7b9j'}, {'events': '620_622', 'score': 0.8, 'deepth': 4, 'pod': 'ts-auth-service-7f8d7d756d-k7b9j'}, {'events': '5_616', 'score': 0.8, 'deepth': 1, 'pod': 'ts-gateway-service-6f6cfc45b-h5m2n'}, {'events': '116_128', 'score': 0.7692307692307693, 'deepth': 7, 'pod': 'ts-travel-service-64469b5b48-25zj6'}, {'events': '551_553', 'score': 0.7272727272727273, 'deepth': 4, 'pod': 'ts-execute-service-775f544d9-zqvjb'}, {'events': '551_552', 'score': 0.7083333333333334, 'deepth': 4, 'pod': 'ts-execute-service-775f544d9-zqvjb'}, {'events': '387_388', 'score': 0.7, 'deepth': 5, 'pod': 'ts-order-other-service-6cdbf9b4cc-h7mqk'}, {'events': '387_391', 'score': 0.7, 'deepth': 5, 'pod': 'ts-order-other-service-6cdbf9b4cc-h7mqk'}, {'events': '114_117', 'score': 0.6875, 'deepth': 7, 'pod': 'ts-travel-service-64469b5b48-25zj6'}]
[INFO]2026-08-20 12:16:24,891 pattern_ranker.py:545: 2023-01-29 10:50:16 Inject RCA Pod Result:
[INFO]2026-08-20 12:16:24,892 pattern_ranker.py:546: 2023-01-29 10:50:16 Inject Ground Truth: ts-travel2-service-5c66d57d58-6mp2b, exception
[INFO]2026-08-20 12:16:24,892 pattern_ranker.py:575: 2023-01-29 10:50:16 Inject Ground Truth: ts-travel2-service-5c66d57d58-6mp2b, exception score 1
[INFO]2026-08-20 12:16:24,892 pattern_ranker.py:600: source :t.s.TravelServiceImpl#366, target: t.s.TravelServiceImpl#372, score: 1.0, deepth: 7, pod ts-travel2-service-5c66d57d58-6mp2b
[INFO]2026-08-20 12:16:24,892 pattern_ranker.py:600: source :p.s.PreserveServiceImpl#142, target: ts-preserve-service PreserveController.preserve end, score: 1.0, deepth: 4, pod ts-preserve-service-b5ccf8557-j4txs
[INFO]2026-08-20 12:16:24,893 pattern_ranker.py:600: source :ts-preserve-service BasicErrorController.error start, target: ts-preserve-service BasicErrorController.error end, score: 1.0, deepth: 3, pod ts-preserve-service-b5ccf8557-j4txs
[INFO]2026-08-20 12:16:24,893 pattern_ranker.py:600: source :ts-preserve-service /api/v1/preserveservice/preserve start, target: ERROR o.a.c.c.C.[.[.[.[dispatcherServlet]#175, score: 1.0, deepth: 2, pod ts-preserve-service-b5ccf8557-j4txs
[INFO]2026-08-20 12:16:24,893 pattern_ranker.py:600: source :t.s.TravelServiceImpl#451, target: ts-travel-service HTTP POST start, score: 0.8571428571428571, deepth: 7, pod ts-travel-service-64469b5b48-25zj6
[INFO]2026-08-20 12:16:24,893 pattern_ranker.py:600: source :s.s.SeatServiceImpl#151, target: ts-seat-service HTTP GET start, score: 0.8, deepth: 10, pod ts-seat-service-5c95b49cff-tdsdz
[INFO]2026-08-20 12:16:24,893 pattern_ranker.py:600: source :ts-auth-service HTTP GET start, target: ts-auth-service HTTP GET end, score: 0.8, deepth: 4, pod ts-auth-service-7f8d7d756d-k7b9j
[INFO]2026-08-20 12:16:24,894 pattern_ranker.py:600: source :ts-auth-service HTTP GET start, target: ts-verification-code-service /api/v1/verifycode/verify/{verifyCode} start, score: 0.8, deepth: 4, pod ts-auth-service-7f8d7d756d-k7b9j
[INFO]2026-08-20 12:16:24,894 pattern_ranker.py:600: source :ts-gateway-service HTTP POST start, target: ts-auth-service /api/v1/users/login start, score: 0.8, deepth: 1, pod ts-gateway-service-6f6cfc45b-h5m2n
[INFO]2026-08-20 12:16:24,894 pattern_ranker.py:600: source :t.s.TravelServiceImpl#558, target: ts-travel-service HTTP POST start, score: 0.7692307692307693, deepth: 7, pod ts-travel-service-64469b5b48-25zj6
[INFO]2026-08-20 12:16:24,894 pattern_ranker.py:602: 
[INFO]2026-08-20 12:16:30,234 data_integrate.py:481: []
[INFO]2026-08-20 12:16:36,034 data_integrate.py:550: Data Integrate Complete!
[INFO]2026-08-20 12:16:36,304 pattern_ranker.py:192: Soted Result List: [{'events': '353_355', 'score': 1.0, 'deepth': 9, 'pod': 'ts-route-service-b6c59fb57-zv8dt'}, {'events': '387_388', 'score': 1.0, 'deepth': 5, 'pod': 'ts-order-other-service-6cdbf9b4cc-h7mqk'}, {'events': '387_391', 'score': 1.0, 'deepth': 5, 'pod': 'ts-order-other-service-6cdbf9b4cc-h7mqk'}, {'events': '20_10', 'score': 1.0, 'deepth': 4, 'pod': 'ts-preserve-service-b5ccf8557-j4txs'}, {'events': '662_663', 'score': 1.0, 'deepth': 3, 'pod': 'ts-preserve-service-b5ccf8557-j4txs'}, {'events': '7_609', 'score': 1.0, 'deepth': 2, 'pod': 'ts-preserve-service-b5ccf8557-j4txs'}, {'events': '549_551', 'score': 0.9, 'deepth': 4, 'pod': 'ts-execute-service-775f544d9-zqvjb'}, {'events': '601_620', 'score': 0.8571428571428571, 'deepth': 4, 'pod': 'ts-auth-service-7f8d7d756d-k7b9j'}, {'events': '205_217', 'score': 0.8, 'deepth': 10, 'pod': 'ts-seat-service-5c95b49cff-tdsdz'}, {'events': '612_128', 'score': 0.6875, 'deepth': 4, 'pod': 'ts-travel-service-64469b5b48-25zj6'}]
[INFO]2026-08-20 12:16:36,330 pattern_ranker.py:545: 2023-01-29 10:56:45 Inject RCA Pod Result:
[INFO]2026-08-20 12:16:36,332 pattern_ranker.py:546: 2023-01-29 10:56:45 Inject Ground Truth: ts-route-service-b6c59fb57-zv8dt, exception
[INFO]2026-08-20 12:16:36,333 pattern_ranker.py:575: 2023-01-29 10:56:45 Inject Ground Truth: ts-route-service-b6c59fb57-zv8dt, exception score 1
[INFO]2026-08-20 12:16:36,333 pattern_ranker.py:600: source :ts-route-service RouteController.queryByIds start, target: r.c.RouteController#53, score: 1.0, deepth: 9, pod ts-route-service-b6c59fb57-zv8dt
[INFO]2026-08-20 12:16:36,333 pattern_ranker.py:600: source :ts-order-other-service /api/v1/orderOtherService/orderOther/{orderId} start, target: ts-order-other-service /api/v1/orderOtherService/orderOther/{orderId} end, score: 1.0, deepth: 5, pod ts-order-other-service-6cdbf9b4cc-h7mqk
[INFO]2026-08-20 12:16:36,334 pattern_ranker.py:600: source :ts-order-other-service /api/v1/orderOtherService/orderOther/{orderId} start, target: ts-order-other-service OrderOtherController.getOrderById start, score: 1.0, deepth: 5, pod ts-order-other-service-6cdbf9b4cc-h7mqk
[INFO]2026-08-20 12:16:36,334 pattern_ranker.py:600: source :p.s.PreserveServiceImpl#142, target: ts-preserve-service PreserveController.preserve end, score: 1.0, deepth: 4, pod ts-preserve-service-b5ccf8557-j4txs
[INFO]2026-08-20 12:16:36,334 pattern_ranker.py:600: source :ts-preserve-service BasicErrorController.error start, target: ts-preserve-service BasicErrorController.error end, score: 1.0, deepth: 3, pod ts-preserve-service-b5ccf8557-j4txs
[INFO]2026-08-20 12:16:36,334 pattern_ranker.py:600: source :ts-preserve-service /api/v1/preserveservice/preserve start, target: ERROR o.a.c.c.C.[.[.[.[dispatcherServlet]#175, score: 1.0, deepth: 2, pod ts-preserve-service-b5ccf8557-j4txs
[INFO]2026-08-20 12:16:36,335 pattern_ranker.py:600: source :e.s.ExecuteServiceImpl#164, target: ts-execute-service HTTP GET start, score: 0.9, deepth: 4, pod ts-execute-service-775f544d9-zqvjb
[INFO]2026-08-20 12:16:36,335 pattern_ranker.py:600: source :a.c.UserController#43, target: ts-auth-service HTTP GET start, score: 0.8571428571428571, deepth: 4, pod ts-auth-service-7f8d7d756d-k7b9j
[INFO]2026-08-20 12:16:36,335 pattern_ranker.py:600: source :s.s.SeatServiceImpl#151, target: ts-seat-service HTTP GET start, score: 0.8, deepth: 10, pod ts-seat-service-5c95b49cff-tdsdz
[INFO]2026-08-20 12:16:36,335 pattern_ranker.py:600: source :t.c.TravelController#122, target: ts-travel-service HTTP POST start, score: 0.6875, deepth: 4, pod ts-travel-service-64469b5b48-25zj6
[INFO]2026-08-20 12:16:36,335 pattern_ranker.py:602: 
[INFO]2026-08-20 12:16:41,459 data_integrate.py:481: []
[INFO]2026-08-20 12:16:44,144 data_integrate.py:550: Data Integrate Complete!
[INFO]2026-08-20 12:16:44,643 pattern_ranker.py:192: Soted Result List: [{'events': '353_355', 'score': 1.0, 'deepth': 9, 'pod': 'ts-route-service-b6c59fb57-zv8dt'}, {'events': '20_10', 'score': 1.0, 'deepth': 4, 'pod': 'ts-preserve-service-b5ccf8557-j4txs'}, {'events': '662_663', 'score': 1.0, 'deepth': 3, 'pod': 'ts-preserve-service-b5ccf8557-j4txs'}, {'events': '7_609', 'score': 1.0, 'deepth': 2, 'pod': 'ts-preserve-service-b5ccf8557-j4txs'}, {'events': '549_551', 'score': 0.8181818181818182, 'deepth': 4, 'pod': 'ts-execute-service-775f544d9-zqvjb'}, {'events': '565_566', 'score': 0.8, 'deepth': 7, 'pod': 'ts-order-service-5b67c48447-mv5hb'}, {'events': '565_567', 'score': 0.8, 'deepth': 7, 'pod': 'ts-order-service-5b67c48447-mv5hb'}, {'events': '565_71', 'score': 0.8, 'deepth': 7, 'pod': 'ts-order-service-5b67c48447-mv5hb'}, {'events': '29_33', 'score': 0.7777777777777778, 'deepth': 4, 'pod': 'ts-preserve-service-b5ccf8557-j4txs'}, {'events': '5_7', 'score': 0.7777777777777778, 'deepth': 1, 'pod': 'ts-gateway-service-6f6cfc45b-h5m2n'}, {'events': '140_145', 'score': 0.75, 'deepth': 10, 'pod': 'ts-basic-service-5dc8d4f9fd-46997'}, {'events': '119_118', 'score': 0.75, 'deepth': 7, 'pod': 'ts-travel-service-64469b5b48-25zj6'}, {'events': '114_113', 'score': 0.75, 'deepth': 7, 'pod': 'ts-travel-service-64469b5b48-25zj6'}, {'events': '119_128', 'score': 0.75, 'deepth': 7, 'pod': 'ts-travel-service-64469b5b48-25zj6'}, {'events': '115_128', 'score': 0.75, 'deepth': 7, 'pod': 'ts-travel-service-64469b5b48-25zj6'}, {'events': '29_94', 'score': 0.75, 'deepth': 4, 'pod': 'ts-preserve-service-b5ccf8557-j4txs'}, {'events': '31_110', 'score': 0.75, 'deepth': 4, 'pod': 'ts-preserve-service-b5ccf8557-j4txs'}, {'events': '31_130', 'score': 0.75, 'deepth': 4, 'pod': 'ts-preserve-service-b5ccf8557-j4txs'}, {'events': '205_217', 'score': 0.7272727272727273, 'deepth': 10, 'pod': 'ts-seat-service-5c95b49cff-tdsdz'}, {'events': '601_626', 'score': 0.7272727272727273, 'deepth': 4, 'pod': 'ts-auth-service-7f8d7d756d-k7b9j'}, {'events': '132_145', 'score': 0.7142857142857143, 'deepth': 9, 'pod': 'ts-basic-service-5dc8d4f9fd-46997'}, {'events': '1_450', 'score': 0.6818181818181818, 'deepth': 1, 'pod': 'frontend-579b9bff58-t2dbm'}]
[INFO]2026-08-20 12:16:44,656 pattern_ranker.py:545: 2023-01-29 11:04:05 Inject RCA Pod Result:
[INFO]2026-08-20 12:16:44,657 pattern_ranker.py:546: 2023-01-29 11:04:05 Inject Ground Truth: ts-route-service-b6c59fb57-zv8dt, exception
[INFO]2026-08-20 12:16:44,657 pattern_ranker.py:575: 2023-01-29 11:04:05 Inject Ground Truth: ts-route-service-b6c59fb57-zv8dt, exception score 1
[INFO]2026-08-20 12:16:44,658 pattern_ranker.py:600: source :ts-route-service RouteController.queryByIds start, target: r.c.RouteController#53, score: 1.0, deepth: 9, pod ts-route-service-b6c59fb57-zv8dt
[INFO]2026-08-20 12:16:44,658 pattern_ranker.py:600: source :p.s.PreserveServiceImpl#142, target: ts-preserve-service PreserveController.preserve end, score: 1.0, deepth: 4, pod ts-preserve-service-b5ccf8557-j4txs
[INFO]2026-08-20 12:16:44,659 pattern_ranker.py:600: source :ts-preserve-service BasicErrorController.error start, target: ts-preserve-service BasicErrorController.error end, score: 1.0, deepth: 3, pod ts-preserve-service-b5ccf8557-j4txs
[INFO]2026-08-20 12:16:44,659 pattern_ranker.py:600: source :ts-preserve-service /api/v1/preserveservice/preserve start, target: ERROR o.a.c.c.C.[.[.[.[dispatcherServlet]#175, score: 1.0, deepth: 2, pod ts-preserve-service-b5ccf8557-j4txs
[INFO]2026-08-20 12:16:44,660 pattern_ranker.py:600: source :e.s.ExecuteServiceImpl#164, target: ts-execute-service HTTP GET start, score: 0.8181818181818182, deepth: 4, pod ts-execute-service-775f544d9-zqvjb
[INFO]2026-08-20 12:16:44,661 pattern_ranker.py:600: source :ts-order-service OrderRepository.findById start, target: ts-order-service OrderRepository.findById end, score: 0.8, deepth: 7, pod ts-order-service-5b67c48447-mv5hb
[INFO]2026-08-20 12:16:44,661 pattern_ranker.py:600: source :ts-order-service OrderRepository.findById start, target: ts-order-service Session.find order.entity.Order start, score: 0.8, deepth: 7, pod ts-order-service-5b67c48447-mv5hb
[INFO]2026-08-20 12:16:44,662 pattern_ranker.py:600: source :ts-order-service OrderRepository.findById start, target: ts-order-service Transaction.commit start, score: 0.8, deepth: 7, pod ts-order-service-5b67c48447-mv5hb
[INFO]2026-08-20 12:16:44,662 pattern_ranker.py:600: source :ts-preserve-service HTTP GET start, target: ts-security-service /api/v1/securityservice/securityConfigs/{accountId} start, score: 0.7777777777777778, deepth: 4, pod ts-preserve-service-b5ccf8557-j4txs
[INFO]2026-08-20 12:16:44,662 pattern_ranker.py:600: source :ts-gateway-service HTTP POST start, target: ts-preserve-service /api/v1/preserveservice/preserve start, score: 0.7777777777777778, deepth: 1, pod ts-gateway-service-6f6cfc45b-h5m2n
[INFO]2026-08-20 12:16:44,662 pattern_ranker.py:602: 
[INFO]2026-08-20 12:16:50,007 data_integrate.py:481: []
[INFO]2026-08-20 12:16:52,453 data_integrate.py:550: Data Integrate Complete!
[INFO]2026-08-20 12:16:52,709 pattern_ranker.py:192: Soted Result List: [{'events': '353_355', 'score': 1.0, 'deepth': 9, 'pod': 'ts-route-service-b6c59fb57-zv8dt'}, {'events': '20_10', 'score': 1.0, 'deepth': 4, 'pod': 'ts-preserve-service-b5ccf8557-j4txs'}, {'events': '662_663', 'score': 1.0, 'deepth': 3, 'pod': 'ts-preserve-service-b5ccf8557-j4txs'}, {'events': '7_609', 'score': 1.0, 'deepth': 2, 'pod': 'ts-preserve-service-b5ccf8557-j4txs'}, {'events': '601_620', 'score': 0.75, 'deepth': 4, 'pod': 'ts-auth-service-7f8d7d756d-k7b9j'}, {'events': '205_217', 'score': 0.7272727272727273, 'deepth': 10, 'pod': 'ts-seat-service-5c95b49cff-tdsdz'}, {'events': '5_616', 'score': 0.7272727272727273, 'deepth': 1, 'pod': 'ts-gateway-service-6f6cfc45b-h5m2n'}, {'events': '486_487', 'score': 0.7, 'deepth': 7, 'pod': 'ts-travel-service-64469b5b48-25zj6'}, {'events': '486_169', 'score': 0.7, 'deepth': 7, 'pod': 'ts-travel-service-64469b5b48-25zj6'}, {'events': '461_462', 'score': 0.7, 'deepth': 4, 'pod': 'ts-food-service-f5756978c-k8vqf'}, {'events': '461_465', 'score': 0.7, 'deepth': 4, 'pod': 'ts-food-service-f5756978c-k8vqf'}, {'events': '461_478', 'score': 0.7, 'deepth': 4, 'pod': 'ts-food-service-f5756978c-k8vqf'}, {'events': '450_452', 'score': 0.7, 'deepth': 1, 'pod': 'ts-gateway-service-6f6cfc45b-h5m2n'}]
[INFO]2026-08-20 12:16:52,723 pattern_ranker.py:545: 2023-01-29 11:13:56 Inject RCA Pod Result:
[INFO]2026-08-20 12:16:52,723 pattern_ranker.py:546: 2023-01-29 11:13:56 Inject Ground Truth: ts-route-service-b6c59fb57-zv8dt, exception
[INFO]2026-08-20 12:16:52,724 pattern_ranker.py:575: 2023-01-29 11:13:56 Inject Ground Truth: ts-route-service-b6c59fb57-zv8dt, exception score 1
[INFO]2026-08-20 12:16:52,724 pattern_ranker.py:600: source :ts-route-service RouteController.queryByIds start, target: r.c.RouteController#53, score: 1.0, deepth: 9, pod ts-route-service-b6c59fb57-zv8dt
[INFO]2026-08-20 12:16:52,724 pattern_ranker.py:600: source :p.s.PreserveServiceImpl#142, target: ts-preserve-service PreserveController.preserve end, score: 1.0, deepth: 4, pod ts-preserve-service-b5ccf8557-j4txs
[INFO]2026-08-20 12:16:52,725 pattern_ranker.py:600: source :ts-preserve-service BasicErrorController.error start, target: ts-preserve-service BasicErrorController.error end, score: 1.0, deepth: 3, pod ts-preserve-service-b5ccf8557-j4txs
[INFO]2026-08-20 12:16:52,725 pattern_ranker.py:600: source :ts-preserve-service /api/v1/preserveservice/preserve start, target: ERROR o.a.c.c.C.[.[.[.[dispatcherServlet]#175, score: 1.0, deepth: 2, pod ts-preserve-service-b5ccf8557-j4txs
[INFO]2026-08-20 12:16:52,725 pattern_ranker.py:600: source :a.c.UserController#43, target: ts-auth-service HTTP GET start, score: 0.75, deepth: 4, pod ts-auth-service-7f8d7d756d-k7b9j
[INFO]2026-08-20 12:16:52,726 pattern_ranker.py:600: source :s.s.SeatServiceImpl#151, target: ts-seat-service HTTP GET start, score: 0.7272727272727273, deepth: 10, pod ts-seat-service-5c95b49cff-tdsdz
[INFO]2026-08-20 12:16:52,726 pattern_ranker.py:600: source :ts-gateway-service HTTP POST start, target: ts-auth-service /api/v1/users/login start, score: 0.7272727272727273, deepth: 1, pod ts-gateway-service-6f6cfc45b-h5m2n
[INFO]2026-08-20 12:16:52,726 pattern_ranker.py:600: source :ts-travel-service HTTP GET start, target: ts-travel-service HTTP GET end, score: 0.7, deepth: 7, pod ts-travel-service-64469b5b48-25zj6
[INFO]2026-08-20 12:16:52,727 pattern_ranker.py:600: source :ts-travel-service HTTP GET start, target: ts-route-service /api/v1/routeservice/routes/{routeId} start, score: 0.7, deepth: 7, pod ts-travel-service-64469b5b48-25zj6
[INFO]2026-08-20 12:16:52,727 pattern_ranker.py:600: source :ts-food-service HTTP GET start, target: ts-food-service HTTP GET end, score: 0.7, deepth: 4, pod ts-food-service-f5756978c-k8vqf
[INFO]2026-08-20 12:16:52,727 pattern_ranker.py:602: 
[INFO]2026-08-20 12:16:57,323 data_integrate.py:481: []
[INFO]2026-08-20 12:16:59,706 data_integrate.py:550: Data Integrate Complete!
[INFO]2026-08-20 12:16:59,942 pattern_ranker.py:192: Soted Result List: [{'events': '188_362', 'score': 1.0, 'deepth': 12, 'pod': 'ts-price-service-76846864d9-g465z'}, {'events': '20_10', 'score': 1.0, 'deepth': 4, 'pod': 'ts-preserve-service-b5ccf8557-j4txs'}, {'events': '601_620', 'score': 1.0, 'deepth': 4, 'pod': 'ts-auth-service-7f8d7d756d-k7b9j'}, {'events': '662_663', 'score': 1.0, 'deepth': 3, 'pod': 'ts-preserve-service-b5ccf8557-j4txs'}, {'events': '7_609', 'score': 1.0, 'deepth': 2, 'pod': 'ts-preserve-service-b5ccf8557-j4txs'}, {'events': '116_128', 'score': 0.8333333333333334, 'deepth': 7, 'pod': 'ts-travel-service-64469b5b48-25zj6'}, {'events': '114_117', 'score': 0.7857142857142857, 'deepth': 7, 'pod': 'ts-travel-service-64469b5b48-25zj6'}, {'events': '140_145', 'score': 0.75, 'deepth': 10, 'pod': 'ts-basic-service-5dc8d4f9fd-46997'}, {'events': '55_613', 'score': 0.6984126984126984, 'deepth': 13, 'pod': 'ts-order-service-5b67c48447-mv5hb'}]
[INFO]2026-08-20 12:16:59,956 pattern_ranker.py:545: 2023-01-29 11:19:59 Inject RCA Pod Result:
[INFO]2026-08-20 12:16:59,956 pattern_ranker.py:546: 2023-01-29 11:19:59 Inject Ground Truth: ts-price-service-76846864d9-g465z, exception
[INFO]2026-08-20 12:16:59,956 pattern_ranker.py:575: 2023-01-29 11:19:59 Inject Ground Truth: ts-price-service-76846864d9-g465z, exception score 1
[INFO]2026-08-20 12:16:59,956 pattern_ranker.py:600: source :ts-price-service PriceController.query start, target: p.c.PriceController#46, score: 1.0, deepth: 12, pod ts-price-service-76846864d9-g465z
[INFO]2026-08-20 12:16:59,957 pattern_ranker.py:600: source :p.s.PreserveServiceImpl#142, target: ts-preserve-service PreserveController.preserve end, score: 1.0, deepth: 4, pod ts-preserve-service-b5ccf8557-j4txs
[INFO]2026-08-20 12:16:59,957 pattern_ranker.py:600: source :a.c.UserController#43, target: ts-auth-service HTTP GET start, score: 1.0, deepth: 4, pod ts-auth-service-7f8d7d756d-k7b9j
[INFO]2026-08-20 12:16:59,957 pattern_ranker.py:600: source :ts-preserve-service BasicErrorController.error start, target: ts-preserve-service BasicErrorController.error end, score: 1.0, deepth: 3, pod ts-preserve-service-b5ccf8557-j4txs
[INFO]2026-08-20 12:16:59,958 pattern_ranker.py:600: source :ts-preserve-service /api/v1/preserveservice/preserve start, target: ERROR o.a.c.c.C.[.[.[.[dispatcherServlet]#175, score: 1.0, deepth: 2, pod ts-preserve-service-b5ccf8557-j4txs
[INFO]2026-08-20 12:16:59,958 pattern_ranker.py:600: source :t.s.TravelServiceImpl#558, target: ts-travel-service HTTP POST start, score: 0.8333333333333334, deepth: 7, pod ts-travel-service-64469b5b48-25zj6
[INFO]2026-08-20 12:16:59,958 pattern_ranker.py:600: source :t.s.TravelServiceImpl#457, target: t.s.TravelServiceImpl#548, score: 0.7857142857142857, deepth: 7, pod ts-travel-service-64469b5b48-25zj6
[INFO]2026-08-20 12:16:59,958 pattern_ranker.py:600: source :f.m.s.BasicServiceImpl#438, target: ts-basic-service HTTP GET start, score: 0.75, deepth: 10, pod ts-basic-service-5dc8d4f9fd-46997
[INFO]2026-08-20 12:16:59,958 pattern_ranker.py:600: source :o.c.OrderController#39, target: o.s.OrderServiceImpl#68, score: 0.6984126984126984, deepth: 13, pod ts-order-service-5b67c48447-mv5hb
[INFO]2026-08-20 12:16:59,958 pattern_ranker.py:602: 
[INFO]2026-08-20 12:17:03,640 data_integrate.py:481: []
[INFO]2026-08-20 12:17:05,555 data_integrate.py:550: Data Integrate Complete!
[INFO]2026-08-20 12:17:05,799 pattern_ranker.py:192: Soted Result List: [{'events': '188_362', 'score': 1.0, 'deepth': 12, 'pod': 'ts-price-service-76846864d9-g465z'}, {'events': '20_10', 'score': 1.0, 'deepth': 4, 'pod': 'ts-preserve-service-b5ccf8557-j4txs'}, {'events': '551_553', 'score': 0.8888888888888888, 'deepth': 4, 'pod': 'ts-execute-service-775f544d9-zqvjb'}, {'events': '551_552', 'score': 0.85, 'deepth': 4, 'pod': 'ts-execute-service-775f544d9-zqvjb'}, {'events': '549_551', 'score': 0.8181818181818182, 'deepth': 4, 'pod': 'ts-execute-service-775f544d9-zqvjb'}, {'events': '387_388', 'score': 0.7777777777777778, 'deepth': 5, 'pod': 'ts-order-other-service-6cdbf9b4cc-h7mqk'}, {'events': '387_391', 'score': 0.7777777777777778, 'deepth': 5, 'pod': 'ts-order-other-service-6cdbf9b4cc-h7mqk'}, {'events': '115_128', 'score': 0.75, 'deepth': 7, 'pod': 'ts-travel-service-64469b5b48-25zj6'}, {'events': '207_215', 'score': 0.6842105263157895, 'deepth': 10, 'pod': 'ts-seat-service-5c95b49cff-tdsdz'}]
[INFO]2026-08-20 12:17:05,810 pattern_ranker.py:545: 2023-01-29 11:29:03 Inject RCA Pod Result:
[INFO]2026-08-20 12:17:05,810 pattern_ranker.py:546: 2023-01-29 11:29:03 Inject Ground Truth: ts-price-service-76846864d9-g465z, exception
[INFO]2026-08-20 12:17:05,810 pattern_ranker.py:575: 2023-01-29 11:29:03 Inject Ground Truth: ts-price-service-76846864d9-g465z, exception score 1
[INFO]2026-08-20 12:17:05,810 pattern_ranker.py:600: source :ts-price-service PriceController.query start, target: p.c.PriceController#46, score: 1.0, deepth: 12, pod ts-price-service-76846864d9-g465z
[INFO]2026-08-20 12:17:05,811 pattern_ranker.py:600: source :p.s.PreserveServiceImpl#142, target: ts-preserve-service PreserveController.preserve end, score: 1.0, deepth: 4, pod ts-preserve-service-b5ccf8557-j4txs
[INFO]2026-08-20 12:17:05,811 pattern_ranker.py:600: source :ts-execute-service HTTP GET start, target: ts-order-service /api/v1/orderservice/order/{orderId} start, score: 0.8888888888888888, deepth: 4, pod ts-execute-service-775f544d9-zqvjb
[INFO]2026-08-20 12:17:05,811 pattern_ranker.py:600: source :ts-execute-service HTTP GET start, target: ts-execute-service HTTP GET end, score: 0.85, deepth: 4, pod ts-execute-service-775f544d9-zqvjb
[INFO]2026-08-20 12:17:05,812 pattern_ranker.py:600: source :e.s.ExecuteServiceImpl#164, target: ts-execute-service HTTP GET start, score: 0.8181818181818182, deepth: 4, pod ts-execute-service-775f544d9-zqvjb
[INFO]2026-08-20 12:17:05,812 pattern_ranker.py:600: source :ts-order-other-service /api/v1/orderOtherService/orderOther/{orderId} start, target: ts-order-other-service /api/v1/orderOtherService/orderOther/{orderId} end, score: 0.7777777777777778, deepth: 5, pod ts-order-other-service-6cdbf9b4cc-h7mqk
[INFO]2026-08-20 12:17:05,812 pattern_ranker.py:600: source :ts-order-other-service /api/v1/orderOtherService/orderOther/{orderId} start, target: ts-order-other-service OrderOtherController.getOrderById start, score: 0.7777777777777778, deepth: 5, pod ts-order-other-service-6cdbf9b4cc-h7mqk
[INFO]2026-08-20 12:17:05,812 pattern_ranker.py:600: source :t.s.TravelServiceImpl#451, target: ts-travel-service HTTP POST start, score: 0.75, deepth: 7, pod ts-travel-service-64469b5b48-25zj6
[INFO]2026-08-20 12:17:05,812 pattern_ranker.py:600: source :s.s.SeatServiceImpl#137, target: ts-seat-service HTTP POST start, score: 0.6842105263157895, deepth: 10, pod ts-seat-service-5c95b49cff-tdsdz
[INFO]2026-08-20 12:17:05,812 pattern_ranker.py:602: 
[INFO]2026-08-20 12:17:08,563 data_integrate.py:481: []
[INFO]2026-08-20 12:17:10,613 data_integrate.py:550: Data Integrate Complete!
[INFO]2026-08-20 12:17:11,833 pattern_ranker.py:192: Soted Result List: [{'events': '188_362', 'score': 1.0, 'deepth': 12, 'pod': 'ts-price-service-76846864d9-g465z'}, {'events': '20_10', 'score': 1.0, 'deepth': 4, 'pod': 'ts-preserve-service-b5ccf8557-j4txs'}, {'events': '662_663', 'score': 1.0, 'deepth': 3, 'pod': 'ts-preserve-service-b5ccf8557-j4txs'}, {'events': '7_609', 'score': 1.0, 'deepth': 2, 'pod': 'ts-preserve-service-b5ccf8557-j4txs'}, {'events': '205_217', 'score': 0.8888888888888888, 'deepth': 10, 'pod': 'ts-seat-service-5c95b49cff-tdsdz'}, {'events': '399_400', 'score': 0.8333333333333334, 'deepth': 7, 'pod': 'ts-order-other-service-6cdbf9b4cc-h7mqk'}, {'events': '399_403', 'score': 0.8333333333333334, 'deepth': 7, 'pod': 'ts-order-other-service-6cdbf9b4cc-h7mqk'}, {'events': '399_405', 'score': 0.8333333333333334, 'deepth': 7, 'pod': 'ts-order-other-service-6cdbf9b4cc-h7mqk'}, {'events': '202_215', 'score': 0.7857142857142857, 'deepth': 9, 'pod': 'ts-seat-service-5c95b49cff-tdsdz'}, {'events': '323_333', 'score': 0.7837837837837838, 'deepth': 6, 'pod': 'ts-basic-service-5dc8d4f9fd-46997'}, {'events': '329_333', 'score': 0.7777777777777778, 'deepth': 7, 'pod': 'ts-basic-service-5dc8d4f9fd-46997'}, {'events': '486_487', 'score': 0.7777777777777778, 'deepth': 7, 'pod': 'ts-travel-service-64469b5b48-25zj6'}, {'events': '486_169', 'score': 0.7777777777777778, 'deepth': 7, 'pod': 'ts-travel-service-64469b5b48-25zj6'}, {'events': '387_388', 'score': 0.7777777777777778, 'deepth': 5, 'pod': 'ts-order-other-service-6cdbf9b4cc-h7mqk'}, {'events': '387_391', 'score': 0.7777777777777778, 'deepth': 5, 'pod': 'ts-order-other-service-6cdbf9b4cc-h7mqk'}, {'events': '461_462', 'score': 0.7777777777777778, 'deepth': 4, 'pod': 'ts-food-service-f5756978c-k8vqf'}, {'events': '29_33', 'score': 0.7777777777777778, 'deepth': 4, 'pod': 'ts-preserve-service-b5ccf8557-j4txs'}, {'events': '461_465', 'score': 0.7777777777777778, 'deepth': 4, 'pod': 'ts-food-service-f5756978c-k8vqf'}, {'events': '461_478', 'score': 0.7777777777777778, 'deepth': 4, 'pod': 'ts-food-service-f5756978c-k8vqf'}, {'events': '5_7', 'score': 0.7777777777777778, 'deepth': 1, 'pod': 'ts-gateway-service-6f6cfc45b-h5m2n'}, {'events': '450_452', 'score': 0.7777777777777778, 'deepth': 1, 'pod': 'ts-gateway-service-6f6cfc45b-h5m2n'}, {'events': '611_128', 'score': 0.7741935483870968, 'deepth': 4, 'pod': 'ts-travel-service-64469b5b48-25zj6'}, {'events': '116_128', 'score': 0.7692307692307693, 'deepth': 7, 'pod': 'ts-travel-service-64469b5b48-25zj6'}, {'events': '114_635', 'score': 0.7586206896551724, 'deepth': 7, 'pod': 'ts-travel-service-64469b5b48-25zj6'}, {'events': '611_117', 'score': 0.7586206896551724, 'deepth': 4, 'pod': 'ts-travel-service-64469b5b48-25zj6'}, {'events': '632_633', 'score': 0.7586206896551724, 'deepth': 2, 'pod': 'ts-travel-service-64469b5b48-25zj6'}, {'events': '119_118', 'score': 0.75, 'deepth': 7, 'pod': 'ts-travel-service-64469b5b48-25zj6'}, {'events': '114_113', 'score': 0.75, 'deepth': 7, 'pod': 'ts-travel-service-64469b5b48-25zj6'}, {'events': '119_128', 'score': 0.75, 'deepth': 7, 'pod': 'ts-travel-service-64469b5b48-25zj6'}, {'events': '115_128', 'score': 0.75, 'deepth': 7, 'pod': 'ts-travel-service-64469b5b48-25zj6'}, {'events': '29_94', 'score': 0.75, 'deepth': 4, 'pod': 'ts-preserve-service-b5ccf8557-j4txs'}, {'events': '31_110', 'score': 0.75, 'deepth': 4, 'pod': 'ts-preserve-service-b5ccf8557-j4txs'}, {'events': '31_130', 'score': 0.75, 'deepth': 4, 'pod': 'ts-preserve-service-b5ccf8557-j4txs'}, {'events': '601_620', 'score': 0.75, 'deepth': 4, 'pod': 'ts-auth-service-7f8d7d756d-k7b9j'}, {'events': '207_206', 'score': 0.746268656716418, 'deepth': 10, 'pod': 'ts-seat-service-5c95b49cff-tdsdz'}, {'events': '55_613', 'score': 0.7457627118644068, 'deepth': 13, 'pod': 'ts-order-service-5b67c48447-mv5hb'}, {'events': '132_145', 'score': 0.7407407407407407, 'deepth': 9, 'pod': 'ts-basic-service-5dc8d4f9fd-46997'}, {'events': '612_128', 'score': 0.7333333333333333, 'deepth': 4, 'pod': 'ts-travel-service-64469b5b48-25zj6'}, {'events': '207_215', 'score': 0.7222222222222222, 'deepth': 10, 'pod': 'ts-seat-service-5c95b49cff-tdsdz'}, {'events': '182_183', 'score': 0.70703125, 'deepth': 13, 'pod': 'ts-route-service-b6c59fb57-zv8dt'}, {'events': '184_185', 'score': 0.70703125, 'deepth': 13, 'pod': 'ts-route-service-b6c59fb57-zv8dt'}]
[INFO]2026-08-20 12:17:11,847 pattern_ranker.py:545: 2023-01-29 11:36:06 Inject RCA Pod Result:
[INFO]2026-08-20 12:17:11,847 pattern_ranker.py:546: 2023-01-29 11:36:06 Inject Ground Truth: ts-price-service-76846864d9-g465z, exception
[INFO]2026-08-20 12:17:11,847 pattern_ranker.py:575: 2023-01-29 11:36:06 Inject Ground Truth: ts-price-service-76846864d9-g465z, exception score 1
[INFO]2026-08-20 12:17:11,847 pattern_ranker.py:600: source :ts-price-service PriceController.query start, target: p.c.PriceController#46, score: 1.0, deepth: 12, pod ts-price-service-76846864d9-g465z
[INFO]2026-08-20 12:17:11,847 pattern_ranker.py:600: source :p.s.PreserveServiceImpl#142, target: ts-preserve-service PreserveController.preserve end, score: 1.0, deepth: 4, pod ts-preserve-service-b5ccf8557-j4txs
[INFO]2026-08-20 12:17:11,848 pattern_ranker.py:600: source :ts-preserve-service BasicErrorController.error start, target: ts-preserve-service BasicErrorController.error end, score: 1.0, deepth: 3, pod ts-preserve-service-b5ccf8557-j4txs
[INFO]2026-08-20 12:17:11,848 pattern_ranker.py:600: source :ts-preserve-service /api/v1/preserveservice/preserve start, target: ERROR o.a.c.c.C.[.[.[.[dispatcherServlet]#175, score: 1.0, deepth: 2, pod ts-preserve-service-b5ccf8557-j4txs
[INFO]2026-08-20 12:17:11,848 pattern_ranker.py:600: source :s.s.SeatServiceImpl#151, target: ts-seat-service HTTP GET start, score: 0.8888888888888888, deepth: 10, pod ts-seat-service-5c95b49cff-tdsdz
[INFO]2026-08-20 12:17:11,848 pattern_ranker.py:600: source :ts-order-other-service OrderOtherRepository.findById start, target: ts-order-other-service OrderOtherRepository.findById end, score: 0.8333333333333334, deepth: 7, pod ts-order-other-service-6cdbf9b4cc-h7mqk
[INFO]2026-08-20 12:17:11,849 pattern_ranker.py:600: source :ts-order-other-service OrderOtherRepository.findById start, target: ts-order-other-service Session.find other.entity.Order start, score: 0.8333333333333334, deepth: 7, pod ts-order-other-service-6cdbf9b4cc-h7mqk
[INFO]2026-08-20 12:17:11,849 pattern_ranker.py:600: source :ts-order-other-service OrderOtherRepository.findById start, target: ts-order-other-service Transaction.commit start, score: 0.8333333333333334, deepth: 7, pod ts-order-other-service-6cdbf9b4cc-h7mqk
[INFO]2026-08-20 12:17:11,849 pattern_ranker.py:600: source :ts-seat-service SeatController.getLeftTicketOfInterval start, target: ts-seat-service HTTP POST start, score: 0.7857142857142857, deepth: 9, pod ts-seat-service-5c95b49cff-tdsdz
[INFO]2026-08-20 12:17:11,849 pattern_ranker.py:600: source :ts-basic-service BasicController.queryForTravels start, target: ts-basic-service HTTP POST start, score: 0.7837837837837838, deepth: 6, pod ts-basic-service-5dc8d4f9fd-46997
[INFO]2026-08-20 12:17:11,849 pattern_ranker.py:602: 
[INFO]2026-08-20 12:17:16,064 data_integrate.py:481: [{'pod': 'ts-contacts-service-866bd68c97-xcqfx', 'alarm': [{'metric_type': 'CpuUsageRate(%)', 'alarm_flag': True}]}]
[INFO]2026-08-20 12:17:20,142 data_integrate.py:550: Data Integrate Complete!
[INFO]2026-08-20 12:17:20,665 pattern_ranker.py:192: Soted Result List: [{'events': '102_103', 'score': 1.0, 'deepth': 7, 'pod': 'ts-contacts-service-866bd68c97-xcqfx', 'resource': 'CpuUsageRate(%)'}, {'events': '102_104', 'score': 1.0, 'deepth': 7, 'pod': 'ts-contacts-service-866bd68c97-xcqfx', 'resource': 'CpuUsageRate(%)'}, {'events': '102_106', 'score': 1.0, 'deepth': 7, 'pod': 'ts-contacts-service-866bd68c97-xcqfx', 'resource': 'CpuUsageRate(%)'}, {'events': '20_10', 'score': 1.0, 'deepth': 4, 'pod': 'ts-preserve-service-b5ccf8557-j4txs'}, {'events': '7_609', 'score': 1.0, 'deepth': 2, 'pod': 'ts-preserve-service-b5ccf8557-j4txs'}, {'events': '611_128', 'score': 0.7741935483870968, 'deepth': 4, 'pod': 'ts-travel-service-64469b5b48-25zj6'}, {'events': '117_128', 'score': 0.7681159420289855, 'deepth': 7, 'pod': 'ts-travel-service-64469b5b48-25zj6'}, {'events': '119_611', 'score': 0.7586206896551724, 'deepth': 7, 'pod': 'ts-travel-service-64469b5b48-25zj6'}, {'events': '114_635', 'score': 0.7586206896551724, 'deepth': 7, 'pod': 'ts-travel-service-64469b5b48-25zj6'}, {'events': '5_632', 'score': 0.7586206896551724, 'deepth': 1, 'pod': 'ts-gateway-service-6f6cfc45b-h5m2n'}, {'events': '206_217', 'score': 0.7540983606557377, 'deepth': 10, 'pod': 'ts-seat-service-5c95b49cff-tdsdz'}, {'events': '55_613', 'score': 0.7457627118644068, 'deepth': 13, 'pod': 'ts-order-service-5b67c48447-mv5hb'}, {'events': '207_206', 'score': 0.7352941176470589, 'deepth': 10, 'pod': 'ts-seat-service-5c95b49cff-tdsdz'}, {'events': '459_461', 'score': 0.7272727272727273, 'deepth': 4, 'pod': 'ts-food-service-f5756978c-k8vqf'}, {'events': '215_45', 'score': 0.7194244604316546, 'deepth': 10, 'pod': 'ts-seat-service-5c95b49cff-tdsdz'}, {'events': '486_487', 'score': 0.7, 'deepth': 7, 'pod': 'ts-travel-service-64469b5b48-25zj6'}, {'events': '486_169', 'score': 0.7, 'deepth': 7, 'pod': 'ts-travel-service-64469b5b48-25zj6'}, {'events': '29_33', 'score': 0.7, 'deepth': 4, 'pod': 'ts-preserve-service-b5ccf8557-j4txs'}, {'events': '5_7', 'score': 0.7, 'deepth': 1, 'pod': 'ts-gateway-service-6f6cfc45b-h5m2n'}, {'events': '202_215', 'score': 0.6875, 'deepth': 9, 'pod': 'ts-seat-service-5c95b49cff-tdsdz'}]
[INFO]2026-08-20 12:17:20,674 pattern_ranker.py:545: 2023-01-29 13:31:54 Inject RCA Pod Result:
[INFO]2026-08-20 12:17:20,675 pattern_ranker.py:546: 2023-01-29 13:31:54 Inject Ground Truth: ts-contacts-service-866bd68c97-xcqfx, cpu_contention
[INFO]2026-08-20 12:17:20,675 pattern_ranker.py:559: 2023-01-29 13:31:54 Inject Ground Truth: ts-contacts-service-866bd68c97-xcqfx, cpu_contention score 1
[INFO]2026-08-20 12:17:20,675 pattern_ranker.py:597: source :ts-contacts-service ContactsRepository.findById start, target: ts-contacts-service ContactsRepository.findById end, score: 1.0, deepth: 7, pod ts-contacts-service-866bd68c97-xcqfx, resource CpuUsageRate(%)
[INFO]2026-08-20 12:17:20,675 pattern_ranker.py:597: source :ts-contacts-service ContactsRepository.findById start, target: ts-contacts-service Session.find contacts.entity.Contacts start, score: 1.0, deepth: 7, pod ts-contacts-service-866bd68c97-xcqfx, resource CpuUsageRate(%)
[INFO]2026-08-20 12:17:20,675 pattern_ranker.py:597: source :ts-contacts-service ContactsRepository.findById start, target: ts-contacts-service Transaction.commit start, score: 1.0, deepth: 7, pod ts-contacts-service-866bd68c97-xcqfx, resource CpuUsageRate(%)
[INFO]2026-08-20 12:17:20,675 pattern_ranker.py:600: source :p.s.PreserveServiceImpl#142, target: ts-preserve-service PreserveController.preserve end, score: 1.0, deepth: 4, pod ts-preserve-service-b5ccf8557-j4txs
[INFO]2026-08-20 12:17:20,675 pattern_ranker.py:600: source :ts-preserve-service /api/v1/preserveservice/preserve start, target: ERROR o.a.c.c.C.[.[.[.[dispatcherServlet]#175, score: 1.0, deepth: 2, pod ts-preserve-service-b5ccf8557-j4txs
[INFO]2026-08-20 12:17:20,675 pattern_ranker.py:600: source :t.s.TravelServiceImpl#343, target: ts-travel-service HTTP POST start, score: 0.7741935483870968, deepth: 4, pod ts-travel-service-64469b5b48-25zj6
[INFO]2026-08-20 12:17:20,676 pattern_ranker.py:600: source :t.s.TravelServiceImpl#548, target: ts-travel-service HTTP POST start, score: 0.7681159420289855, deepth: 7, pod ts-travel-service-64469b5b48-25zj6
[INFO]2026-08-20 12:17:20,676 pattern_ranker.py:600: source :t.s.TravelServiceImpl#487, target: t.s.TravelServiceImpl#343, score: 0.7586206896551724, deepth: 7, pod ts-travel-service-64469b5b48-25zj6
[INFO]2026-08-20 12:17:20,676 pattern_ranker.py:600: source :t.s.TravelServiceImpl#457, target: ts-travel-service TravelController.queryInfo end, score: 0.7586206896551724, deepth: 7, pod ts-travel-service-64469b5b48-25zj6
[INFO]2026-08-20 12:17:20,676 pattern_ranker.py:600: source :ts-gateway-service HTTP POST start, target: ts-travel-service /api/v1/travelservice/trips/left start, score: 0.7586206896551724, deepth: 1, pod ts-gateway-service-6f6cfc45b-h5m2n
[INFO]2026-08-20 12:17:20,676 pattern_ranker.py:602: 
[INFO]2026-08-20 12:17:26,210 data_integrate.py:481: [{'pod': 'ts-verification-code-service-7b6dc75c45-2z9p2', 'alarm': [{'metric_type': 'CpuUsageRate(%)', 'alarm_flag': True}]}]
[INFO]2026-08-20 12:17:30,955 data_integrate.py:550: Data Integrate Complete!
[INFO]2026-08-20 12:17:31,067 pattern_ranker.py:192: Soted Result List: [{'events': '622_623', 'score': 1.0, 'deepth': 5, 'pod': 'ts-verification-code-service-7b6dc75c45-2z9p2', 'resource': 'CpuUsageRate(%)'}, {'events': '20_10', 'score': 1.0, 'deepth': 4, 'pod': 'ts-preserve-service-b5ccf8557-j4txs'}, {'events': '662_663', 'score': 1.0, 'deepth': 3, 'pod': 'ts-preserve-service-b5ccf8557-j4txs'}, {'events': '7_609', 'score': 1.0, 'deepth': 2, 'pod': 'ts-preserve-service-b5ccf8557-j4txs'}, {'events': '620_621', 'score': 0.8888888888888888, 'deepth': 4, 'pod': 'ts-auth-service-7f8d7d756d-k7b9j'}, {'events': '620_622', 'score': 0.8888888888888888, 'deepth': 4, 'pod': 'ts-auth-service-7f8d7d756d-k7b9j'}, {'events': '5_616', 'score': 0.8888888888888888, 'deepth': 1, 'pod': 'ts-gateway-service-6f6cfc45b-h5m2n'}, {'events': '387_388', 'score': 0.7777777777777778, 'deepth': 5, 'pod': 'ts-order-other-service-6cdbf9b4cc-h7mqk'}, {'events': '387_391', 'score': 0.7777777777777778, 'deepth': 5, 'pod': 'ts-order-other-service-6cdbf9b4cc-h7mqk'}]
[INFO]2026-08-20 12:17:31,080 pattern_ranker.py:545: 2023-01-29 14:23:31 Inject RCA Pod Result:
[INFO]2026-08-20 12:17:31,080 pattern_ranker.py:546: 2023-01-29 14:23:31 Inject Ground Truth: ts-verification-code-service-7b6dc75c45-2z9p2, cpu_contention
[INFO]2026-08-20 12:17:31,080 pattern_ranker.py:559: 2023-01-29 14:23:31 Inject Ground Truth: ts-verification-code-service-7b6dc75c45-2z9p2, cpu_contention score 1
[INFO]2026-08-20 12:17:31,081 pattern_ranker.py:597: source :ts-verification-code-service /api/v1/verifycode/verify/{verifyCode} start, target: ts-verification-code-service /api/v1/verifycode/verify/{verifyCode} end, score: 1.0, deepth: 5, pod ts-verification-code-service-7b6dc75c45-2z9p2, resource CpuUsageRate(%)
[INFO]2026-08-20 12:17:31,081 pattern_ranker.py:600: source :p.s.PreserveServiceImpl#142, target: ts-preserve-service PreserveController.preserve end, score: 1.0, deepth: 4, pod ts-preserve-service-b5ccf8557-j4txs
[INFO]2026-08-20 12:17:31,081 pattern_ranker.py:600: source :ts-preserve-service BasicErrorController.error start, target: ts-preserve-service BasicErrorController.error end, score: 1.0, deepth: 3, pod ts-preserve-service-b5ccf8557-j4txs
[INFO]2026-08-20 12:17:31,082 pattern_ranker.py:600: source :ts-preserve-service /api/v1/preserveservice/preserve start, target: ERROR o.a.c.c.C.[.[.[.[dispatcherServlet]#175, score: 1.0, deepth: 2, pod ts-preserve-service-b5ccf8557-j4txs
[INFO]2026-08-20 12:17:31,082 pattern_ranker.py:600: source :ts-auth-service HTTP GET start, target: ts-auth-service HTTP GET end, score: 0.8888888888888888, deepth: 4, pod ts-auth-service-7f8d7d756d-k7b9j
[INFO]2026-08-20 12:17:31,082 pattern_ranker.py:600: source :ts-auth-service HTTP GET start, target: ts-verification-code-service /api/v1/verifycode/verify/{verifyCode} start, score: 0.8888888888888888, deepth: 4, pod ts-auth-service-7f8d7d756d-k7b9j
[INFO]2026-08-20 12:17:31,083 pattern_ranker.py:600: source :ts-gateway-service HTTP POST start, target: ts-auth-service /api/v1/users/login start, score: 0.8888888888888888, deepth: 1, pod ts-gateway-service-6f6cfc45b-h5m2n
[INFO]2026-08-20 12:17:31,083 pattern_ranker.py:600: source :ts-order-other-service /api/v1/orderOtherService/orderOther/{orderId} start, target: ts-order-other-service /api/v1/orderOtherService/orderOther/{orderId} end, score: 0.7777777777777778, deepth: 5, pod ts-order-other-service-6cdbf9b4cc-h7mqk
[INFO]2026-08-20 12:17:31,083 pattern_ranker.py:600: source :ts-order-other-service /api/v1/orderOtherService/orderOther/{orderId} start, target: ts-order-other-service OrderOtherController.getOrderById start, score: 0.7777777777777778, deepth: 5, pod ts-order-other-service-6cdbf9b4cc-h7mqk
[INFO]2026-08-20 12:17:31,083 pattern_ranker.py:602: 
[INFO]2026-08-20 12:17:35,414 data_integrate.py:481: [{'pod': 'ts-food-service-f5756978c-k8vqf', 'alarm': [{'metric_type': 'CpuUsageRate(%)', 'alarm_flag': True}]}]
[INFO]2026-08-20 12:17:38,065 data_integrate.py:550: Data Integrate Complete!
[INFO]2026-08-20 12:17:38,297 pattern_ranker.py:192: Soted Result List: [{'events': '115_128', 'score': 1.0, 'deepth': 7, 'pod': 'ts-travel-service-64469b5b48-25zj6'}, {'events': '461_462', 'score': 1.0, 'deepth': 4, 'pod': 'ts-food-service-f5756978c-k8vqf', 'resource': 'CpuUsageRate(%)'}, {'events': '20_10', 'score': 1.0, 'deepth': 4, 'pod': 'ts-preserve-service-b5ccf8557-j4txs'}, {'events': '116_128', 'score': 0.9090909090909091, 'deepth': 7, 'pod': 'ts-travel-service-64469b5b48-25zj6'}, {'events': '486_487', 'score': 0.875, 'deepth': 7, 'pod': 'ts-travel-service-64469b5b48-25zj6'}, {'events': '486_169', 'score': 0.875, 'deepth': 7, 'pod': 'ts-travel-service-64469b5b48-25zj6'}, {'events': '662_663', 'score': 0.875, 'deepth': 3, 'pod': 'ts-preserve-service-b5ccf8557-j4txs'}, {'events': '7_609', 'score': 0.875, 'deepth': 2, 'pod': 'ts-preserve-service-b5ccf8557-j4txs'}, {'events': '450_452', 'score': 0.7777777777777778, 'deepth': 1, 'pod': 'ts-gateway-service-6f6cfc45b-h5m2n'}, {'events': '140_145', 'score': 0.75, 'deepth': 10, 'pod': 'ts-basic-service-5dc8d4f9fd-46997'}, {'events': '132_145', 'score': 0.7407407407407407, 'deepth': 9, 'pod': 'ts-basic-service-5dc8d4f9fd-46997'}, {'events': '29_33', 'score': 0.7, 'deepth': 4, 'pod': 'ts-preserve-service-b5ccf8557-j4txs'}, {'events': '5_7', 'score': 0.7, 'deepth': 1, 'pod': 'ts-gateway-service-6f6cfc45b-h5m2n'}]
[INFO]2026-08-20 12:17:38,309 pattern_ranker.py:545: 2023-01-29 14:49:57 Inject RCA Pod Result:
[INFO]2026-08-20 12:17:38,309 pattern_ranker.py:546: 2023-01-29 14:49:57 Inject Ground Truth: ts-food-service-f5756978c-k8vqf, cpu_contention
[INFO]2026-08-20 12:17:38,309 pattern_ranker.py:559: 2023-01-29 14:49:57 Inject Ground Truth: ts-food-service-f5756978c-k8vqf, cpu_contention score 2
[INFO]2026-08-20 12:17:38,309 pattern_ranker.py:600: source :t.s.TravelServiceImpl#451, target: ts-travel-service HTTP POST start, score: 1.0, deepth: 7, pod ts-travel-service-64469b5b48-25zj6
[INFO]2026-08-20 12:17:38,310 pattern_ranker.py:597: source :ts-food-service HTTP GET start, target: ts-food-service HTTP GET end, score: 1.0, deepth: 4, pod ts-food-service-f5756978c-k8vqf, resource CpuUsageRate(%)
[INFO]2026-08-20 12:17:38,310 pattern_ranker.py:600: source :p.s.PreserveServiceImpl#142, target: ts-preserve-service PreserveController.preserve end, score: 1.0, deepth: 4, pod ts-preserve-service-b5ccf8557-j4txs
[INFO]2026-08-20 12:17:38,310 pattern_ranker.py:600: source :t.s.TravelServiceImpl#558, target: ts-travel-service HTTP POST start, score: 0.9090909090909091, deepth: 7, pod ts-travel-service-64469b5b48-25zj6
[INFO]2026-08-20 12:17:38,310 pattern_ranker.py:600: source :ts-travel-service HTTP GET start, target: ts-travel-service HTTP GET end, score: 0.875, deepth: 7, pod ts-travel-service-64469b5b48-25zj6
[INFO]2026-08-20 12:17:38,311 pattern_ranker.py:600: source :ts-travel-service HTTP GET start, target: ts-route-service /api/v1/routeservice/routes/{routeId} start, score: 0.875, deepth: 7, pod ts-travel-service-64469b5b48-25zj6
[INFO]2026-08-20 12:17:38,311 pattern_ranker.py:600: source :ts-preserve-service BasicErrorController.error start, target: ts-preserve-service BasicErrorController.error end, score: 0.875, deepth: 3, pod ts-preserve-service-b5ccf8557-j4txs
[INFO]2026-08-20 12:17:38,311 pattern_ranker.py:600: source :ts-preserve-service /api/v1/preserveservice/preserve start, target: ERROR o.a.c.c.C.[.[.[.[dispatcherServlet]#175, score: 0.875, deepth: 2, pod ts-preserve-service-b5ccf8557-j4txs
[INFO]2026-08-20 12:17:38,312 pattern_ranker.py:600: source :ts-gateway-service HTTP GET start, target: ts-food-service /api/v1/foodservice/foods/{date}/{startStation}/{endStation}/{tripId} start, score: 0.7777777777777778, deepth: 1, pod ts-gateway-service-6f6cfc45b-h5m2n
[INFO]2026-08-20 12:17:38,312 pattern_ranker.py:600: source :f.m.s.BasicServiceImpl#438, target: ts-basic-service HTTP GET start, score: 0.75, deepth: 10, pod ts-basic-service-5dc8d4f9fd-46997
[INFO]2026-08-20 12:17:38,312 pattern_ranker.py:602: 
[INFO]2026-08-20 12:17:46,341 data_integrate.py:481: [{'pod': 'ts-preserve-service-b5ccf8557-j4txs', 'alarm': [{'metric_type': 'CpuUsageRate(%)', 'alarm_flag': True}]}]
[INFO]2026-08-20 12:17:49,838 data_integrate.py:550: Data Integrate Complete!
[INFO]2026-08-20 12:17:49,924 pattern_ranker.py:192: Soted Result List: [{'events': '29_30', 'score': 1.0, 'deepth': 4, 'pod': 'ts-preserve-service-b5ccf8557-j4txs', 'resource': 'CpuUsageRate(%)'}, {'events': '132_145', 'score': 0.7692307692307693, 'deepth': 9, 'pod': 'ts-basic-service-5dc8d4f9fd-46997'}, {'events': '140_145', 'score': 0.75, 'deepth': 10, 'pod': 'ts-basic-service-5dc8d4f9fd-46997'}, {'events': '115_128', 'score': 0.75, 'deepth': 7, 'pod': 'ts-travel-service-64469b5b48-25zj6'}]
[INFO]2026-08-20 12:17:49,941 pattern_ranker.py:545: 2023-01-29 15:42:00 Inject RCA Pod Result:
[INFO]2026-08-20 12:17:49,941 pattern_ranker.py:546: 2023-01-29 15:42:00 Inject Ground Truth: ts-preserve-service-b5ccf8557-j4txs, cpu_contention
[INFO]2026-08-20 12:17:49,941 pattern_ranker.py:559: 2023-01-29 15:42:00 Inject Ground Truth: ts-preserve-service-b5ccf8557-j4txs, cpu_contention score 1
[INFO]2026-08-20 12:17:49,941 pattern_ranker.py:597: source :ts-preserve-service HTTP GET start, target: ts-preserve-service HTTP GET end, score: 1.0, deepth: 4, pod ts-preserve-service-b5ccf8557-j4txs, resource CpuUsageRate(%)
[INFO]2026-08-20 12:17:49,941 pattern_ranker.py:600: source :ts-basic-service BasicController.queryForTravel start, target: ts-basic-service HTTP GET start, score: 0.7692307692307693, deepth: 9, pod ts-basic-service-5dc8d4f9fd-46997
[INFO]2026-08-20 12:17:49,942 pattern_ranker.py:600: source :f.m.s.BasicServiceImpl#438, target: ts-basic-service HTTP GET start, score: 0.75, deepth: 10, pod ts-basic-service-5dc8d4f9fd-46997
[INFO]2026-08-20 12:17:49,942 pattern_ranker.py:600: source :t.s.TravelServiceImpl#451, target: ts-travel-service HTTP POST start, score: 0.75, deepth: 7, pod ts-travel-service-64469b5b48-25zj6
[INFO]2026-08-20 12:17:49,942 pattern_ranker.py:602: 
[INFO]2026-08-20 12:17:54,154 data_integrate.py:481: []
[INFO]2026-08-20 12:17:56,845 data_integrate.py:550: Data Integrate Complete!
[INFO]2026-08-20 12:18:00,435 data_integrate.py:481: [{'pod': 'ts-contacts-service-866bd68c97-dzqgd', 'alarm': [{'metric_type': 'NetworkP90(ms)', 'alarm_flag': True}]}]
[INFO]2026-08-20 12:18:02,543 data_integrate.py:550: Data Integrate Complete!
[INFO]2026-08-20 12:18:03,425 pattern_ranker.py:192: Soted Result List: [{'events': '102_103', 'score': 1.0, 'deepth': 7, 'pod': 'ts-contacts-service-866bd68c97-dzqgd', 'resource': 'NetworkP90(ms)'}, {'events': '102_106', 'score': 1.0, 'deepth': 7, 'pod': 'ts-contacts-service-866bd68c97-dzqgd', 'resource': 'NetworkP90(ms)'}, {'events': '611_635', 'score': 1.0, 'deepth': 4, 'pod': 'ts-travel-service-64469b5b48-5rjvb'}, {'events': '670_671', 'score': 1.0, 'deepth': 3, 'pod': 'ts-travel-service-64469b5b48-5rjvb'}, {'events': '632_609', 'score': 1.0, 'deepth': 2, 'pod': 'ts-travel-service-64469b5b48-5rjvb'}, {'events': '141_145', 'score': 0.8571428571428571, 'deepth': 10, 'pod': 'ts-basic-service-5dc8d4f9fd-llznp'}, {'events': '114_128', 'score': 0.8181818181818182, 'deepth': 7, 'pod': 'ts-travel-service-64469b5b48-5rjvb'}, {'events': '269_270', 'score': 0.8, 'deepth': 9, 'pod': 'ts-food-service-f5756978c-6sb8t'}, {'events': '273_275', 'score': 0.8, 'deepth': 7, 'pod': 'ts-food-service-f5756978c-6sb8t'}, {'events': '295_296', 'score': 0.7857142857142857, 'deepth': 7, 'pod': 'ts-user-service-687d654649-f8jtd'}, {'events': '295_297', 'score': 0.7857142857142857, 'deepth': 7, 'pod': 'ts-user-service-687d654649-f8jtd'}, {'events': '282_283', 'score': 0.7857142857142857, 'deepth': 5, 'pod': 'ts-user-service-687d654649-f8jtd'}, {'events': '282_292', 'score': 0.7857142857142857, 'deepth': 5, 'pod': 'ts-user-service-687d654649-f8jtd'}, {'events': '188_192', 'score': 0.7647058823529411, 'deepth': 12, 'pod': 'ts-price-service-76846864d9-nmjz7'}, {'events': '202_215', 'score': 0.75, 'deepth': 9, 'pod': 'ts-seat-service-5c95b49cff-mxdsg'}, {'events': '65_66', 'score': 0.75, 'deepth': 7, 'pod': 'ts-order-service-5b67c48447-fj8b7'}, {'events': '65_69', 'score': 0.75, 'deepth': 7, 'pod': 'ts-order-service-5b67c48447-fj8b7'}, {'events': '65_71', 'score': 0.75, 'deepth': 7, 'pod': 'ts-order-service-5b67c48447-fj8b7'}, {'events': '528_82', 'score': 0.75, 'deepth': 6, 'pod': 'ts-order-other-service-6cdbf9b4cc-swvb5'}, {'events': '650_651', 'score': 0.75, 'deepth': 4, 'pod': 'ts-cancel-service-756f6c4675-prw5z'}, {'events': '513_523', 'score': 0.75, 'deepth': 4, 'pod': 'ts-preserve-other-service-66646bdb5b-l8hp6'}, {'events': '511_523', 'score': 0.75, 'deepth': 4, 'pod': 'ts-preserve-other-service-66646bdb5b-l8hp6'}, {'events': '130_131', 'score': 0.7272727272727273, 'deepth': 8, 'pod': 'ts-basic-service-5dc8d4f9fd-llznp'}, {'events': '130_132', 'score': 0.7272727272727273, 'deepth': 8, 'pod': 'ts-basic-service-5dc8d4f9fd-llznp'}, {'events': '200_201', 'score': 0.7272727272727273, 'deepth': 5, 'pod': 'ts-seat-service-5c95b49cff-mxdsg'}, {'events': '200_209', 'score': 0.7272727272727273, 'deepth': 5, 'pod': 'ts-seat-service-5c95b49cff-mxdsg'}, {'events': '374_527', 'score': 0.7, 'deepth': 13, 'pod': 'ts-order-other-service-6cdbf9b4cc-swvb5'}, {'events': '407_86', 'score': 0.7, 'deepth': 8, 'pod': 'ts-order-other-service-6cdbf9b4cc-swvb5'}, {'events': '405_533', 'score': 0.7, 'deepth': 8, 'pod': 'ts-order-other-service-6cdbf9b4cc-swvb5'}, {'events': '305_538', 'score': 0.7, 'deepth': 7, 'pod': 'ts-travel2-service-5c66d57d58-zxw8n'}, {'events': '620_621', 'score': 0.7, 'deepth': 4, 'pod': 'ts-auth-service-7f8d7d756d-kzp47'}, {'events': '620_622', 'score': 0.7, 'deepth': 4, 'pod': 'ts-auth-service-7f8d7d756d-kzp47'}, {'events': '504_503', 'score': 0.7, 'deepth': 4, 'pod': 'ts-preserve-other-service-66646bdb5b-l8hp6'}, {'events': '5_616', 'score': 0.7, 'deepth': 1, 'pod': 'ts-gateway-service-6f6cfc45b-d9pnv'}, {'events': '5_499', 'score': 0.7, 'deepth': 1, 'pod': 'ts-gateway-service-6f6cfc45b-d9pnv'}, {'events': '368_215', 'score': 0.6875, 'deepth': 10, 'pod': 'ts-seat-service-5c95b49cff-mxdsg'}]
[INFO]2026-08-20 12:18:03,450 pattern_ranker.py:545: 2023-01-30 11:51:46 Inject RCA Pod Result:
[INFO]2026-08-20 12:18:03,450 pattern_ranker.py:546: 2023-01-30 11:51:46 Inject Ground Truth: ts-contacts-service-866bd68c97-dzqgd, network_delay
[INFO]2026-08-20 12:18:03,450 pattern_ranker.py:559: 2023-01-30 11:51:46 Inject Ground Truth: ts-contacts-service-866bd68c97-dzqgd, network_delay score 1
[INFO]2026-08-20 12:18:03,450 pattern_ranker.py:597: source :ts-contacts-service ContactsRepository.findById start, target: ts-contacts-service ContactsRepository.findById end, score: 1.0, deepth: 7, pod ts-contacts-service-866bd68c97-dzqgd, resource NetworkP90(ms)
[INFO]2026-08-20 12:18:03,451 pattern_ranker.py:597: source :ts-contacts-service ContactsRepository.findById start, target: ts-contacts-service Transaction.commit start, score: 1.0, deepth: 7, pod ts-contacts-service-866bd68c97-dzqgd, resource NetworkP90(ms)
[INFO]2026-08-20 12:18:03,451 pattern_ranker.py:600: source :t.s.TravelServiceImpl#343, target: ts-travel-service TravelController.queryInfo end, score: 1.0, deepth: 4, pod ts-travel-service-64469b5b48-5rjvb
[INFO]2026-08-20 12:18:03,451 pattern_ranker.py:600: source :ts-travel-service BasicErrorController.error start, target: ts-travel-service BasicErrorController.error end, score: 1.0, deepth: 3, pod ts-travel-service-64469b5b48-5rjvb
[INFO]2026-08-20 12:18:03,452 pattern_ranker.py:600: source :ts-travel-service /api/v1/travelservice/trips/left start, target: ERROR o.a.c.c.C.[.[.[.[dispatcherServlet]#175, score: 1.0, deepth: 2, pod ts-travel-service-64469b5b48-5rjvb
[INFO]2026-08-20 12:18:03,452 pattern_ranker.py:600: source :f.m.s.BasicServiceImpl#425, target: ts-basic-service HTTP GET start, score: 0.8571428571428571, deepth: 10, pod ts-basic-service-5dc8d4f9fd-llznp
[INFO]2026-08-20 12:18:03,452 pattern_ranker.py:600: source :t.s.TravelServiceImpl#457, target: ts-travel-service HTTP POST start, score: 0.8181818181818182, deepth: 7, pod ts-travel-service-64469b5b48-5rjvb
[INFO]2026-08-20 12:18:03,452 pattern_ranker.py:600: source :ts-food-service SELECT ts.food order start, target: ts-food-service SELECT ts.food order end, score: 0.8, deepth: 9, pod ts-food-service-f5756978c-6sb8t
[INFO]2026-08-20 12:18:03,454 pattern_ranker.py:600: source :ts-food-service <default> send start, target: ts-delivery-service food delivery process start, score: 0.8, deepth: 7, pod ts-food-service-f5756978c-6sb8t
[INFO]2026-08-20 12:18:03,454 pattern_ranker.py:600: source :ts-user-service UserRepository.findByUserId start, target: ts-user-service UserRepository.findByUserId end, score: 0.7857142857142857, deepth: 7, pod ts-user-service-687d654649-f8jtd
[INFO]2026-08-20 12:18:03,454 pattern_ranker.py:602: 
[INFO]2026-08-20 12:18:06,748 data_integrate.py:481: [{'pod': 'ts-basic-service-5dc8d4f9fd-llznp', 'alarm': [{'metric_type': 'CpuUsageRate(%)', 'alarm_flag': True}]}]
[INFO]2026-08-20 12:18:12,516 data_integrate.py:550: Data Integrate Complete!
[INFO]2026-08-20 12:18:13,497 pattern_ranker.py:192: Soted Result List: [{'events': '140_145', 'score': 1.0, 'deepth': 10, 'pod': 'ts-basic-service-5dc8d4f9fd-llznp', 'resource': 'CpuUsageRate(%)'}, {'events': '130_131', 'score': 1.0, 'deepth': 8, 'pod': 'ts-basic-service-5dc8d4f9fd-llznp', 'resource': 'CpuUsageRate(%)'}, {'events': '114_117', 'score': 1.0, 'deepth': 7, 'pod': 'ts-travel-service-64469b5b48-5rjvb'}, {'events': '114_128', 'score': 1.0, 'deepth': 7, 'pod': 'ts-travel-service-64469b5b48-5rjvb'}, {'events': '321_323', 'score': 1.0, 'deepth': 5, 'pod': 'ts-basic-service-5dc8d4f9fd-llznp', 'resource': 'CpuUsageRate(%)'}, {'events': '611_635', 'score': 1.0, 'deepth': 4, 'pod': 'ts-travel-service-64469b5b48-5rjvb'}, {'events': '632_609', 'score': 1.0, 'deepth': 2, 'pod': 'ts-travel-service-64469b5b48-5rjvb'}, {'events': '202_215', 'score': 0.9130434782608695, 'deepth': 9, 'pod': 'ts-seat-service-5c95b49cff-mxdsg'}, {'events': '116_128', 'score': 0.8666666666666667, 'deepth': 7, 'pod': 'ts-travel-service-64469b5b48-5rjvb'}, {'events': '513_523', 'score': 0.8571428571428571, 'deepth': 4, 'pod': 'ts-preserve-other-service-66646bdb5b-l8hp6'}, {'events': '206_217', 'score': 0.8363636363636363, 'deepth': 10, 'pod': 'ts-seat-service-5c95b49cff-mxdsg'}, {'events': '5_632', 'score': 0.8333333333333334, 'deepth': 1, 'pod': 'ts-gateway-service-6f6cfc45b-d9pnv'}, {'events': '205_204', 'score': 0.8275862068965517, 'deepth': 10, 'pod': 'ts-seat-service-5c95b49cff-mxdsg'}, {'events': '512_523', 'score': 0.8, 'deepth': 4, 'pod': 'ts-preserve-other-service-66646bdb5b-l8hp6'}, {'events': '198_199', 'score': 0.7833333333333333, 'deepth': 8, 'pod': 'ts-seat-service-5c95b49cff-mxdsg'}, {'events': '374_527', 'score': 0.7777777777777778, 'deepth': 13, 'pod': 'ts-order-other-service-6cdbf9b4cc-swvb5'}, {'events': '407_86', 'score': 0.7777777777777778, 'deepth': 8, 'pod': 'ts-order-other-service-6cdbf9b4cc-swvb5'}, {'events': '405_533', 'score': 0.7777777777777778, 'deepth': 8, 'pod': 'ts-order-other-service-6cdbf9b4cc-swvb5'}, {'events': '305_538', 'score': 0.7777777777777778, 'deepth': 7, 'pod': 'ts-travel2-service-5c66d57d58-zxw8n'}, {'events': '214_543', 'score': 0.7777777777777778, 'deepth': 7, 'pod': 'ts-seat-service-5c95b49cff-mxdsg'}, {'events': '504_503', 'score': 0.7777777777777778, 'deepth': 4, 'pod': 'ts-preserve-other-service-66646bdb5b-l8hp6'}, {'events': '521_33', 'score': 0.7777777777777778, 'deepth': 4, 'pod': 'ts-preserve-other-service-66646bdb5b-l8hp6'}, {'events': '521_94', 'score': 0.7777777777777778, 'deepth': 4, 'pod': 'ts-preserve-other-service-66646bdb5b-l8hp6'}, {'events': '521_282', 'score': 0.7777777777777778, 'deepth': 4, 'pod': 'ts-preserve-other-service-66646bdb5b-l8hp6'}, {'events': '5_499', 'score': 0.7777777777777778, 'deepth': 1, 'pod': 'ts-gateway-service-6f6cfc45b-d9pnv'}, {'events': '368_217', 'score': 0.7454545454545455, 'deepth': 10, 'pod': 'ts-seat-service-5c95b49cff-mxdsg'}, {'events': '367_204', 'score': 0.7419354838709677, 'deepth': 10, 'pod': 'ts-seat-service-5c95b49cff-mxdsg'}, {'events': '295_296', 'score': 0.7333333333333333, 'deepth': 7, 'pod': 'ts-user-service-687d654649-f8jtd'}, {'events': '295_297', 'score': 0.7333333333333333, 'deepth': 7, 'pod': 'ts-user-service-687d654649-f8jtd'}, {'events': '55_613', 'score': 0.7301587301587301, 'deepth': 13, 'pod': 'ts-order-service-5b67c48447-fj8b7'}, {'events': '207_206', 'score': 0.6956521739130435, 'deepth': 10, 'pod': 'ts-seat-service-5c95b49cff-mxdsg'}, {'events': '368_215', 'score': 0.6875, 'deepth': 10, 'pod': 'ts-seat-service-5c95b49cff-mxdsg'}]
[INFO]2026-08-20 12:18:13,516 pattern_ranker.py:545: 2023-01-30 11:59:21 Inject RCA Pod Result:
[INFO]2026-08-20 12:18:13,516 pattern_ranker.py:546: 2023-01-30 11:59:21 Inject Ground Truth: ts-basic-service-5dc8d4f9fd-llznp, cpu_contention
[INFO]2026-08-20 12:18:13,516 pattern_ranker.py:559: 2023-01-30 11:59:21 Inject Ground Truth: ts-basic-service-5dc8d4f9fd-llznp, cpu_contention score 1
[INFO]2026-08-20 12:18:13,516 pattern_ranker.py:597: source :f.m.s.BasicServiceImpl#438, target: ts-basic-service HTTP GET start, score: 1.0, deepth: 10, pod ts-basic-service-5dc8d4f9fd-llznp, resource CpuUsageRate(%)
[INFO]2026-08-20 12:18:13,516 pattern_ranker.py:597: source :ts-basic-service /api/v1/basicservice/basic/travel start, target: ts-basic-service /api/v1/basicservice/basic/travel end, score: 1.0, deepth: 8, pod ts-basic-service-5dc8d4f9fd-llznp, resource CpuUsageRate(%)
[INFO]2026-08-20 12:18:13,517 pattern_ranker.py:600: source :t.s.TravelServiceImpl#457, target: t.s.TravelServiceImpl#548, score: 1.0, deepth: 7, pod ts-travel-service-64469b5b48-5rjvb
[INFO]2026-08-20 12:18:13,517 pattern_ranker.py:600: source :t.s.TravelServiceImpl#457, target: ts-travel-service HTTP POST start, score: 1.0, deepth: 7, pod ts-travel-service-64469b5b48-5rjvb
[INFO]2026-08-20 12:18:13,517 pattern_ranker.py:597: source :ts-basic-service /api/v1/basicservice/basic/travels start, target: ts-basic-service BasicController.queryForTravels start, score: 1.0, deepth: 5, pod ts-basic-service-5dc8d4f9fd-llznp, resource CpuUsageRate(%)
[INFO]2026-08-20 12:18:13,517 pattern_ranker.py:600: source :t.s.TravelServiceImpl#343, target: ts-travel-service TravelController.queryInfo end, score: 1.0, deepth: 4, pod ts-travel-service-64469b5b48-5rjvb
[INFO]2026-08-20 12:18:13,518 pattern_ranker.py:600: source :ts-travel-service /api/v1/travelservice/trips/left start, target: ERROR o.a.c.c.C.[.[.[.[dispatcherServlet]#175, score: 1.0, deepth: 2, pod ts-travel-service-64469b5b48-5rjvb
[INFO]2026-08-20 12:18:13,518 pattern_ranker.py:600: source :ts-seat-service SeatController.getLeftTicketOfInterval start, target: ts-seat-service HTTP POST start, score: 0.9130434782608695, deepth: 9, pod ts-seat-service-5c95b49cff-mxdsg
[INFO]2026-08-20 12:18:13,518 pattern_ranker.py:600: source :t.s.TravelServiceImpl#558, target: ts-travel-service HTTP POST start, score: 0.8666666666666667, deepth: 7, pod ts-travel-service-64469b5b48-5rjvb
[INFO]2026-08-20 12:18:13,518 pattern_ranker.py:600: source :p.s.PreserveOtherServiceImpl#363, target: ts-preserve-other-service HTTP POST start, score: 0.8571428571428571, deepth: 4, pod ts-preserve-other-service-66646bdb5b-l8hp6
[INFO]2026-08-20 12:18:13,518 pattern_ranker.py:602: 
[INFO]2026-08-20 12:18:17,011 data_integrate.py:481: [{'pod': 'ts-basic-service-5dc8d4f9fd-llznp', 'alarm': [{'metric_type': 'NetworkP90(ms)', 'alarm_flag': True}]}]
[INFO]2026-08-20 12:18:19,402 data_integrate.py:550: Data Integrate Complete!
[INFO]2026-08-20 12:18:20,058 pattern_ranker.py:192: Soted Result List: [{'events': '130_131', 'score': 1.0, 'deepth': 8, 'pod': 'ts-basic-service-5dc8d4f9fd-llznp', 'resource': 'NetworkP90(ms)'}, {'events': '551_552', 'score': 1.0, 'deepth': 4, 'pod': 'ts-execute-service-775f544d9-tmwcv'}, {'events': '611_635', 'score': 1.0, 'deepth': 4, 'pod': 'ts-travel-service-64469b5b48-5rjvb'}, {'events': '670_671', 'score': 1.0, 'deepth': 3, 'pod': 'ts-travel-service-64469b5b48-5rjvb'}, {'events': '632_609', 'score': 1.0, 'deepth': 2, 'pod': 'ts-travel-service-64469b5b48-5rjvb'}, {'events': '114_128', 'score': 0.9, 'deepth': 7, 'pod': 'ts-travel-service-64469b5b48-5rjvb'}, {'events': '202_215', 'score': 0.875, 'deepth': 9, 'pod': 'ts-seat-service-5c95b49cff-mxdsg'}, {'events': '114_117', 'score': 0.875, 'deepth': 7, 'pod': 'ts-travel-service-64469b5b48-5rjvb'}, {'events': '521_282', 'score': 0.875, 'deepth': 4, 'pod': 'ts-preserve-other-service-66646bdb5b-l8hp6'}, {'events': '499_500', 'score': 0.875, 'deepth': 2, 'pod': 'ts-preserve-other-service-66646bdb5b-l8hp6'}, {'events': '513_523', 'score': 0.8571428571428571, 'deepth': 4, 'pod': 'ts-preserve-other-service-66646bdb5b-l8hp6'}, {'events': '374_527', 'score': 0.7777777777777778, 'deepth': 13, 'pod': 'ts-order-other-service-6cdbf9b4cc-swvb5'}, {'events': '407_86', 'score': 0.7777777777777778, 'deepth': 8, 'pod': 'ts-order-other-service-6cdbf9b4cc-swvb5'}, {'events': '405_533', 'score': 0.7777777777777778, 'deepth': 8, 'pod': 'ts-order-other-service-6cdbf9b4cc-swvb5'}, {'events': '305_538', 'score': 0.7777777777777778, 'deepth': 7, 'pod': 'ts-travel2-service-5c66d57d58-zxw8n'}, {'events': '214_543', 'score': 0.7777777777777778, 'deepth': 7, 'pod': 'ts-seat-service-5c95b49cff-mxdsg'}, {'events': '504_503', 'score': 0.7777777777777778, 'deepth': 4, 'pod': 'ts-preserve-other-service-66646bdb5b-l8hp6'}, {'events': '5_499', 'score': 0.7777777777777778, 'deepth': 1, 'pod': 'ts-gateway-service-6f6cfc45b-d9pnv'}, {'events': '459_461', 'score': 0.75, 'deepth': 4, 'pod': 'ts-food-service-f5756978c-6sb8t'}, {'events': '368_215', 'score': 0.6875, 'deepth': 10, 'pod': 'ts-seat-service-5c95b49cff-mxdsg'}, {'events': '55_613', 'score': 0.6764705882352942, 'deepth': 13, 'pod': 'ts-order-service-5b67c48447-fj8b7'}]
[INFO]2026-08-20 12:18:20,067 pattern_ranker.py:545: 2023-01-30 12:06:12 Inject RCA Pod Result:
[INFO]2026-08-20 12:18:20,068 pattern_ranker.py:546: 2023-01-30 12:06:12 Inject Ground Truth: ts-basic-service-5dc8d4f9fd-llznp, network_delay
[INFO]2026-08-20 12:18:20,068 pattern_ranker.py:559: 2023-01-30 12:06:12 Inject Ground Truth: ts-basic-service-5dc8d4f9fd-llznp, network_delay score 1
[INFO]2026-08-20 12:18:20,068 pattern_ranker.py:597: source :ts-basic-service /api/v1/basicservice/basic/travel start, target: ts-basic-service /api/v1/basicservice/basic/travel end, score: 1.0, deepth: 8, pod ts-basic-service-5dc8d4f9fd-llznp, resource NetworkP90(ms)
[INFO]2026-08-20 12:18:20,068 pattern_ranker.py:600: source :ts-execute-service HTTP GET start, target: ts-execute-service HTTP GET end, score: 1.0, deepth: 4, pod ts-execute-service-775f544d9-tmwcv
[INFO]2026-08-20 12:18:20,069 pattern_ranker.py:600: source :t.s.TravelServiceImpl#343, target: ts-travel-service TravelController.queryInfo end, score: 1.0, deepth: 4, pod ts-travel-service-64469b5b48-5rjvb
[INFO]2026-08-20 12:18:20,069 pattern_ranker.py:600: source :ts-travel-service BasicErrorController.error start, target: ts-travel-service BasicErrorController.error end, score: 1.0, deepth: 3, pod ts-travel-service-64469b5b48-5rjvb
[INFO]2026-08-20 12:18:20,069 pattern_ranker.py:600: source :ts-travel-service /api/v1/travelservice/trips/left start, target: ERROR o.a.c.c.C.[.[.[.[dispatcherServlet]#175, score: 1.0, deepth: 2, pod ts-travel-service-64469b5b48-5rjvb
[INFO]2026-08-20 12:18:20,069 pattern_ranker.py:600: source :t.s.TravelServiceImpl#457, target: ts-travel-service HTTP POST start, score: 0.9, deepth: 7, pod ts-travel-service-64469b5b48-5rjvb
[INFO]2026-08-20 12:18:20,070 pattern_ranker.py:600: source :ts-seat-service SeatController.getLeftTicketOfInterval start, target: ts-seat-service HTTP POST start, score: 0.875, deepth: 9, pod ts-seat-service-5c95b49cff-mxdsg
[INFO]2026-08-20 12:18:20,070 pattern_ranker.py:600: source :t.s.TravelServiceImpl#457, target: t.s.TravelServiceImpl#548, score: 0.875, deepth: 7, pod ts-travel-service-64469b5b48-5rjvb
[INFO]2026-08-20 12:18:20,070 pattern_ranker.py:600: source :ts-preserve-other-service HTTP GET start, target: ts-user-service /api/v1/userservice/users/id/{userId} start, score: 0.875, deepth: 4, pod ts-preserve-other-service-66646bdb5b-l8hp6
[INFO]2026-08-20 12:18:20,070 pattern_ranker.py:600: source :ts-preserve-other-service /api/v1/preserveotherservice/preserveOther start, target: ts-preserve-other-service /api/v1/preserveotherservice/preserveOther end, score: 0.875, deepth: 2, pod ts-preserve-other-service-66646bdb5b-l8hp6
[INFO]2026-08-20 12:18:20,071 pattern_ranker.py:602: 
[INFO]2026-08-20 12:18:24,914 data_integrate.py:481: [{'pod': 'ts-basic-service-5dc8d4f9fd-llznp', 'alarm': [{'metric_type': 'NetworkP90(ms)', 'alarm_flag': True}]}]
[INFO]2026-08-20 12:18:27,913 data_integrate.py:550: Data Integrate Complete!
[INFO]2026-08-20 12:18:28,169 pattern_ranker.py:192: Soted Result List: [{'events': '130_131', 'score': 1.0, 'deepth': 8, 'pod': 'ts-basic-service-5dc8d4f9fd-llznp', 'resource': 'NetworkP90(ms)'}, {'events': '611_635', 'score': 1.0, 'deepth': 4, 'pod': 'ts-travel-service-64469b5b48-5rjvb'}, {'events': '670_671', 'score': 1.0, 'deepth': 3, 'pod': 'ts-travel-service-64469b5b48-5rjvb'}, {'events': '632_609', 'score': 1.0, 'deepth': 2, 'pod': 'ts-travel-service-64469b5b48-5rjvb'}, {'events': '368_215', 'score': 0.7857142857142857, 'deepth': 10, 'pod': 'ts-seat-service-5c95b49cff-mxdsg'}, {'events': '650_651', 'score': 0.75, 'deepth': 4, 'pod': 'ts-cancel-service-756f6c4675-prw5z'}, {'events': '427_428', 'score': 0.7, 'deepth': 9, 'pod': 'ts-inside-payment-service-6f94c49ccd-t4k6c'}, {'events': '114_117', 'score': 0.7, 'deepth': 7, 'pod': 'ts-travel-service-64469b5b48-5rjvb'}]
[INFO]2026-08-20 12:18:28,181 pattern_ranker.py:545: 2023-01-30 12:15:56 Inject RCA Pod Result:
[INFO]2026-08-20 12:18:28,181 pattern_ranker.py:546: 2023-01-30 12:15:56 Inject Ground Truth: ts-basic-service-5dc8d4f9fd-llznp, network_delay
[INFO]2026-08-20 12:18:28,181 pattern_ranker.py:559: 2023-01-30 12:15:56 Inject Ground Truth: ts-basic-service-5dc8d4f9fd-llznp, network_delay score 1
[INFO]2026-08-20 12:18:28,181 pattern_ranker.py:597: source :ts-basic-service /api/v1/basicservice/basic/travel start, target: ts-basic-service /api/v1/basicservice/basic/travel end, score: 1.0, deepth: 8, pod ts-basic-service-5dc8d4f9fd-llznp, resource NetworkP90(ms)
[INFO]2026-08-20 12:18:28,181 pattern_ranker.py:600: source :t.s.TravelServiceImpl#343, target: ts-travel-service TravelController.queryInfo end, score: 1.0, deepth: 4, pod ts-travel-service-64469b5b48-5rjvb
[INFO]2026-08-20 12:18:28,182 pattern_ranker.py:600: source :ts-travel-service BasicErrorController.error start, target: ts-travel-service BasicErrorController.error end, score: 1.0, deepth: 3, pod ts-travel-service-64469b5b48-5rjvb
[INFO]2026-08-20 12:18:28,182 pattern_ranker.py:600: source :ts-travel-service /api/v1/travelservice/trips/left start, target: ERROR o.a.c.c.C.[.[.[.[dispatcherServlet]#175, score: 1.0, deepth: 2, pod ts-travel-service-64469b5b48-5rjvb
[INFO]2026-08-20 12:18:28,183 pattern_ranker.py:600: source :s.s.SeatServiceImpl#154, target: ts-seat-service HTTP POST start, score: 0.7857142857142857, deepth: 10, pod ts-seat-service-5c95b49cff-mxdsg
[INFO]2026-08-20 12:18:28,183 pattern_ranker.py:600: source :ts-cancel-service HTTP GET start, target: ts-cancel-service HTTP GET end, score: 0.75, deepth: 4, pod ts-cancel-service-756f6c4675-prw5z
[INFO]2026-08-20 12:18:28,183 pattern_ranker.py:600: source :ts-inside-payment-service <:*:> ts.inside money start, target: ts-inside-payment-service <:*:> ts.inside money end, score: 0.7, deepth: 9, pod ts-inside-payment-service-6f94c49ccd-t4k6c
[INFO]2026-08-20 12:18:28,183 pattern_ranker.py:600: source :t.s.TravelServiceImpl#457, target: t.s.TravelServiceImpl#548, score: 0.7, deepth: 7, pod ts-travel-service-64469b5b48-5rjvb
[INFO]2026-08-20 12:18:28,183 pattern_ranker.py:602: 
[INFO]2026-08-20 12:18:33,541 data_integrate.py:481: [{'pod': 'ts-verification-code-service-7b6dc75c45-r66rb', 'alarm': [{'metric_type': 'NetworkP90(ms)', 'alarm_flag': True}]}]
[INFO]2026-08-20 12:18:36,571 data_integrate.py:550: Data Integrate Complete!
[INFO]2026-08-20 12:18:36,681 pattern_ranker.py:192: Soted Result List: [{'events': '622_623', 'score': 1.0, 'deepth': 5, 'pod': 'ts-verification-code-service-7b6dc75c45-r66rb', 'resource': 'NetworkP90(ms)'}, {'events': '611_635', 'score': 0.8571428571428571, 'deepth': 4, 'pod': 'ts-travel-service-64469b5b48-5rjvb'}, {'events': '670_671', 'score': 0.8571428571428571, 'deepth': 3, 'pod': 'ts-travel-service-64469b5b48-5rjvb'}, {'events': '632_609', 'score': 0.8571428571428571, 'deepth': 2, 'pod': 'ts-travel-service-64469b5b48-5rjvb'}, {'events': '368_215', 'score': 0.7333333333333333, 'deepth': 10, 'pod': 'ts-seat-service-5c95b49cff-mxdsg'}]
[INFO]2026-08-20 12:18:36,694 pattern_ranker.py:545: 2023-01-30 12:29:29 Inject RCA Pod Result:
[INFO]2026-08-20 12:18:36,694 pattern_ranker.py:546: 2023-01-30 12:29:29 Inject Ground Truth: ts-verification-code-service-7b6dc75c45-r66rb, network_delay
[INFO]2026-08-20 12:18:36,695 pattern_ranker.py:559: 2023-01-30 12:29:29 Inject Ground Truth: ts-verification-code-service-7b6dc75c45-r66rb, network_delay score 1
[INFO]2026-08-20 12:18:36,695 pattern_ranker.py:597: source :ts-verification-code-service /api/v1/verifycode/verify/{verifyCode} start, target: ts-verification-code-service /api/v1/verifycode/verify/{verifyCode} end, score: 1.0, deepth: 5, pod ts-verification-code-service-7b6dc75c45-r66rb, resource NetworkP90(ms)
[INFO]2026-08-20 12:18:36,695 pattern_ranker.py:600: source :t.s.TravelServiceImpl#343, target: ts-travel-service TravelController.queryInfo end, score: 0.8571428571428571, deepth: 4, pod ts-travel-service-64469b5b48-5rjvb
[INFO]2026-08-20 12:18:36,696 pattern_ranker.py:600: source :ts-travel-service BasicErrorController.error start, target: ts-travel-service BasicErrorController.error end, score: 0.8571428571428571, deepth: 3, pod ts-travel-service-64469b5b48-5rjvb
[INFO]2026-08-20 12:18:36,696 pattern_ranker.py:600: source :ts-travel-service /api/v1/travelservice/trips/left start, target: ERROR o.a.c.c.C.[.[.[.[dispatcherServlet]#175, score: 0.8571428571428571, deepth: 2, pod ts-travel-service-64469b5b48-5rjvb
[INFO]2026-08-20 12:18:36,696 pattern_ranker.py:600: source :s.s.SeatServiceImpl#154, target: ts-seat-service HTTP POST start, score: 0.7333333333333333, deepth: 10, pod ts-seat-service-5c95b49cff-mxdsg
[INFO]2026-08-20 12:18:36,696 pattern_ranker.py:602: 
[INFO]2026-08-20 12:18:40,984 data_integrate.py:481: [{'pod': 'ts-verification-code-service-7b6dc75c45-r66rb', 'alarm': [{'metric_type': 'NetworkP90(ms)', 'alarm_flag': True}]}]
[INFO]2026-08-20 12:18:43,318 data_integrate.py:550: Data Integrate Complete!
[INFO]2026-08-20 12:18:43,417 pattern_ranker.py:192: Soted Result List: [{'events': '622_623', 'score': 1.0, 'deepth': 5, 'pod': 'ts-verification-code-service-7b6dc75c45-r66rb', 'resource': 'NetworkP90(ms)'}, {'events': '611_635', 'score': 1.0, 'deepth': 4, 'pod': 'ts-travel-service-64469b5b48-5rjvb'}, {'events': '670_671', 'score': 1.0, 'deepth': 3, 'pod': 'ts-travel-service-64469b5b48-5rjvb'}, {'events': '632_609', 'score': 1.0, 'deepth': 2, 'pod': 'ts-travel-service-64469b5b48-5rjvb'}, {'events': '114_128', 'score': 0.8181818181818182, 'deepth': 7, 'pod': 'ts-travel-service-64469b5b48-5rjvb'}, {'events': '114_117', 'score': 0.7, 'deepth': 7, 'pod': 'ts-travel-service-64469b5b48-5rjvb'}]
[INFO]2026-08-20 12:18:43,429 pattern_ranker.py:545: 2023-01-30 12:36:54 Inject RCA Pod Result:
[INFO]2026-08-20 12:18:43,430 pattern_ranker.py:546: 2023-01-30 12:36:54 Inject Ground Truth: ts-verification-code-service-7b6dc75c45-r66rb, network_delay
[INFO]2026-08-20 12:18:43,430 pattern_ranker.py:559: 2023-01-30 12:36:54 Inject Ground Truth: ts-verification-code-service-7b6dc75c45-r66rb, network_delay score 1
[INFO]2026-08-20 12:18:43,430 pattern_ranker.py:597: source :ts-verification-code-service /api/v1/verifycode/verify/{verifyCode} start, target: ts-verification-code-service /api/v1/verifycode/verify/{verifyCode} end, score: 1.0, deepth: 5, pod ts-verification-code-service-7b6dc75c45-r66rb, resource NetworkP90(ms)
[INFO]2026-08-20 12:18:43,431 pattern_ranker.py:600: source :t.s.TravelServiceImpl#343, target: ts-travel-service TravelController.queryInfo end, score: 1.0, deepth: 4, pod ts-travel-service-64469b5b48-5rjvb
[INFO]2026-08-20 12:18:43,431 pattern_ranker.py:600: source :ts-travel-service BasicErrorController.error start, target: ts-travel-service BasicErrorController.error end, score: 1.0, deepth: 3, pod ts-travel-service-64469b5b48-5rjvb
[INFO]2026-08-20 12:18:43,431 pattern_ranker.py:600: source :ts-travel-service /api/v1/travelservice/trips/left start, target: ERROR o.a.c.c.C.[.[.[.[dispatcherServlet]#175, score: 1.0, deepth: 2, pod ts-travel-service-64469b5b48-5rjvb
[INFO]2026-08-20 12:18:43,432 pattern_ranker.py:600: source :t.s.TravelServiceImpl#457, target: ts-travel-service HTTP POST start, score: 0.8181818181818182, deepth: 7, pod ts-travel-service-64469b5b48-5rjvb
[INFO]2026-08-20 12:18:43,432 pattern_ranker.py:600: source :t.s.TravelServiceImpl#457, target: t.s.TravelServiceImpl#548, score: 0.7, deepth: 7, pod ts-travel-service-64469b5b48-5rjvb
[INFO]2026-08-20 12:18:43,432 pattern_ranker.py:602: 
[INFO]2026-08-20 12:18:46,083 data_integrate.py:481: [{'pod': 'ts-food-service-f5756978c-6sb8t', 'alarm': [{'metric_type': 'CpuUsageRate(%)', 'alarm_flag': True}]}]
[INFO]2026-08-20 12:18:47,904 data_integrate.py:550: Data Integrate Complete!
[INFO]2026-08-20 12:18:48,751 pattern_ranker.py:192: Soted Result List: [{'events': '374_527', 'score': 1.0, 'deepth': 13, 'pod': 'ts-order-other-service-6cdbf9b4cc-swvb5'}, {'events': '269_270', 'score': 1.0, 'deepth': 9, 'pod': 'ts-food-service-f5756978c-6sb8t', 'resource': 'CpuUsageRate(%)'}, {'events': '407_86', 'score': 1.0, 'deepth': 8, 'pod': 'ts-order-other-service-6cdbf9b4cc-swvb5'}, {'events': '405_533', 'score': 1.0, 'deepth': 8, 'pod': 'ts-order-other-service-6cdbf9b4cc-swvb5'}, {'events': '305_538', 'score': 1.0, 'deepth': 7, 'pod': 'ts-travel2-service-5c66d57d58-zxw8n'}, {'events': '214_543', 'score': 1.0, 'deepth': 7, 'pod': 'ts-seat-service-5c95b49cff-mxdsg'}, {'events': '504_503', 'score': 1.0, 'deepth': 4, 'pod': 'ts-preserve-other-service-66646bdb5b-l8hp6'}, {'events': '611_635', 'score': 1.0, 'deepth': 4, 'pod': 'ts-travel-service-64469b5b48-5rjvb'}, {'events': '670_671', 'score': 1.0, 'deepth': 3, 'pod': 'ts-travel-service-64469b5b48-5rjvb'}, {'events': '632_609', 'score': 1.0, 'deepth': 2, 'pod': 'ts-travel-service-64469b5b48-5rjvb'}, {'events': '5_499', 'score': 1.0, 'deepth': 1, 'pod': 'ts-gateway-service-6f6cfc45b-d9pnv'}, {'events': '459_461', 'score': 0.8571428571428571, 'deepth': 4, 'pod': 'ts-food-service-f5756978c-6sb8t', 'resource': 'CpuUsageRate(%)'}, {'events': '188_192', 'score': 0.8125, 'deepth': 12, 'pod': 'ts-price-service-76846864d9-nmjz7'}, {'events': '102_103', 'score': 0.8, 'deepth': 7, 'pod': 'ts-contacts-service-866bd68c97-dzqgd'}, {'events': '102_104', 'score': 0.8, 'deepth': 7, 'pod': 'ts-contacts-service-866bd68c97-dzqgd'}, {'events': '102_106', 'score': 0.8, 'deepth': 7, 'pod': 'ts-contacts-service-866bd68c97-dzqgd'}, {'events': '273_275', 'score': 0.8, 'deepth': 7, 'pod': 'ts-food-service-f5756978c-6sb8t', 'resource': 'CpuUsageRate(%)'}, {'events': '202_215', 'score': 0.75, 'deepth': 9, 'pod': 'ts-seat-service-5c95b49cff-mxdsg'}, {'events': '295_296', 'score': 0.7333333333333333, 'deepth': 7, 'pod': 'ts-user-service-687d654649-f8jtd'}, {'events': '295_297', 'score': 0.7333333333333333, 'deepth': 7, 'pod': 'ts-user-service-687d654649-f8jtd'}, {'events': '368_217', 'score': 0.7192982456140351, 'deepth': 10, 'pod': 'ts-seat-service-5c95b49cff-mxdsg'}, {'events': '207_368', 'score': 0.71875, 'deepth': 10, 'pod': 'ts-seat-service-5c95b49cff-mxdsg'}, {'events': '114_117', 'score': 0.7, 'deepth': 7, 'pod': 'ts-travel-service-64469b5b48-5rjvb'}, {'events': '114_128', 'score': 0.6923076923076923, 'deepth': 7, 'pod': 'ts-travel-service-64469b5b48-5rjvb'}, {'events': '329_333', 'score': 0.6896551724137931, 'deepth': 7, 'pod': 'ts-basic-service-5dc8d4f9fd-llznp'}, {'events': '207_215', 'score': 0.6829268292682927, 'deepth': 10, 'pod': 'ts-seat-service-5c95b49cff-mxdsg'}]
[INFO]2026-08-20 12:18:48,759 pattern_ranker.py:545: 2023-01-30 12:44:36 Inject RCA Pod Result:
[INFO]2026-08-20 12:18:48,759 pattern_ranker.py:546: 2023-01-30 12:44:36 Inject Ground Truth: ts-food-service-f5756978c-6sb8t, cpu_contention
[INFO]2026-08-20 12:18:48,759 pattern_ranker.py:559: 2023-01-30 12:44:36 Inject Ground Truth: ts-food-service-f5756978c-6sb8t, cpu_contention score 2
[INFO]2026-08-20 12:18:48,759 pattern_ranker.py:600: source :o.c.OrderOtherController#42, target: o.s.OrderOtherServiceImpl#67, score: 1.0, deepth: 13, pod ts-order-other-service-6cdbf9b4cc-swvb5
[INFO]2026-08-20 12:18:48,760 pattern_ranker.py:597: source :ts-food-service SELECT ts.food order start, target: ts-food-service SELECT ts.food order end, score: 1.0, deepth: 9, pod ts-food-service-f5756978c-6sb8t, resource CpuUsageRate(%)
[INFO]2026-08-20 12:18:48,760 pattern_ranker.py:600: source :ts-order-other-service Session.merge other.entity.Order start, target: ts-order-other-service SELECT ts.orders other start, score: 1.0, deepth: 8, pod ts-order-other-service-6cdbf9b4cc-swvb5
[INFO]2026-08-20 12:18:48,760 pattern_ranker.py:600: source :ts-order-other-service Transaction.commit start, target: ts-order-other-service INSERT ts.orders other start, score: 1.0, deepth: 8, pod ts-order-other-service-6cdbf9b4cc-swvb5
[INFO]2026-08-20 12:18:48,760 pattern_ranker.py:600: source :t.s.TravelServiceImpl#372, target: ts-travel2-service Travel2Controller.getTripAllDetailInfo end, score: 1.0, deepth: 7, pod ts-travel2-service-5c66d57d58-zxw8n
[INFO]2026-08-20 12:18:48,761 pattern_ranker.py:600: source :s.c.SeatController#41, target: s.s.SeatServiceImpl#69, score: 1.0, deepth: 7, pod ts-seat-service-5c95b49cff-mxdsg
[INFO]2026-08-20 12:18:48,761 pattern_ranker.py:600: source :p.s.PreserveOtherServiceImpl#239, target: p.s.PreserveOtherServiceImpl#301, score: 1.0, deepth: 4, pod ts-preserve-other-service-66646bdb5b-l8hp6
[INFO]2026-08-20 12:18:48,761 pattern_ranker.py:600: source :t.s.TravelServiceImpl#343, target: ts-travel-service TravelController.queryInfo end, score: 1.0, deepth: 4, pod ts-travel-service-64469b5b48-5rjvb
[INFO]2026-08-20 12:18:48,762 pattern_ranker.py:600: source :ts-travel-service BasicErrorController.error start, target: ts-travel-service BasicErrorController.error end, score: 1.0, deepth: 3, pod ts-travel-service-64469b5b48-5rjvb
[INFO]2026-08-20 12:18:48,762 pattern_ranker.py:600: source :ts-travel-service /api/v1/travelservice/trips/left start, target: ERROR o.a.c.c.C.[.[.[.[dispatcherServlet]#175, score: 1.0, deepth: 2, pod ts-travel-service-64469b5b48-5rjvb
[INFO]2026-08-20 12:18:48,762 pattern_ranker.py:602: 
[INFO]2026-08-20 12:18:52,136 data_integrate.py:481: [{'pod': 'ts-food-service-f5756978c-6sb8t', 'alarm': [{'metric_type': 'NetworkP90(ms)', 'alarm_flag': True}]}]
[INFO]2026-08-20 12:18:55,481 data_integrate.py:550: Data Integrate Complete!
[INFO]2026-08-20 12:18:55,966 pattern_ranker.py:192: Soted Result List: [{'events': '269_270', 'score': 1.0, 'deepth': 9, 'pod': 'ts-food-service-f5756978c-6sb8t', 'resource': 'NetworkP90(ms)'}, {'events': '308_540', 'score': 1.0, 'deepth': 7, 'pod': 'ts-travel2-service-5c66d57d58-zxw8n'}, {'events': '611_635', 'score': 1.0, 'deepth': 4, 'pod': 'ts-travel-service-64469b5b48-5rjvb'}, {'events': '670_671', 'score': 1.0, 'deepth': 3, 'pod': 'ts-travel-service-64469b5b48-5rjvb'}, {'events': '632_609', 'score': 1.0, 'deepth': 2, 'pod': 'ts-travel-service-64469b5b48-5rjvb'}, {'events': '141_145', 'score': 0.8571428571428571, 'deepth': 10, 'pod': 'ts-basic-service-5dc8d4f9fd-llznp'}, {'events': '512_523', 'score': 0.8, 'deepth': 4, 'pod': 'ts-preserve-other-service-66646bdb5b-l8hp6'}, {'events': '521_522', 'score': 0.7931034482758621, 'deepth': 4, 'pod': 'ts-preserve-other-service-66646bdb5b-l8hp6'}, {'events': '368_215', 'score': 0.7857142857142857, 'deepth': 10, 'pod': 'ts-seat-service-5c95b49cff-mxdsg'}, {'events': '374_527', 'score': 0.7777777777777778, 'deepth': 13, 'pod': 'ts-order-other-service-6cdbf9b4cc-swvb5'}, {'events': '407_86', 'score': 0.7777777777777778, 'deepth': 8, 'pod': 'ts-order-other-service-6cdbf9b4cc-swvb5'}, {'events': '405_533', 'score': 0.7777777777777778, 'deepth': 8, 'pod': 'ts-order-other-service-6cdbf9b4cc-swvb5'}, {'events': '305_538', 'score': 0.7777777777777778, 'deepth': 7, 'pod': 'ts-travel2-service-5c66d57d58-zxw8n'}, {'events': '214_543', 'score': 0.7777777777777778, 'deepth': 7, 'pod': 'ts-seat-service-5c95b49cff-mxdsg'}, {'events': '504_503', 'score': 0.7777777777777778, 'deepth': 4, 'pod': 'ts-preserve-other-service-66646bdb5b-l8hp6'}, {'events': '5_499', 'score': 0.7777777777777778, 'deepth': 1, 'pod': 'ts-gateway-service-6f6cfc45b-d9pnv'}, {'events': '650_651', 'score': 0.75, 'deepth': 4, 'pod': 'ts-cancel-service-756f6c4675-prw5z'}, {'events': '427_428', 'score': 0.7, 'deepth': 9, 'pod': 'ts-inside-payment-service-6f94c49ccd-t4k6c'}]
[INFO]2026-08-20 12:18:55,977 pattern_ranker.py:545: 2023-01-30 12:52:04 Inject RCA Pod Result:
[INFO]2026-08-20 12:18:55,977 pattern_ranker.py:546: 2023-01-30 12:52:04 Inject Ground Truth: ts-food-service-f5756978c-6sb8t, network_delay
[INFO]2026-08-20 12:18:55,977 pattern_ranker.py:559: 2023-01-30 12:52:04 Inject Ground Truth: ts-food-service-f5756978c-6sb8t, network_delay score 1
[INFO]2026-08-20 12:18:55,977 pattern_ranker.py:597: source :ts-food-service SELECT ts.food order start, target: ts-food-service SELECT ts.food order end, score: 1.0, deepth: 9, pod ts-food-service-f5756978c-6sb8t, resource NetworkP90(ms)
[INFO]2026-08-20 12:18:55,977 pattern_ranker.py:600: source :t.s.TravelServiceImpl#459, target: ts-travel2-service TripRepository.findByTripId start, score: 1.0, deepth: 7, pod ts-travel2-service-5c66d57d58-zxw8n
[INFO]2026-08-20 12:18:55,978 pattern_ranker.py:600: source :t.s.TravelServiceImpl#343, target: ts-travel-service TravelController.queryInfo end, score: 1.0, deepth: 4, pod ts-travel-service-64469b5b48-5rjvb
[INFO]2026-08-20 12:18:55,978 pattern_ranker.py:600: source :ts-travel-service BasicErrorController.error start, target: ts-travel-service BasicErrorController.error end, score: 1.0, deepth: 3, pod ts-travel-service-64469b5b48-5rjvb
[INFO]2026-08-20 12:18:55,979 pattern_ranker.py:600: source :ts-travel-service /api/v1/travelservice/trips/left start, target: ERROR o.a.c.c.C.[.[.[.[dispatcherServlet]#175, score: 1.0, deepth: 2, pod ts-travel-service-64469b5b48-5rjvb
[INFO]2026-08-20 12:18:55,979 pattern_ranker.py:600: source :f.m.s.BasicServiceImpl#425, target: ts-basic-service HTTP GET start, score: 0.8571428571428571, deepth: 10, pod ts-basic-service-5dc8d4f9fd-llznp
[INFO]2026-08-20 12:18:55,979 pattern_ranker.py:600: source :p.s.PreserveOtherServiceImpl#101, target: ts-preserve-other-service HTTP POST start, score: 0.8, deepth: 4, pod ts-preserve-other-service-66646bdb5b-l8hp6
[INFO]2026-08-20 12:18:55,980 pattern_ranker.py:600: source :ts-preserve-other-service HTTP GET start, target: ts-preserve-other-service HTTP GET end, score: 0.7931034482758621, deepth: 4, pod ts-preserve-other-service-66646bdb5b-l8hp6
[INFO]2026-08-20 12:18:55,980 pattern_ranker.py:600: source :s.s.SeatServiceImpl#154, target: ts-seat-service HTTP POST start, score: 0.7857142857142857, deepth: 10, pod ts-seat-service-5c95b49cff-mxdsg
[INFO]2026-08-20 12:18:55,980 pattern_ranker.py:600: source :o.c.OrderOtherController#42, target: o.s.OrderOtherServiceImpl#67, score: 0.7777777777777778, deepth: 13, pod ts-order-other-service-6cdbf9b4cc-swvb5
[INFO]2026-08-20 12:18:55,980 pattern_ranker.py:602: 
[INFO]2026-08-20 12:19:00,287 data_integrate.py:481: [{'pod': 'ts-food-service-f5756978c-6sb8t', 'alarm': [{'metric_type': 'NetworkP90(ms)', 'alarm_flag': True}]}]
[INFO]2026-08-20 12:19:03,143 data_integrate.py:550: Data Integrate Complete!
[INFO]2026-08-20 12:19:03,739 pattern_ranker.py:192: Soted Result List: [{'events': '269_270', 'score': 1.0, 'deepth': 9, 'pod': 'ts-food-service-f5756978c-6sb8t', 'resource': 'NetworkP90(ms)'}, {'events': '308_540', 'score': 1.0, 'deepth': 7, 'pod': 'ts-travel2-service-5c66d57d58-zxw8n'}, {'events': '611_635', 'score': 1.0, 'deepth': 4, 'pod': 'ts-travel-service-64469b5b48-5rjvb'}, {'events': '670_671', 'score': 1.0, 'deepth': 3, 'pod': 'ts-travel-service-64469b5b48-5rjvb'}, {'events': '632_609', 'score': 1.0, 'deepth': 2, 'pod': 'ts-travel-service-64469b5b48-5rjvb'}, {'events': '368_215', 'score': 0.9166666666666666, 'deepth': 10, 'pod': 'ts-seat-service-5c95b49cff-mxdsg'}, {'events': '512_523', 'score': 0.8888888888888888, 'deepth': 4, 'pod': 'ts-preserve-other-service-66646bdb5b-l8hp6'}, {'events': '521_522', 'score': 0.8846153846153846, 'deepth': 4, 'pod': 'ts-preserve-other-service-66646bdb5b-l8hp6'}, {'events': '374_527', 'score': 0.875, 'deepth': 13, 'pod': 'ts-order-other-service-6cdbf9b4cc-swvb5'}, {'events': '407_86', 'score': 0.875, 'deepth': 8, 'pod': 'ts-order-other-service-6cdbf9b4cc-swvb5'}, {'events': '405_533', 'score': 0.875, 'deepth': 8, 'pod': 'ts-order-other-service-6cdbf9b4cc-swvb5'}, {'events': '305_538', 'score': 0.875, 'deepth': 7, 'pod': 'ts-travel2-service-5c66d57d58-zxw8n'}, {'events': '214_543', 'score': 0.875, 'deepth': 7, 'pod': 'ts-seat-service-5c95b49cff-mxdsg'}, {'events': '504_503', 'score': 0.875, 'deepth': 4, 'pod': 'ts-preserve-other-service-66646bdb5b-l8hp6'}, {'events': '114_128', 'score': 0.8181818181818182, 'deepth': 7, 'pod': 'ts-travel-service-64469b5b48-5rjvb'}, {'events': '273_275', 'score': 0.8, 'deepth': 7, 'pod': 'ts-food-service-f5756978c-6sb8t', 'resource': 'NetworkP90(ms)'}, {'events': '207_368', 'score': 0.7419354838709677, 'deepth': 10, 'pod': 'ts-seat-service-5c95b49cff-mxdsg'}, {'events': '295_296', 'score': 0.7333333333333333, 'deepth': 7, 'pod': 'ts-user-service-687d654649-f8jtd'}, {'events': '295_297', 'score': 0.7333333333333333, 'deepth': 7, 'pod': 'ts-user-service-687d654649-f8jtd'}, {'events': '301_302', 'score': 0.6956521739130435, 'deepth': 2, 'pod': 'ts-travel2-service-5c66d57d58-zxw8n'}]
[INFO]2026-08-20 12:19:03,750 pattern_ranker.py:545: 2023-01-30 12:59:36 Inject RCA Pod Result:
[INFO]2026-08-20 12:19:03,751 pattern_ranker.py:546: 2023-01-30 12:59:36 Inject Ground Truth: ts-food-service-f5756978c-6sb8t, network_delay
[INFO]2026-08-20 12:19:03,751 pattern_ranker.py:559: 2023-01-30 12:59:36 Inject Ground Truth: ts-food-service-f5756978c-6sb8t, network_delay score 1
[INFO]2026-08-20 12:19:03,751 pattern_ranker.py:597: source :ts-food-service SELECT ts.food order start, target: ts-food-service SELECT ts.food order end, score: 1.0, deepth: 9, pod ts-food-service-f5756978c-6sb8t, resource NetworkP90(ms)
[INFO]2026-08-20 12:19:03,751 pattern_ranker.py:600: source :t.s.TravelServiceImpl#459, target: ts-travel2-service TripRepository.findByTripId start, score: 1.0, deepth: 7, pod ts-travel2-service-5c66d57d58-zxw8n
[INFO]2026-08-20 12:19:03,752 pattern_ranker.py:600: source :t.s.TravelServiceImpl#343, target: ts-travel-service TravelController.queryInfo end, score: 1.0, deepth: 4, pod ts-travel-service-64469b5b48-5rjvb
[INFO]2026-08-20 12:19:03,752 pattern_ranker.py:600: source :ts-travel-service BasicErrorController.error start, target: ts-travel-service BasicErrorController.error end, score: 1.0, deepth: 3, pod ts-travel-service-64469b5b48-5rjvb
[INFO]2026-08-20 12:19:03,752 pattern_ranker.py:600: source :ts-travel-service /api/v1/travelservice/trips/left start, target: ERROR o.a.c.c.C.[.[.[.[dispatcherServlet]#175, score: 1.0, deepth: 2, pod ts-travel-service-64469b5b48-5rjvb
[INFO]2026-08-20 12:19:03,753 pattern_ranker.py:600: source :s.s.SeatServiceImpl#154, target: ts-seat-service HTTP POST start, score: 0.9166666666666666, deepth: 10, pod ts-seat-service-5c95b49cff-mxdsg
[INFO]2026-08-20 12:19:03,753 pattern_ranker.py:600: source :p.s.PreserveOtherServiceImpl#101, target: ts-preserve-other-service HTTP POST start, score: 0.8888888888888888, deepth: 4, pod ts-preserve-other-service-66646bdb5b-l8hp6
[INFO]2026-08-20 12:19:03,753 pattern_ranker.py:600: source :ts-preserve-other-service HTTP GET start, target: ts-preserve-other-service HTTP GET end, score: 0.8846153846153846, deepth: 4, pod ts-preserve-other-service-66646bdb5b-l8hp6
[INFO]2026-08-20 12:19:03,754 pattern_ranker.py:600: source :o.c.OrderOtherController#42, target: o.s.OrderOtherServiceImpl#67, score: 0.875, deepth: 13, pod ts-order-other-service-6cdbf9b4cc-swvb5
[INFO]2026-08-20 12:19:03,754 pattern_ranker.py:600: source :ts-order-other-service Session.merge other.entity.Order start, target: ts-order-other-service SELECT ts.orders other start, score: 0.875, deepth: 8, pod ts-order-other-service-6cdbf9b4cc-swvb5
[INFO]2026-08-20 12:19:03,754 pattern_ranker.py:602: 
[INFO]2026-08-20 12:19:08,346 data_integrate.py:481: [{'pod': 'ts-travel-service-64469b5b48-5rjvb', 'alarm': [{'metric_type': 'CpuUsageRate(%)', 'alarm_flag': True}]}]
[INFO]2026-08-20 12:19:11,291 data_integrate.py:550: Data Integrate Complete!
[INFO]2026-08-20 12:19:11,519 pattern_ranker.py:192: Soted Result List: [{'events': '128_129', 'score': 1.0, 'deepth': 7, 'pod': 'ts-travel-service-64469b5b48-5rjvb', 'resource': 'CpuUsageRate(%)'}, {'events': '459_461', 'score': 0.8571428571428571, 'deepth': 4, 'pod': 'ts-food-service-f5756978c-6sb8t'}, {'events': '368_215', 'score': 0.8461538461538461, 'deepth': 10, 'pod': 'ts-seat-service-5c95b49cff-mxdsg'}, {'events': '269_270', 'score': 0.8, 'deepth': 9, 'pod': 'ts-food-service-f5756978c-6sb8t'}, {'events': '273_275', 'score': 0.8, 'deepth': 7, 'pod': 'ts-food-service-f5756978c-6sb8t'}, {'events': '308_540', 'score': 0.75, 'deepth': 7, 'pod': 'ts-travel2-service-5c66d57d58-zxw8n'}, {'events': '518_521', 'score': 0.7, 'deepth': 4, 'pod': 'ts-preserve-other-service-66646bdb5b-l8hp6'}]
[INFO]2026-08-20 12:19:11,531 pattern_ranker.py:545: 2023-01-30 13:06:49 Inject RCA Pod Result:
[INFO]2026-08-20 12:19:11,531 pattern_ranker.py:546: 2023-01-30 13:06:49 Inject Ground Truth: ts-travel-service-64469b5b48-5rjvb, cpu_contention
[INFO]2026-08-20 12:19:11,531 pattern_ranker.py:559: 2023-01-30 13:06:49 Inject Ground Truth: ts-travel-service-64469b5b48-5rjvb, cpu_contention score 1
[INFO]2026-08-20 12:19:11,531 pattern_ranker.py:597: source :ts-travel-service HTTP POST start, target: ts-travel-service HTTP POST end, score: 1.0, deepth: 7, pod ts-travel-service-64469b5b48-5rjvb, resource CpuUsageRate(%)
[INFO]2026-08-20 12:19:11,532 pattern_ranker.py:600: source :f.s.FoodServiceImpl#214, target: ts-food-service HTTP GET start, score: 0.8571428571428571, deepth: 4, pod ts-food-service-f5756978c-6sb8t
[INFO]2026-08-20 12:19:11,532 pattern_ranker.py:600: source :s.s.SeatServiceImpl#154, target: ts-seat-service HTTP POST start, score: 0.8461538461538461, deepth: 10, pod ts-seat-service-5c95b49cff-mxdsg
[INFO]2026-08-20 12:19:11,532 pattern_ranker.py:600: source :ts-food-service SELECT ts.food order start, target: ts-food-service SELECT ts.food order end, score: 0.8, deepth: 9, pod ts-food-service-f5756978c-6sb8t
[INFO]2026-08-20 12:19:11,532 pattern_ranker.py:600: source :ts-food-service <default> send start, target: ts-delivery-service food delivery process start, score: 0.8, deepth: 7, pod ts-food-service-f5756978c-6sb8t
[INFO]2026-08-20 12:19:11,533 pattern_ranker.py:600: source :t.s.TravelServiceImpl#459, target: ts-travel2-service TripRepository.findByTripId start, score: 0.75, deepth: 7, pod ts-travel2-service-5c66d57d58-zxw8n
[INFO]2026-08-20 12:19:11,533 pattern_ranker.py:600: source :p.s.PreserveOtherServiceImpl#348, target: ts-preserve-other-service HTTP GET start, score: 0.7, deepth: 4, pod ts-preserve-other-service-66646bdb5b-l8hp6
[INFO]2026-08-20 12:19:11,533 pattern_ranker.py:602: 
[INFO]2026-08-20 12:19:13,913 data_integrate.py:481: [{'pod': 'ts-travel-service-64469b5b48-5rjvb', 'alarm': [{'metric_type': 'NetworkP90(ms)', 'alarm_flag': True}]}]
[INFO]2026-08-20 12:19:15,676 data_integrate.py:550: Data Integrate Complete!
[ERROR]2026-08-20 12:19:16,973 pattern_ranker.py:185: Catch an exception: pop index out of range
[INFO]2026-08-20 12:19:16,974 pattern_ranker.py:192: Soted Result List: [{'events': '140_145', 'score': 1.0, 'deepth': 10, 'pod': 'ts-basic-service-5dc8d4f9fd-llznp'}, {'events': '269_270', 'score': 1.0, 'deepth': 9, 'pod': 'ts-food-service-f5756978c-6sb8t'}, {'events': '128_129', 'score': 1.0, 'deepth': 7, 'pod': 'ts-travel-service-64469b5b48-5rjvb', 'resource': 'NetworkP90(ms)'}, {'events': '273_275', 'score': 1.0, 'deepth': 7, 'pod': 'ts-food-service-f5756978c-6sb8t'}, {'events': '122_123', 'score': 1.0, 'deepth': 7, 'pod': 'ts-travel-service-64469b5b48-5rjvb', 'resource': 'NetworkP90(ms)'}, {'events': '122_124', 'score': 1.0, 'deepth': 7, 'pod': 'ts-travel-service-64469b5b48-5rjvb', 'resource': 'NetworkP90(ms)'}, {'events': '650_651', 'score': 1.0, 'deepth': 4, 'pod': 'ts-cancel-service-756f6c4675-prw5z'}, {'events': '459_461', 'score': 1.0, 'deepth': 4, 'pod': 'ts-food-service-f5756978c-6sb8t'}, {'events': '611_635', 'score': 1.0, 'deepth': 4, 'pod': 'ts-travel-service-64469b5b48-5rjvb', 'resource': 'NetworkP90(ms)'}, {'events': '670_671', 'score': 1.0, 'deepth': 3, 'pod': 'ts-travel-service-64469b5b48-5rjvb', 'resource': 'NetworkP90(ms)'}, {'events': '632_634', 'score': 1.0, 'deepth': 2, 'pod': 'ts-travel-service-64469b5b48-5rjvb', 'resource': 'NetworkP90(ms)'}, {'events': '632_609', 'score': 1.0, 'deepth': 2, 'pod': 'ts-travel-service-64469b5b48-5rjvb', 'resource': 'NetworkP90(ms)'}, {'events': '40_41', 'score': 0.8888888888888888, 'deepth': 7, 'pod': 'ts-security-service-cb9788d56-bdkcx'}, {'events': '512_523', 'score': 0.8888888888888888, 'deepth': 4, 'pod': 'ts-preserve-other-service-66646bdb5b-l8hp6'}, {'events': '521_522', 'score': 0.8846153846153846, 'deepth': 4, 'pod': 'ts-preserve-other-service-66646bdb5b-l8hp6'}, {'events': '374_527', 'score': 0.875, 'deepth': 13, 'pod': 'ts-order-other-service-6cdbf9b4cc-swvb5'}, {'events': '427_428', 'score': 0.875, 'deepth': 9, 'pod': 'ts-inside-payment-service-6f94c49ccd-t4k6c'}, {'events': '407_86', 'score': 0.875, 'deepth': 8, 'pod': 'ts-order-other-service-6cdbf9b4cc-swvb5'}, {'events': '405_533', 'score': 0.875, 'deepth': 8, 'pod': 'ts-order-other-service-6cdbf9b4cc-swvb5'}, {'events': '305_538', 'score': 0.875, 'deepth': 7, 'pod': 'ts-travel2-service-5c66d57d58-zxw8n'}, {'events': '214_543', 'score': 0.875, 'deepth': 7, 'pod': 'ts-seat-service-5c95b49cff-mxdsg'}, {'events': '35_41', 'score': 0.875, 'deepth': 6, 'pod': 'ts-security-service-cb9788d56-bdkcx'}, {'events': '504_503', 'score': 0.875, 'deepth': 4, 'pod': 'ts-preserve-other-service-66646bdb5b-l8hp6'}, {'events': '5_499', 'score': 0.875, 'deepth': 1, 'pod': 'ts-gateway-service-6f6cfc45b-d9pnv'}, {'events': '1_450', 'score': 0.8571428571428571, 'deepth': 1, 'pod': 'frontend-579b9bff58-t2dbm'}, {'events': '295_296', 'score': 0.8461538461538461, 'deepth': 7, 'pod': 'ts-user-service-687d654649-f8jtd'}, {'events': '295_297', 'score': 0.8461538461538461, 'deepth': 7, 'pod': 'ts-user-service-687d654649-f8jtd'}, {'events': '169_170', 'score': 0.84, 'deepth': 11, 'pod': 'ts-route-service-b6c59fb57-dz9bw'}, {'events': '169_171', 'score': 0.84, 'deepth': 11, 'pod': 'ts-route-service-b6c59fb57-dz9bw'}, {'events': '132_145', 'score': 0.8235294117647058, 'deepth': 9, 'pod': 'ts-basic-service-5dc8d4f9fd-llznp'}, {'events': '188_192', 'score': 0.8125, 'deepth': 12, 'pod': 'ts-price-service-76846864d9-nmjz7'}, {'events': '102_103', 'score': 0.8, 'deepth': 7, 'pod': 'ts-contacts-service-866bd68c97-dzqgd'}, {'events': '102_104', 'score': 0.8, 'deepth': 7, 'pod': 'ts-contacts-service-866bd68c97-dzqgd'}, {'events': '102_106', 'score': 0.8, 'deepth': 7, 'pod': 'ts-contacts-service-866bd68c97-dzqgd'}, {'events': '368_215', 'score': 0.7857142857142857, 'deepth': 10, 'pod': 'ts-seat-service-5c95b49cff-mxdsg'}, {'events': '565_566', 'score': 0.75, 'deepth': 7, 'pod': 'ts-order-service-5b67c48447-fj8b7'}, {'events': '565_567', 'score': 0.75, 'deepth': 7, 'pod': 'ts-order-service-5b67c48447-fj8b7'}, {'events': '565_71', 'score': 0.75, 'deepth': 7, 'pod': 'ts-order-service-5b67c48447-fj8b7'}, {'events': '65_66', 'score': 0.75, 'deepth': 7, 'pod': 'ts-order-service-5b67c48447-fj8b7'}, {'events': '65_69', 'score': 0.75, 'deepth': 7, 'pod': 'ts-order-service-5b67c48447-fj8b7'}, {'events': '65_71', 'score': 0.75, 'deepth': 7, 'pod': 'ts-order-service-5b67c48447-fj8b7'}, {'events': '310_319', 'score': 0.7222222222222222, 'deepth': 4, 'pod': 'ts-travel2-service-5c66d57d58-zxw8n'}, {'events': '553_554', 'score': 0.7142857142857143, 'deepth': 5, 'pod': 'ts-order-service-5b67c48447-fj8b7'}, {'events': '553_557', 'score': 0.7142857142857143, 'deepth': 5, 'pod': 'ts-order-service-5b67c48447-fj8b7'}, {'events': '368_217', 'score': 0.7068965517241379, 'deepth': 10, 'pod': 'ts-seat-service-5c95b49cff-mxdsg'}, {'events': '202_215', 'score': 0.7, 'deepth': 9, 'pod': 'ts-seat-service-5c95b49cff-mxdsg'}, {'events': '207_368', 'score': 0.696969696969697, 'deepth': 10, 'pod': 'ts-seat-service-5c95b49cff-mxdsg'}]
[INFO]2026-08-20 12:19:16,981 pattern_ranker.py:545: 2023-01-30 13:15:43 Inject RCA Pod Result:
[INFO]2026-08-20 12:19:16,981 pattern_ranker.py:546: 2023-01-30 13:15:43 Inject Ground Truth: ts-travel-service-64469b5b48-5rjvb, network_delay
[INFO]2026-08-20 12:19:16,981 pattern_ranker.py:559: 2023-01-30 13:15:43 Inject Ground Truth: ts-travel-service-64469b5b48-5rjvb, network_delay score 3
[INFO]2026-08-20 12:19:16,981 pattern_ranker.py:600: source :f.m.s.BasicServiceImpl#438, target: ts-basic-service HTTP GET start, score: 1.0, deepth: 10, pod ts-basic-service-5dc8d4f9fd-llznp
[INFO]2026-08-20 12:19:16,981 pattern_ranker.py:600: source :ts-food-service SELECT ts.food order start, target: ts-food-service SELECT ts.food order end, score: 1.0, deepth: 9, pod ts-food-service-f5756978c-6sb8t
[INFO]2026-08-20 12:19:16,981 pattern_ranker.py:597: source :ts-travel-service HTTP POST start, target: ts-travel-service HTTP POST end, score: 1.0, deepth: 7, pod ts-travel-service-64469b5b48-5rjvb, resource NetworkP90(ms)
[INFO]2026-08-20 12:19:16,982 pattern_ranker.py:600: source :ts-food-service <default> send start, target: ts-delivery-service food delivery process start, score: 1.0, deepth: 7, pod ts-food-service-f5756978c-6sb8t
[INFO]2026-08-20 12:19:16,982 pattern_ranker.py:597: source :ts-travel-service TripRepository.findByTripId start, target: ts-travel-service TripRepository.findByTripId end, score: 1.0, deepth: 7, pod ts-travel-service-64469b5b48-5rjvb, resource NetworkP90(ms)
[INFO]2026-08-20 12:19:16,982 pattern_ranker.py:597: source :ts-travel-service TripRepository.findByTripId start, target: ts-travel-service SELECT Trip start, score: 1.0, deepth: 7, pod ts-travel-service-64469b5b48-5rjvb, resource NetworkP90(ms)
[INFO]2026-08-20 12:19:16,982 pattern_ranker.py:600: source :ts-cancel-service HTTP GET start, target: ts-cancel-service HTTP GET end, score: 1.0, deepth: 4, pod ts-cancel-service-756f6c4675-prw5z
[INFO]2026-08-20 12:19:16,983 pattern_ranker.py:600: source :f.s.FoodServiceImpl#214, target: ts-food-service HTTP GET start, score: 1.0, deepth: 4, pod ts-food-service-f5756978c-6sb8t
[INFO]2026-08-20 12:19:16,983 pattern_ranker.py:597: source :t.s.TravelServiceImpl#343, target: ts-travel-service TravelController.queryInfo end, score: 1.0, deepth: 4, pod ts-travel-service-64469b5b48-5rjvb, resource NetworkP90(ms)
[INFO]2026-08-20 12:19:16,983 pattern_ranker.py:597: source :ts-travel-service BasicErrorController.error start, target: ts-travel-service BasicErrorController.error end, score: 1.0, deepth: 3, pod ts-travel-service-64469b5b48-5rjvb, resource NetworkP90(ms)
[INFO]2026-08-20 12:19:16,983 pattern_ranker.py:602: 
[INFO]2026-08-20 12:19:20,515 data_integrate.py:481: [{'pod': 'ts-travel-service-64469b5b48-5rjvb', 'alarm': [{'metric_type': 'NetworkP90(ms)', 'alarm_flag': True}]}]
[INFO]2026-08-20 12:19:22,902 data_integrate.py:550: Data Integrate Complete!
[INFO]2026-08-20 12:19:23,631 pattern_ranker.py:192: Soted Result List: [{'events': '128_129', 'score': 1.0, 'deepth': 7, 'pod': 'ts-travel-service-64469b5b48-5rjvb', 'resource': 'NetworkP90(ms)'}, {'events': '650_651', 'score': 1.0, 'deepth': 4, 'pod': 'ts-cancel-service-756f6c4675-prw5z'}, {'events': '513_523', 'score': 1.0, 'deepth': 4, 'pod': 'ts-preserve-other-service-66646bdb5b-l8hp6'}, {'events': '511_523', 'score': 1.0, 'deepth': 4, 'pod': 'ts-preserve-other-service-66646bdb5b-l8hp6'}, {'events': '521_522', 'score': 0.8846153846153846, 'deepth': 4, 'pod': 'ts-preserve-other-service-66646bdb5b-l8hp6'}, {'events': '374_527', 'score': 0.875, 'deepth': 13, 'pod': 'ts-order-other-service-6cdbf9b4cc-swvb5'}, {'events': '407_86', 'score': 0.875, 'deepth': 8, 'pod': 'ts-order-other-service-6cdbf9b4cc-swvb5'}, {'events': '405_533', 'score': 0.875, 'deepth': 8, 'pod': 'ts-order-other-service-6cdbf9b4cc-swvb5'}, {'events': '305_538', 'score': 0.875, 'deepth': 7, 'pod': 'ts-travel2-service-5c66d57d58-zxw8n'}, {'events': '214_543', 'score': 0.875, 'deepth': 7, 'pod': 'ts-seat-service-5c95b49cff-mxdsg'}, {'events': '620_621', 'score': 0.875, 'deepth': 4, 'pod': 'ts-auth-service-7f8d7d756d-kzp47'}, {'events': '620_622', 'score': 0.875, 'deepth': 4, 'pod': 'ts-auth-service-7f8d7d756d-kzp47'}, {'events': '504_503', 'score': 0.875, 'deepth': 4, 'pod': 'ts-preserve-other-service-66646bdb5b-l8hp6'}, {'events': '521_33', 'score': 0.875, 'deepth': 4, 'pod': 'ts-preserve-other-service-66646bdb5b-l8hp6'}, {'events': '521_94', 'score': 0.875, 'deepth': 4, 'pod': 'ts-preserve-other-service-66646bdb5b-l8hp6'}, {'events': '521_282', 'score': 0.875, 'deepth': 4, 'pod': 'ts-preserve-other-service-66646bdb5b-l8hp6'}, {'events': '5_616', 'score': 0.875, 'deepth': 1, 'pod': 'ts-gateway-service-6f6cfc45b-d9pnv'}, {'events': '5_499', 'score': 0.875, 'deepth': 1, 'pod': 'ts-gateway-service-6f6cfc45b-d9pnv'}, {'events': '427_428', 'score': 0.7777777777777778, 'deepth': 9, 'pod': 'ts-inside-payment-service-6f94c49ccd-t4k6c'}, {'events': '377_378', 'score': 0.75, 'deepth': 5, 'pod': 'ts-inside-payment-service-6f94c49ccd-t4k6c'}, {'events': '202_215', 'score': 0.7, 'deepth': 9, 'pod': 'ts-seat-service-5c95b49cff-mxdsg'}, {'events': '368_215', 'score': 0.6875, 'deepth': 10, 'pod': 'ts-seat-service-5c95b49cff-mxdsg'}, {'events': '207_368', 'score': 0.6764705882352942, 'deepth': 10, 'pod': 'ts-seat-service-5c95b49cff-mxdsg'}]
[INFO]2026-08-20 12:19:23,655 pattern_ranker.py:545: 2023-01-30 13:22:22 Inject RCA Pod Result:
[INFO]2026-08-20 12:19:23,655 pattern_ranker.py:546: 2023-01-30 13:22:22 Inject Ground Truth: ts-travel-service-64469b5b48-5rjvb, network_delay
[INFO]2026-08-20 12:19:23,655 pattern_ranker.py:559: 2023-01-30 13:22:22 Inject Ground Truth: ts-travel-service-64469b5b48-5rjvb, network_delay score 1
[INFO]2026-08-20 12:19:23,656 pattern_ranker.py:597: source :ts-travel-service HTTP POST start, target: ts-travel-service HTTP POST end, score: 1.0, deepth: 7, pod ts-travel-service-64469b5b48-5rjvb, resource NetworkP90(ms)
[INFO]2026-08-20 12:19:23,656 pattern_ranker.py:600: source :ts-cancel-service HTTP GET start, target: ts-cancel-service HTTP GET end, score: 1.0, deepth: 4, pod ts-cancel-service-756f6c4675-prw5z
[INFO]2026-08-20 12:19:23,656 pattern_ranker.py:600: source :p.s.PreserveOtherServiceImpl#363, target: ts-preserve-other-service HTTP POST start, score: 1.0, deepth: 4, pod ts-preserve-other-service-66646bdb5b-l8hp6
[INFO]2026-08-20 12:19:23,657 pattern_ranker.py:600: source :p.s.PreserveOtherServiceImpl#145, target: ts-preserve-other-service HTTP POST start, score: 1.0, deepth: 4, pod ts-preserve-other-service-66646bdb5b-l8hp6
[INFO]2026-08-20 12:19:23,657 pattern_ranker.py:600: source :ts-preserve-other-service HTTP GET start, target: ts-preserve-other-service HTTP GET end, score: 0.8846153846153846, deepth: 4, pod ts-preserve-other-service-66646bdb5b-l8hp6
[INFO]2026-08-20 12:19:23,658 pattern_ranker.py:600: source :o.c.OrderOtherController#42, target: o.s.OrderOtherServiceImpl#67, score: 0.875, deepth: 13, pod ts-order-other-service-6cdbf9b4cc-swvb5
[INFO]2026-08-20 12:19:23,658 pattern_ranker.py:600: source :ts-order-other-service Session.merge other.entity.Order start, target: ts-order-other-service SELECT ts.orders other start, score: 0.875, deepth: 8, pod ts-order-other-service-6cdbf9b4cc-swvb5
[INFO]2026-08-20 12:19:23,662 pattern_ranker.py:600: source :ts-order-other-service Transaction.commit start, target: ts-order-other-service INSERT ts.orders other start, score: 0.875, deepth: 8, pod ts-order-other-service-6cdbf9b4cc-swvb5
[INFO]2026-08-20 12:19:23,663 pattern_ranker.py:600: source :t.s.TravelServiceImpl#372, target: ts-travel2-service Travel2Controller.getTripAllDetailInfo end, score: 0.875, deepth: 7, pod ts-travel2-service-5c66d57d58-zxw8n
[INFO]2026-08-20 12:19:23,663 pattern_ranker.py:600: source :s.c.SeatController#41, target: s.s.SeatServiceImpl#69, score: 0.875, deepth: 7, pod ts-seat-service-5c95b49cff-mxdsg
[INFO]2026-08-20 12:19:23,663 pattern_ranker.py:602: 
[INFO]2026-08-20 12:19:27,922 data_integrate.py:481: [{'pod': 'ts-preserve-service-b5ccf8557-l5l4p', 'alarm': [{'metric_type': 'NetworkP90(ms)', 'alarm_flag': True}]}]
[INFO]2026-08-20 12:19:30,270 data_integrate.py:550: Data Integrate Complete!
[INFO]2026-08-20 12:19:30,542 pattern_ranker.py:192: Soted Result List: [{'events': '650_651', 'score': 1.0, 'deepth': 4, 'pod': 'ts-cancel-service-756f6c4675-prw5z'}, {'events': '611_635', 'score': 1.0, 'deepth': 4, 'pod': 'ts-travel-service-64469b5b48-5rjvb'}, {'events': '670_671', 'score': 1.0, 'deepth': 3, 'pod': 'ts-travel-service-64469b5b48-5rjvb'}, {'events': '632_609', 'score': 1.0, 'deepth': 2, 'pod': 'ts-travel-service-64469b5b48-5rjvb'}, {'events': '560_559', 'score': 0.875, 'deepth': 7, 'pod': 'ts-order-service-5b67c48447-fj8b7'}, {'events': '553_554', 'score': 0.8333333333333334, 'deepth': 5, 'pod': 'ts-order-service-5b67c48447-fj8b7'}, {'events': '553_557', 'score': 0.8333333333333334, 'deepth': 5, 'pod': 'ts-order-service-5b67c48447-fj8b7'}, {'events': '551_552', 'score': 0.7692307692307693, 'deepth': 4, 'pod': 'ts-execute-service-775f544d9-tmwcv'}, {'events': '114_128', 'score': 0.75, 'deepth': 7, 'pod': 'ts-travel-service-64469b5b48-5rjvb'}, {'events': '308_540', 'score': 0.75, 'deepth': 7, 'pod': 'ts-travel2-service-5c66d57d58-zxw8n'}, {'events': '140_145', 'score': 0.7272727272727273, 'deepth': 10, 'pod': 'ts-basic-service-5dc8d4f9fd-llznp'}, {'events': '1_450', 'score': 0.7058823529411765, 'deepth': 1, 'pod': 'frontend-579b9bff58-t2dbm'}, {'events': '202_215', 'score': 0.6774193548387096, 'deepth': 9, 'pod': 'ts-seat-service-5c95b49cff-mxdsg'}]
[INFO]2026-08-20 12:19:30,552 pattern_ranker.py:545: 2023-01-30 13:30:52 Inject RCA Pod Result:
[INFO]2026-08-20 12:19:30,552 pattern_ranker.py:546: 2023-01-30 13:30:52 Inject Ground Truth: ts-preserve-service-b5ccf8557-l5l4p, network_delay
[INFO]2026-08-20 12:19:30,553 pattern_ranker.py:600: source :ts-cancel-service HTTP GET start, target: ts-cancel-service HTTP GET end, score: 1.0, deepth: 4, pod ts-cancel-service-756f6c4675-prw5z
[INFO]2026-08-20 12:19:30,553 pattern_ranker.py:600: source :t.s.TravelServiceImpl#343, target: ts-travel-service TravelController.queryInfo end, score: 1.0, deepth: 4, pod ts-travel-service-64469b5b48-5rjvb
[INFO]2026-08-20 12:19:30,553 pattern_ranker.py:600: source :ts-travel-service BasicErrorController.error start, target: ts-travel-service BasicErrorController.error end, score: 1.0, deepth: 3, pod ts-travel-service-64469b5b48-5rjvb
[INFO]2026-08-20 12:19:30,554 pattern_ranker.py:600: source :ts-travel-service /api/v1/travelservice/trips/left start, target: ERROR o.a.c.c.C.[.[.[.[dispatcherServlet]#175, score: 1.0, deepth: 2, pod ts-travel-service-64469b5b48-5rjvb
[INFO]2026-08-20 12:19:30,554 pattern_ranker.py:600: source :o.c.OrderController#100, target: o.s.OrderServiceImpl#365, score: 0.875, deepth: 7, pod ts-order-service-5b67c48447-fj8b7
[INFO]2026-08-20 12:19:30,555 pattern_ranker.py:600: source :ts-order-service /api/v1/orderservice/order/{orderId} start, target: ts-order-service /api/v1/orderservice/order/{orderId} end, score: 0.8333333333333334, deepth: 5, pod ts-order-service-5b67c48447-fj8b7
[INFO]2026-08-20 12:19:30,555 pattern_ranker.py:600: source :ts-order-service /api/v1/orderservice/order/{orderId} start, target: ts-order-service OrderController.getOrderById start, score: 0.8333333333333334, deepth: 5, pod ts-order-service-5b67c48447-fj8b7
[INFO]2026-08-20 12:19:30,555 pattern_ranker.py:600: source :ts-execute-service HTTP GET start, target: ts-execute-service HTTP GET end, score: 0.7692307692307693, deepth: 4, pod ts-execute-service-775f544d9-tmwcv
[INFO]2026-08-20 12:19:30,555 pattern_ranker.py:600: source :t.s.TravelServiceImpl#457, target: ts-travel-service HTTP POST start, score: 0.75, deepth: 7, pod ts-travel-service-64469b5b48-5rjvb
[INFO]2026-08-20 12:19:30,556 pattern_ranker.py:600: source :t.s.TravelServiceImpl#459, target: ts-travel2-service TripRepository.findByTripId start, score: 0.75, deepth: 7, pod ts-travel2-service-5c66d57d58-zxw8n
[INFO]2026-08-20 12:19:30,556 pattern_ranker.py:602: 
[INFO]2026-08-20 12:19:38,137 data_integrate.py:481: [{'pod': 'ts-route-service-b6c59fb57-dz9bw', 'alarm': [{'metric_type': 'NetworkP90(ms)', 'alarm_flag': True}]}]
[INFO]2026-08-20 12:19:47,416 data_integrate.py:550: Data Integrate Complete!
[INFO]2026-08-20 12:19:48,664 pattern_ranker.py:192: Soted Result List: [{'events': '182_183', 'score': 1.0, 'deepth': 13, 'pod': 'ts-route-service-b6c59fb57-dz9bw', 'resource': 'NetworkP90(ms)'}, {'events': '141_145', 'score': 1.0, 'deepth': 10, 'pod': 'ts-basic-service-5dc8d4f9fd-llznp'}, {'events': '650_651', 'score': 1.0, 'deepth': 4, 'pod': 'ts-cancel-service-756f6c4675-prw5z'}, {'events': '611_635', 'score': 1.0, 'deepth': 4, 'pod': 'ts-travel-service-64469b5b48-5rjvb'}, {'events': '670_671', 'score': 1.0, 'deepth': 3, 'pod': 'ts-travel-service-64469b5b48-5rjvb'}, {'events': '632_609', 'score': 1.0, 'deepth': 2, 'pod': 'ts-travel-service-64469b5b48-5rjvb'}, {'events': '512_523', 'score': 0.8888888888888888, 'deepth': 4, 'pod': 'ts-preserve-other-service-66646bdb5b-l8hp6'}, {'events': '374_527', 'score': 0.875, 'deepth': 13, 'pod': 'ts-order-other-service-6cdbf9b4cc-swvb5'}, {'events': '407_86', 'score': 0.875, 'deepth': 8, 'pod': 'ts-order-other-service-6cdbf9b4cc-swvb5'}, {'events': '405_533', 'score': 0.875, 'deepth': 8, 'pod': 'ts-order-other-service-6cdbf9b4cc-swvb5'}, {'events': '305_538', 'score': 0.875, 'deepth': 7, 'pod': 'ts-travel2-service-5c66d57d58-zxw8n'}, {'events': '214_543', 'score': 0.875, 'deepth': 7, 'pod': 'ts-seat-service-5c95b49cff-mxdsg'}, {'events': '513_512', 'score': 0.875, 'deepth': 4, 'pod': 'ts-preserve-other-service-66646bdb5b-l8hp6'}, {'events': '504_503', 'score': 0.875, 'deepth': 4, 'pod': 'ts-preserve-other-service-66646bdb5b-l8hp6'}, {'events': '521_282', 'score': 0.875, 'deepth': 4, 'pod': 'ts-preserve-other-service-66646bdb5b-l8hp6'}, {'events': '499_500', 'score': 0.875, 'deepth': 2, 'pod': 'ts-preserve-other-service-66646bdb5b-l8hp6'}, {'events': '513_523', 'score': 0.8571428571428571, 'deepth': 4, 'pod': 'ts-preserve-other-service-66646bdb5b-l8hp6'}, {'events': '521_522', 'score': 0.7931034482758621, 'deepth': 4, 'pod': 'ts-preserve-other-service-66646bdb5b-l8hp6'}, {'events': '565_566', 'score': 0.7894736842105263, 'deepth': 7, 'pod': 'ts-order-service-5b67c48447-fj8b7'}, {'events': '565_567', 'score': 0.7894736842105263, 'deepth': 7, 'pod': 'ts-order-service-5b67c48447-fj8b7'}, {'events': '565_71', 'score': 0.7894736842105263, 'deepth': 7, 'pod': 'ts-order-service-5b67c48447-fj8b7'}, {'events': '295_296', 'score': 0.7857142857142857, 'deepth': 7, 'pod': 'ts-user-service-687d654649-f8jtd'}, {'events': '295_297', 'score': 0.7857142857142857, 'deepth': 7, 'pod': 'ts-user-service-687d654649-f8jtd'}, {'events': '560_559', 'score': 0.7777777777777778, 'deepth': 7, 'pod': 'ts-order-service-5b67c48447-fj8b7'}, {'events': '5_499', 'score': 0.7777777777777778, 'deepth': 1, 'pod': 'ts-gateway-service-6f6cfc45b-d9pnv'}, {'events': '553_554', 'score': 0.7692307692307693, 'deepth': 5, 'pod': 'ts-order-service-5b67c48447-fj8b7'}, {'events': '553_557', 'score': 0.7692307692307693, 'deepth': 5, 'pod': 'ts-order-service-5b67c48447-fj8b7'}, {'events': '188_192', 'score': 0.7647058823529411, 'deepth': 12, 'pod': 'ts-price-service-76846864d9-nmjz7'}, {'events': '459_461', 'score': 0.75, 'deepth': 4, 'pod': 'ts-food-service-f5756978c-6sb8t'}, {'events': '1_450', 'score': 0.75, 'deepth': 1, 'pod': 'frontend-579b9bff58-t2dbm'}, {'events': '143_145', 'score': 0.7441860465116279, 'deepth': 10, 'pod': 'ts-basic-service-5dc8d4f9fd-llznp'}, {'events': '368_215', 'score': 0.7333333333333333, 'deepth': 10, 'pod': 'ts-seat-service-5c95b49cff-mxdsg'}, {'events': '40_41', 'score': 0.7272727272727273, 'deepth': 7, 'pod': 'ts-security-service-cb9788d56-bdkcx'}, {'events': '551_552', 'score': 0.7142857142857143, 'deepth': 4, 'pod': 'ts-execute-service-775f544d9-tmwcv'}, {'events': '427_428', 'score': 0.7, 'deepth': 9, 'pod': 'ts-inside-payment-service-6f94c49ccd-t4k6c'}, {'events': '620_621', 'score': 0.7, 'deepth': 4, 'pod': 'ts-auth-service-7f8d7d756d-kzp47'}, {'events': '620_622', 'score': 0.7, 'deepth': 4, 'pod': 'ts-auth-service-7f8d7d756d-kzp47'}, {'events': '5_616', 'score': 0.7, 'deepth': 1, 'pod': 'ts-gateway-service-6f6cfc45b-d9pnv'}, {'events': '329_333', 'score': 0.6896551724137931, 'deepth': 7, 'pod': 'ts-basic-service-5dc8d4f9fd-llznp'}, {'events': '207_368', 'score': 0.6764705882352942, 'deepth': 10, 'pod': 'ts-seat-service-5c95b49cff-mxdsg'}]
[INFO]2026-08-20 12:19:48,672 pattern_ranker.py:545: 2023-01-30 13:44:44 Inject RCA Pod Result:
[INFO]2026-08-20 12:19:48,673 pattern_ranker.py:546: 2023-01-30 13:44:44 Inject Ground Truth: ts-route-service-b6c59fb57-dz9bw, network_delay
[INFO]2026-08-20 12:19:48,673 pattern_ranker.py:559: 2023-01-30 13:44:44 Inject Ground Truth: ts-route-service-b6c59fb57-dz9bw, network_delay score 1
[INFO]2026-08-20 12:19:48,673 pattern_ranker.py:597: source :ts-route-service SELECT ts.route stations start, target: ts-route-service SELECT ts.route stations end, score: 1.0, deepth: 13, pod ts-route-service-b6c59fb57-dz9bw, resource NetworkP90(ms)
[INFO]2026-08-20 12:19:48,673 pattern_ranker.py:600: source :f.m.s.BasicServiceImpl#425, target: ts-basic-service HTTP GET start, score: 1.0, deepth: 10, pod ts-basic-service-5dc8d4f9fd-llznp
[INFO]2026-08-20 12:19:48,673 pattern_ranker.py:600: source :ts-cancel-service HTTP GET start, target: ts-cancel-service HTTP GET end, score: 1.0, deepth: 4, pod ts-cancel-service-756f6c4675-prw5z
[INFO]2026-08-20 12:19:48,674 pattern_ranker.py:600: source :t.s.TravelServiceImpl#343, target: ts-travel-service TravelController.queryInfo end, score: 1.0, deepth: 4, pod ts-travel-service-64469b5b48-5rjvb
[INFO]2026-08-20 12:19:48,674 pattern_ranker.py:600: source :ts-travel-service BasicErrorController.error start, target: ts-travel-service BasicErrorController.error end, score: 1.0, deepth: 3, pod ts-travel-service-64469b5b48-5rjvb
[INFO]2026-08-20 12:19:48,675 pattern_ranker.py:600: source :ts-travel-service /api/v1/travelservice/trips/left start, target: ERROR o.a.c.c.C.[.[.[.[dispatcherServlet]#175, score: 1.0, deepth: 2, pod ts-travel-service-64469b5b48-5rjvb
[INFO]2026-08-20 12:19:48,675 pattern_ranker.py:600: source :p.s.PreserveOtherServiceImpl#101, target: ts-preserve-other-service HTTP POST start, score: 0.8888888888888888, deepth: 4, pod ts-preserve-other-service-66646bdb5b-l8hp6
[INFO]2026-08-20 12:19:48,675 pattern_ranker.py:600: source :o.c.OrderOtherController#42, target: o.s.OrderOtherServiceImpl#67, score: 0.875, deepth: 13, pod ts-order-other-service-6cdbf9b4cc-swvb5
[INFO]2026-08-20 12:19:48,676 pattern_ranker.py:600: source :ts-order-other-service Session.merge other.entity.Order start, target: ts-order-other-service SELECT ts.orders other start, score: 0.875, deepth: 8, pod ts-order-other-service-6cdbf9b4cc-swvb5
[INFO]2026-08-20 12:19:48,676 pattern_ranker.py:600: source :ts-order-other-service Transaction.commit start, target: ts-order-other-service INSERT ts.orders other start, score: 0.875, deepth: 8, pod ts-order-other-service-6cdbf9b4cc-swvb5
[INFO]2026-08-20 12:19:48,676 pattern_ranker.py:602: 
[INFO]2026-08-20 12:19:50,864 data_integrate.py:481: [{'pod': 'ts-route-service-b6c59fb57-dz9bw', 'alarm': [{'metric_type': 'NetworkP90(ms)', 'alarm_flag': True}]}]
[INFO]2026-08-20 12:19:52,216 data_integrate.py:550: Data Integrate Complete!
[INFO]2026-08-20 12:19:53,917 pattern_ranker.py:192: Soted Result List: [{'events': '182_183', 'score': 1.0, 'deepth': 13, 'pod': 'ts-route-service-b6c59fb57-dz9bw', 'resource': 'NetworkP90(ms)'}, {'events': '207_206', 'score': 1.0, 'deepth': 10, 'pod': 'ts-seat-service-5c95b49cff-mxdsg'}, {'events': '560_559', 'score': 1.0, 'deepth': 7, 'pod': 'ts-order-service-5b67c48447-fj8b7'}, {'events': '65_66', 'score': 1.0, 'deepth': 7, 'pod': 'ts-order-service-5b67c48447-fj8b7'}, {'events': '65_69', 'score': 1.0, 'deepth': 7, 'pod': 'ts-order-service-5b67c48447-fj8b7'}, {'events': '65_71', 'score': 1.0, 'deepth': 7, 'pod': 'ts-order-service-5b67c48447-fj8b7'}, {'events': '551_552', 'score': 1.0, 'deepth': 4, 'pod': 'ts-execute-service-775f544d9-tmwcv'}, {'events': '513_523', 'score': 1.0, 'deepth': 4, 'pod': 'ts-preserve-other-service-66646bdb5b-l8hp6'}, {'events': '202_215', 'score': 0.9130434782608695, 'deepth': 9, 'pod': 'ts-seat-service-5c95b49cff-mxdsg'}, {'events': '35_41', 'score': 0.875, 'deepth': 6, 'pod': 'ts-security-service-cb9788d56-bdkcx'}, {'events': '518_521', 'score': 0.875, 'deepth': 4, 'pod': 'ts-preserve-other-service-66646bdb5b-l8hp6'}, {'events': '141_145', 'score': 0.8571428571428571, 'deepth': 10, 'pod': 'ts-basic-service-5dc8d4f9fd-llznp'}, {'events': '611_128', 'score': 0.8571428571428571, 'deepth': 4, 'pod': 'ts-travel-service-64469b5b48-5rjvb'}, {'events': '208_215', 'score': 0.8484848484848485, 'deepth': 10, 'pod': 'ts-seat-service-5c95b49cff-mxdsg'}, {'events': '565_566', 'score': 0.8333333333333334, 'deepth': 7, 'pod': 'ts-order-service-5b67c48447-fj8b7'}, {'events': '565_567', 'score': 0.8333333333333334, 'deepth': 7, 'pod': 'ts-order-service-5b67c48447-fj8b7'}, {'events': '565_71', 'score': 0.8333333333333334, 'deepth': 7, 'pod': 'ts-order-service-5b67c48447-fj8b7'}, {'events': '5_632', 'score': 0.8333333333333334, 'deepth': 1, 'pod': 'ts-gateway-service-6f6cfc45b-d9pnv'}, {'events': '140_145', 'score': 0.8, 'deepth': 10, 'pod': 'ts-basic-service-5dc8d4f9fd-llznp'}, {'events': '329_333', 'score': 0.8, 'deepth': 7, 'pod': 'ts-basic-service-5dc8d4f9fd-llznp'}, {'events': '295_296', 'score': 0.7857142857142857, 'deepth': 7, 'pod': 'ts-user-service-687d654649-f8jtd'}, {'events': '295_297', 'score': 0.7857142857142857, 'deepth': 7, 'pod': 'ts-user-service-687d654649-f8jtd'}, {'events': '282_283', 'score': 0.7857142857142857, 'deepth': 5, 'pod': 'ts-user-service-687d654649-f8jtd'}, {'events': '282_292', 'score': 0.7857142857142857, 'deepth': 5, 'pod': 'ts-user-service-687d654649-f8jtd'}, {'events': '132_145', 'score': 0.7777777777777778, 'deepth': 9, 'pod': 'ts-basic-service-5dc8d4f9fd-llznp'}, {'events': '122_123', 'score': 0.7777777777777778, 'deepth': 7, 'pod': 'ts-travel-service-64469b5b48-5rjvb'}, {'events': '122_124', 'score': 0.7777777777777778, 'deepth': 7, 'pod': 'ts-travel-service-64469b5b48-5rjvb'}, {'events': '620_621', 'score': 0.7777777777777778, 'deepth': 4, 'pod': 'ts-auth-service-7f8d7d756d-kzp47'}, {'events': '620_622', 'score': 0.7777777777777778, 'deepth': 4, 'pod': 'ts-auth-service-7f8d7d756d-kzp47'}, {'events': '5_616', 'score': 0.7777777777777778, 'deepth': 1, 'pod': 'ts-gateway-service-6f6cfc45b-d9pnv'}, {'events': '553_554', 'score': 0.7692307692307693, 'deepth': 5, 'pod': 'ts-order-service-5b67c48447-fj8b7'}, {'events': '553_557', 'score': 0.7692307692307693, 'deepth': 5, 'pod': 'ts-order-service-5b67c48447-fj8b7'}, {'events': '61_62', 'score': 0.75, 'deepth': 10, 'pod': 'ts-order-service-5b67c48447-fj8b7'}, {'events': '61_67', 'score': 0.75, 'deepth': 10, 'pod': 'ts-order-service-5b67c48447-fj8b7'}, {'events': '611_117', 'score': 0.75, 'deepth': 4, 'pod': 'ts-travel-service-64469b5b48-5rjvb'}, {'events': '459_461', 'score': 0.75, 'deepth': 4, 'pod': 'ts-food-service-f5756978c-6sb8t'}, {'events': '511_523', 'score': 0.75, 'deepth': 4, 'pod': 'ts-preserve-other-service-66646bdb5b-l8hp6'}, {'events': '192_193', 'score': 0.7272727272727273, 'deepth': 13, 'pod': 'ts-price-service-76846864d9-nmjz7'}, {'events': '192_194', 'score': 0.7272727272727273, 'deepth': 13, 'pod': 'ts-price-service-76846864d9-nmjz7'}, {'events': '130_131', 'score': 0.7272727272727273, 'deepth': 8, 'pod': 'ts-basic-service-5dc8d4f9fd-llznp'}, {'events': '130_132', 'score': 0.7272727272727273, 'deepth': 8, 'pod': 'ts-basic-service-5dc8d4f9fd-llznp'}, {'events': '102_103', 'score': 0.7272727272727273, 'deepth': 7, 'pod': 'ts-contacts-service-866bd68c97-dzqgd'}, {'events': '102_104', 'score': 0.7272727272727273, 'deepth': 7, 'pod': 'ts-contacts-service-866bd68c97-dzqgd'}, {'events': '102_106', 'score': 0.7272727272727273, 'deepth': 7, 'pod': 'ts-contacts-service-866bd68c97-dzqgd'}, {'events': '211_210', 'score': 0.7272727272727273, 'deepth': 7, 'pod': 'ts-seat-service-5c95b49cff-mxdsg'}, {'events': '33_34', 'score': 0.7272727272727273, 'deepth': 5, 'pod': 'ts-security-service-cb9788d56-bdkcx'}, {'events': '33_35', 'score': 0.7272727272727273, 'deepth': 5, 'pod': 'ts-security-service-cb9788d56-bdkcx'}, {'events': '94_95', 'score': 0.7272727272727273, 'deepth': 5, 'pod': 'ts-contacts-service-866bd68c97-dzqgd'}, {'events': '94_96', 'score': 0.7272727272727273, 'deepth': 5, 'pod': 'ts-contacts-service-866bd68c97-dzqgd'}, {'events': '200_201', 'score': 0.7272727272727273, 'deepth': 5, 'pod': 'ts-seat-service-5c95b49cff-mxdsg'}, {'events': '200_209', 'score': 0.7272727272727273, 'deepth': 5, 'pod': 'ts-seat-service-5c95b49cff-mxdsg'}, {'events': '308_319', 'score': 0.71875, 'deepth': 7, 'pod': 'ts-travel2-service-5c66d57d58-zxw8n'}, {'events': '327_326', 'score': 0.7142857142857143, 'deepth': 7, 'pod': 'ts-basic-service-5dc8d4f9fd-llznp'}, {'events': '321_322', 'score': 0.7142857142857143, 'deepth': 5, 'pod': 'ts-basic-service-5dc8d4f9fd-llznp'}, {'events': '1_450', 'score': 0.7058823529411765, 'deepth': 1, 'pod': 'frontend-579b9bff58-t2dbm'}, {'events': '374_527', 'score': 0.7, 'deepth': 13, 'pod': 'ts-order-other-service-6cdbf9b4cc-swvb5'}, {'events': '407_86', 'score': 0.7, 'deepth': 8, 'pod': 'ts-order-other-service-6cdbf9b4cc-swvb5'}, {'events': '405_533', 'score': 0.7, 'deepth': 8, 'pod': 'ts-order-other-service-6cdbf9b4cc-swvb5'}, {'events': '305_538', 'score': 0.7, 'deepth': 7, 'pod': 'ts-travel2-service-5c66d57d58-zxw8n'}, {'events': '504_503', 'score': 0.7, 'deepth': 4, 'pod': 'ts-preserve-other-service-66646bdb5b-l8hp6'}, {'events': '5_499', 'score': 0.7, 'deepth': 1, 'pod': 'ts-gateway-service-6f6cfc45b-d9pnv'}, {'events': '309_308', 'score': 0.6956521739130435, 'deepth': 4, 'pod': 'ts-travel2-service-5c66d57d58-zxw8n'}, {'events': '5_301', 'score': 0.6956521739130435, 'deepth': 1, 'pod': 'ts-gateway-service-6f6cfc45b-d9pnv'}]
[INFO]2026-08-20 12:19:53,925 pattern_ranker.py:545: 2023-01-30 13:52:20 Inject RCA Pod Result:
[INFO]2026-08-20 12:19:53,926 pattern_ranker.py:546: 2023-01-30 13:52:20 Inject Ground Truth: ts-route-service-b6c59fb57-dz9bw, network_delay
[INFO]2026-08-20 12:19:53,926 pattern_ranker.py:559: 2023-01-30 13:52:20 Inject Ground Truth: ts-route-service-b6c59fb57-dz9bw, network_delay score 1
[INFO]2026-08-20 12:19:53,926 pattern_ranker.py:597: source :ts-route-service SELECT ts.route stations start, target: ts-route-service SELECT ts.route stations end, score: 1.0, deepth: 13, pod ts-route-service-b6c59fb57-dz9bw, resource NetworkP90(ms)
[INFO]2026-08-20 12:19:53,926 pattern_ranker.py:600: source :s.s.SeatServiceImpl#137, target: s.s.SeatServiceImpl#139, score: 1.0, deepth: 10, pod ts-seat-service-5c95b49cff-mxdsg
[INFO]2026-08-20 12:19:53,926 pattern_ranker.py:600: source :o.c.OrderController#100, target: o.s.OrderServiceImpl#365, score: 1.0, deepth: 7, pod ts-order-service-5b67c48447-fj8b7
[INFO]2026-08-20 12:19:53,926 pattern_ranker.py:600: source :ts-order-service OrderRepository.save start, target: ts-order-service OrderRepository.save end, score: 1.0, deepth: 7, pod ts-order-service-5b67c48447-fj8b7
[INFO]2026-08-20 12:19:53,927 pattern_ranker.py:600: source :ts-order-service OrderRepository.save start, target: ts-order-service Session.merge order.entity.Order start, score: 1.0, deepth: 7, pod ts-order-service-5b67c48447-fj8b7
[INFO]2026-08-20 12:19:53,927 pattern_ranker.py:600: source :ts-order-service OrderRepository.save start, target: ts-order-service Transaction.commit start, score: 1.0, deepth: 7, pod ts-order-service-5b67c48447-fj8b7
[INFO]2026-08-20 12:19:53,927 pattern_ranker.py:600: source :ts-execute-service HTTP GET start, target: ts-execute-service HTTP GET end, score: 1.0, deepth: 4, pod ts-execute-service-775f544d9-tmwcv
[INFO]2026-08-20 12:19:53,927 pattern_ranker.py:600: source :p.s.PreserveOtherServiceImpl#363, target: ts-preserve-other-service HTTP POST start, score: 1.0, deepth: 4, pod ts-preserve-other-service-66646bdb5b-l8hp6
[INFO]2026-08-20 12:19:53,927 pattern_ranker.py:600: source :ts-seat-service SeatController.getLeftTicketOfInterval start, target: ts-seat-service HTTP POST start, score: 0.9130434782608695, deepth: 9, pod ts-seat-service-5c95b49cff-mxdsg
[INFO]2026-08-20 12:19:53,927 pattern_ranker.py:600: source :ts-security-service SecurityController.check start, target: ts-security-service HTTP GET start, score: 0.875, deepth: 6, pod ts-security-service-cb9788d56-bdkcx
[INFO]2026-08-20 12:19:53,928 pattern_ranker.py:602: 
[INFO]2026-08-20 12:19:57,071 data_integrate.py:481: [{'pod': 'ts-security-service-cb9788d56-bdkcx', 'alarm': [{'metric_type': 'NetworkP90(ms)', 'alarm_flag': True}]}]
[INFO]2026-08-20 12:19:58,742 data_integrate.py:550: Data Integrate Complete!
[INFO]2026-08-20 12:19:59,249 pattern_ranker.py:192: Soted Result List: [{'events': '88_89', 'score': 1.0, 'deepth': 7, 'pod': 'ts-security-service-cb9788d56-bdkcx', 'resource': 'NetworkP90(ms)'}, {'events': '33_34', 'score': 1.0, 'deepth': 5, 'pod': 'ts-security-service-cb9788d56-bdkcx', 'resource': 'NetworkP90(ms)'}, {'events': '611_635', 'score': 1.0, 'deepth': 4, 'pod': 'ts-travel-service-64469b5b48-5rjvb'}, {'events': '670_671', 'score': 1.0, 'deepth': 3, 'pod': 'ts-travel-service-64469b5b48-5rjvb'}, {'events': '632_609', 'score': 1.0, 'deepth': 2, 'pod': 'ts-travel-service-64469b5b48-5rjvb'}, {'events': '114_117', 'score': 0.875, 'deepth': 7, 'pod': 'ts-travel-service-64469b5b48-5rjvb'}, {'events': '459_461', 'score': 0.8571428571428571, 'deepth': 4, 'pod': 'ts-food-service-f5756978c-6sb8t'}, {'events': '565_566', 'score': 0.8333333333333334, 'deepth': 7, 'pod': 'ts-order-service-5b67c48447-fj8b7'}, {'events': '565_567', 'score': 0.8333333333333334, 'deepth': 7, 'pod': 'ts-order-service-5b67c48447-fj8b7'}, {'events': '565_71', 'score': 0.8333333333333334, 'deepth': 7, 'pod': 'ts-order-service-5b67c48447-fj8b7'}, {'events': '114_128', 'score': 0.8181818181818182, 'deepth': 7, 'pod': 'ts-travel-service-64469b5b48-5rjvb'}, {'events': '202_215', 'score': 0.7777777777777778, 'deepth': 9, 'pod': 'ts-seat-service-5c95b49cff-mxdsg'}, {'events': '521_282', 'score': 0.7777777777777778, 'deepth': 4, 'pod': 'ts-preserve-other-service-66646bdb5b-l8hp6'}, {'events': '499_500', 'score': 0.7777777777777778, 'deepth': 2, 'pod': 'ts-preserve-other-service-66646bdb5b-l8hp6'}, {'events': '553_554', 'score': 0.7692307692307693, 'deepth': 5, 'pod': 'ts-order-service-5b67c48447-fj8b7'}, {'events': '553_557', 'score': 0.7692307692307693, 'deepth': 5, 'pod': 'ts-order-service-5b67c48447-fj8b7'}, {'events': '55_613', 'score': 0.7666666666666667, 'deepth': 13, 'pod': 'ts-order-service-5b67c48447-fj8b7'}, {'events': '119_611', 'score': 0.75, 'deepth': 7, 'pod': 'ts-travel-service-64469b5b48-5rjvb'}, {'events': '308_540', 'score': 0.75, 'deepth': 7, 'pod': 'ts-travel2-service-5c66d57d58-zxw8n'}, {'events': '377_378', 'score': 0.75, 'deepth': 5, 'pod': 'ts-inside-payment-service-6f94c49ccd-t4k6c'}, {'events': '650_651', 'score': 0.75, 'deepth': 4, 'pod': 'ts-cancel-service-756f6c4675-prw5z'}, {'events': '5_632', 'score': 0.75, 'deepth': 1, 'pod': 'ts-gateway-service-6f6cfc45b-d9pnv'}, {'events': '206_217', 'score': 0.7076923076923077, 'deepth': 10, 'pod': 'ts-seat-service-5c95b49cff-mxdsg'}, {'events': '427_428', 'score': 0.7, 'deepth': 9, 'pod': 'ts-inside-payment-service-6f94c49ccd-t4k6c'}, {'events': '620_621', 'score': 0.7, 'deepth': 4, 'pod': 'ts-auth-service-7f8d7d756d-kzp47'}, {'events': '620_622', 'score': 0.7, 'deepth': 4, 'pod': 'ts-auth-service-7f8d7d756d-kzp47'}, {'events': '5_616', 'score': 0.7, 'deepth': 1, 'pod': 'ts-gateway-service-6f6cfc45b-d9pnv'}, {'events': '207_206', 'score': 0.6857142857142857, 'deepth': 10, 'pod': 'ts-seat-service-5c95b49cff-mxdsg'}]
[INFO]2026-08-20 12:19:59,258 pattern_ranker.py:545: 2023-01-30 14:00:16 Inject RCA Pod Result:
[INFO]2026-08-20 12:19:59,258 pattern_ranker.py:546: 2023-01-30 14:00:16 Inject Ground Truth: ts-security-service-cb9788d56-bdkcx, network_delay
[INFO]2026-08-20 12:19:59,258 pattern_ranker.py:559: 2023-01-30 14:00:16 Inject Ground Truth: ts-security-service-cb9788d56-bdkcx, network_delay score 1
[INFO]2026-08-20 12:19:59,258 pattern_ranker.py:597: source :ts-security-service SecurityRepository.findByName start, target: ts-security-service SecurityRepository.findByName end, score: 1.0, deepth: 7, pod ts-security-service-cb9788d56-bdkcx, resource NetworkP90(ms)
[INFO]2026-08-20 12:19:59,258 pattern_ranker.py:597: source :ts-security-service /api/v1/securityservice/securityConfigs/{accountId} start, target: ts-security-service /api/v1/securityservice/securityConfigs/{accountId} end, score: 1.0, deepth: 5, pod ts-security-service-cb9788d56-bdkcx, resource NetworkP90(ms)
[INFO]2026-08-20 12:19:59,259 pattern_ranker.py:600: source :t.s.TravelServiceImpl#343, target: ts-travel-service TravelController.queryInfo end, score: 1.0, deepth: 4, pod ts-travel-service-64469b5b48-5rjvb
[INFO]2026-08-20 12:19:59,259 pattern_ranker.py:600: source :ts-travel-service BasicErrorController.error start, target: ts-travel-service BasicErrorController.error end, score: 1.0, deepth: 3, pod ts-travel-service-64469b5b48-5rjvb
[INFO]2026-08-20 12:19:59,260 pattern_ranker.py:600: source :ts-travel-service /api/v1/travelservice/trips/left start, target: ERROR o.a.c.c.C.[.[.[.[dispatcherServlet]#175, score: 1.0, deepth: 2, pod ts-travel-service-64469b5b48-5rjvb
[INFO]2026-08-20 12:19:59,260 pattern_ranker.py:600: source :t.s.TravelServiceImpl#457, target: t.s.TravelServiceImpl#548, score: 0.875, deepth: 7, pod ts-travel-service-64469b5b48-5rjvb
[INFO]2026-08-20 12:19:59,260 pattern_ranker.py:600: source :f.s.FoodServiceImpl#214, target: ts-food-service HTTP GET start, score: 0.8571428571428571, deepth: 4, pod ts-food-service-f5756978c-6sb8t
[INFO]2026-08-20 12:19:59,261 pattern_ranker.py:600: source :ts-order-service OrderRepository.findById start, target: ts-order-service OrderRepository.findById end, score: 0.8333333333333334, deepth: 7, pod ts-order-service-5b67c48447-fj8b7
[INFO]2026-08-20 12:19:59,261 pattern_ranker.py:600: source :ts-order-service OrderRepository.findById start, target: ts-order-service Session.find order.entity.Order start, score: 0.8333333333333334, deepth: 7, pod ts-order-service-5b67c48447-fj8b7
[INFO]2026-08-20 12:19:59,261 pattern_ranker.py:600: source :ts-order-service OrderRepository.findById start, target: ts-order-service Transaction.commit start, score: 0.8333333333333334, deepth: 7, pod ts-order-service-5b67c48447-fj8b7
[INFO]2026-08-20 12:19:59,261 pattern_ranker.py:602: 
[INFO]2026-08-20 12:20:02,617 data_integrate.py:481: [{'pod': 'ts-security-service-cb9788d56-bdkcx', 'alarm': [{'metric_type': 'NetworkP90(ms)', 'alarm_flag': True}]}]
[INFO]2026-08-20 12:20:05,076 data_integrate.py:550: Data Integrate Complete!
[INFO]2026-08-20 12:20:05,764 pattern_ranker.py:192: Soted Result List: [{'events': '88_89', 'score': 1.0, 'deepth': 7, 'pod': 'ts-security-service-cb9788d56-bdkcx', 'resource': 'NetworkP90(ms)'}, {'events': '33_34', 'score': 1.0, 'deepth': 5, 'pod': 'ts-security-service-cb9788d56-bdkcx', 'resource': 'NetworkP90(ms)'}, {'events': '611_635', 'score': 1.0, 'deepth': 4, 'pod': 'ts-travel-service-64469b5b48-5rjvb'}, {'events': '670_671', 'score': 1.0, 'deepth': 3, 'pod': 'ts-travel-service-64469b5b48-5rjvb'}, {'events': '632_609', 'score': 1.0, 'deepth': 2, 'pod': 'ts-travel-service-64469b5b48-5rjvb'}, {'events': '141_145', 'score': 0.8571428571428571, 'deepth': 10, 'pod': 'ts-basic-service-5dc8d4f9fd-llznp'}, {'events': '459_461', 'score': 0.8571428571428571, 'deepth': 4, 'pod': 'ts-food-service-f5756978c-6sb8t'}, {'events': '140_145', 'score': 0.8, 'deepth': 10, 'pod': 'ts-basic-service-5dc8d4f9fd-llznp'}, {'events': '269_270', 'score': 0.8, 'deepth': 9, 'pod': 'ts-food-service-f5756978c-6sb8t'}, {'events': '273_275', 'score': 0.8, 'deepth': 7, 'pod': 'ts-food-service-f5756978c-6sb8t'}, {'events': '512_523', 'score': 0.8, 'deepth': 4, 'pod': 'ts-preserve-other-service-66646bdb5b-l8hp6'}, {'events': '374_527', 'score': 0.7777777777777778, 'deepth': 13, 'pod': 'ts-order-other-service-6cdbf9b4cc-swvb5'}, {'events': '132_145', 'score': 0.7777777777777778, 'deepth': 9, 'pod': 'ts-basic-service-5dc8d4f9fd-llznp'}, {'events': '407_86', 'score': 0.7777777777777778, 'deepth': 8, 'pod': 'ts-order-other-service-6cdbf9b4cc-swvb5'}, {'events': '405_533', 'score': 0.7777777777777778, 'deepth': 8, 'pod': 'ts-order-other-service-6cdbf9b4cc-swvb5'}, {'events': '305_538', 'score': 0.7777777777777778, 'deepth': 7, 'pod': 'ts-travel2-service-5c66d57d58-zxw8n'}, {'events': '214_543', 'score': 0.7777777777777778, 'deepth': 7, 'pod': 'ts-seat-service-5c95b49cff-mxdsg'}, {'events': '504_503', 'score': 0.7777777777777778, 'deepth': 4, 'pod': 'ts-preserve-other-service-66646bdb5b-l8hp6'}, {'events': '5_499', 'score': 0.7777777777777778, 'deepth': 1, 'pod': 'ts-gateway-service-6f6cfc45b-d9pnv'}, {'events': '169_170', 'score': 0.75, 'deepth': 11, 'pod': 'ts-route-service-b6c59fb57-dz9bw'}, {'events': '169_171', 'score': 0.75, 'deepth': 11, 'pod': 'ts-route-service-b6c59fb57-dz9bw'}, {'events': '192_193', 'score': 0.7272727272727273, 'deepth': 13, 'pod': 'ts-price-service-76846864d9-nmjz7'}, {'events': '192_194', 'score': 0.7272727272727273, 'deepth': 13, 'pod': 'ts-price-service-76846864d9-nmjz7'}, {'events': '102_104', 'score': 0.7272727272727273, 'deepth': 7, 'pod': 'ts-contacts-service-866bd68c97-dzqgd'}, {'events': '102_106', 'score': 0.7272727272727273, 'deepth': 7, 'pod': 'ts-contacts-service-866bd68c97-dzqgd'}, {'events': '122_123', 'score': 0.7, 'deepth': 7, 'pod': 'ts-travel-service-64469b5b48-5rjvb'}, {'events': '122_124', 'score': 0.7, 'deepth': 7, 'pod': 'ts-travel-service-64469b5b48-5rjvb'}]
[INFO]2026-08-20 12:20:05,775 pattern_ranker.py:545: 2023-01-30 14:08:19 Inject RCA Pod Result:
[INFO]2026-08-20 12:20:05,775 pattern_ranker.py:546: 2023-01-30 14:08:19 Inject Ground Truth: ts-security-service-cb9788d56-bdkcx, network_delay
[INFO]2026-08-20 12:20:05,775 pattern_ranker.py:559: 2023-01-30 14:08:19 Inject Ground Truth: ts-security-service-cb9788d56-bdkcx, network_delay score 1
[INFO]2026-08-20 12:20:05,775 pattern_ranker.py:597: source :ts-security-service SecurityRepository.findByName start, target: ts-security-service SecurityRepository.findByName end, score: 1.0, deepth: 7, pod ts-security-service-cb9788d56-bdkcx, resource NetworkP90(ms)
[INFO]2026-08-20 12:20:05,775 pattern_ranker.py:597: source :ts-security-service /api/v1/securityservice/securityConfigs/{accountId} start, target: ts-security-service /api/v1/securityservice/securityConfigs/{accountId} end, score: 1.0, deepth: 5, pod ts-security-service-cb9788d56-bdkcx, resource NetworkP90(ms)
[INFO]2026-08-20 12:20:05,776 pattern_ranker.py:600: source :t.s.TravelServiceImpl#343, target: ts-travel-service TravelController.queryInfo end, score: 1.0, deepth: 4, pod ts-travel-service-64469b5b48-5rjvb
[INFO]2026-08-20 12:20:05,776 pattern_ranker.py:600: source :ts-travel-service BasicErrorController.error start, target: ts-travel-service BasicErrorController.error end, score: 1.0, deepth: 3, pod ts-travel-service-64469b5b48-5rjvb
[INFO]2026-08-20 12:20:05,777 pattern_ranker.py:600: source :ts-travel-service /api/v1/travelservice/trips/left start, target: ERROR o.a.c.c.C.[.[.[.[dispatcherServlet]#175, score: 1.0, deepth: 2, pod ts-travel-service-64469b5b48-5rjvb
[INFO]2026-08-20 12:20:05,777 pattern_ranker.py:600: source :f.m.s.BasicServiceImpl#425, target: ts-basic-service HTTP GET start, score: 0.8571428571428571, deepth: 10, pod ts-basic-service-5dc8d4f9fd-llznp
[INFO]2026-08-20 12:20:05,777 pattern_ranker.py:600: source :f.s.FoodServiceImpl#214, target: ts-food-service HTTP GET start, score: 0.8571428571428571, deepth: 4, pod ts-food-service-f5756978c-6sb8t
[INFO]2026-08-20 12:20:05,777 pattern_ranker.py:600: source :f.m.s.BasicServiceImpl#438, target: ts-basic-service HTTP GET start, score: 0.8, deepth: 10, pod ts-basic-service-5dc8d4f9fd-llznp
[INFO]2026-08-20 12:20:05,777 pattern_ranker.py:600: source :ts-food-service SELECT ts.food order start, target: ts-food-service SELECT ts.food order end, score: 0.8, deepth: 9, pod ts-food-service-f5756978c-6sb8t
[INFO]2026-08-20 12:20:05,778 pattern_ranker.py:600: source :ts-food-service <default> send start, target: ts-delivery-service food delivery process start, score: 0.8, deepth: 7, pod ts-food-service-f5756978c-6sb8t
[INFO]2026-08-20 12:20:05,778 pattern_ranker.py:602: 
[INFO]2026-08-20 12:20:05,778 pattern_ranker.py:603: [1, 1, 1, 1, 1, 1, 1, 1, 3, 1, 1, 2, 1, 1, 1, 1, 1, 1, 1, 1, 1, 1, 1, 1, 1, 1, 2, 1, 1, 1, 1, 1, 1, 1, 2, 1, 1, 1, 3, 1, 1, 1, 1, 1]
[INFO]2026-08-20 12:20:05,778 pattern_ranker.py:616: -------- ts Fault numbuer : 45-------
[INFO]2026-08-20 12:20:05,778 pattern_ranker.py:617: --------AS@1 Result-------
[INFO]2026-08-20 12:20:05,778 pattern_ranker.py:618: 86.666667 %
[INFO]2026-08-20 12:20:05,778 pattern_ranker.py:619: --------AS@3 Result-------
[INFO]2026-08-20 12:20:05,778 pattern_ranker.py:620: 97.777778 %
[INFO]2026-08-20 12:20:05,778 pattern_ranker.py:621: --------AS@5 Result-------
[INFO]2026-08-20 12:20:05,778 pattern_ranker.py:622: 97.777778 %
