[INFO]2026-08-20 13:54:36,337 main.py:42: ------- OnlineBoutique Result at service level -------
[INFO]2026-08-20 13:54:54,293 data_integrate.py:486: [{'pod': 'adservice-5f6585d649-fnmft', 'alarm': [{'metric_type': 'MemoryUsageRate(%)', 'alarm_flag': True}]}]
[INFO]2026-08-20 13:55:19,955 data_integrate.py:555: Data Integrate Complete!
[INFO]2026-08-20 13:55:30,750 data_integrate.py:486: [{'pod': 'frontend-579b9bff58-t2dbm', 'alarm': [{'metric_type': 'CpuUsageRate(%)', 'alarm_flag': True}]}, {'pod': 'adservice-5f6585d649-fnmft', 'alarm': [{'metric_type': 'MemoryUsageRate(%)', 'alarm_flag': True}]}]
[INFO]2026-08-20 13:55:44,296 data_integrate.py:555: Data Integrate Complete!
[INFO]2026-08-20 13:55:44,448 pattern_ranker.py:192: Soted Result List: [{'events': '76_4', 'score': 1.0, 'deepth': 1, 'pod': 'frontend-579b9bff58-t2dbm', 'resource': 'CpuUsageRate(%)'}, {'events': '104_106', 'score': 0.7028169014084507, 'deepth': 2, 'pod': 'currencyservice-cf787dd48-vpjrd'}]
[INFO]2026-08-20 13:55:44,516 pattern_ranker.py:545: 2022-08-22 03:53:54 Inject RCA Pod Result:
[INFO]2026-08-20 13:55:44,516 pattern_ranker.py:546: 2022-08-22 03:53:54 Inject Ground Truth: frontend-579b9bff58-t2dbm, cpu_contention
[INFO]2026-08-20 13:55:44,516 pattern_ranker.py:559: 2022-08-22 03:53:54 Inject Ground Truth: frontend-579b9bff58-t2dbm, cpu_contention score 1
[INFO]2026-08-20 13:55:44,516 pattern_ranker.py:597: source :frontend hipstershop.Frontend/Recv. start, target: TraceID: <:TRACEID:> SpanID: <:SPANID:> Request started, score: 1.0, deepth: 1, pod frontend-579b9bff58-t2dbm, resource CpuUsageRate(%)
[INFO]2026-08-20 13:55:44,516 pattern_ranker.py:600: source :currencyservice grpc.hipstershop.CurrencyService/Convert start, target: currencyservice hipstershop.CurrencyService/Carry start, score: 0.7028169014084507, deepth: 2, pod currencyservice-cf787dd48-vpjrd
[INFO]2026-08-20 13:55:44,516 pattern_ranker.py:602: 
[INFO]2026-08-20 13:55:53,252 data_integrate.py:486: [{'pod': 'adservice-5f6585d649-fnmft', 'alarm': [{'metric_type': 'MemoryUsageRate(%)', 'alarm_flag': True}]}]
[INFO]2026-08-20 13:56:10,811 data_integrate.py:555: Data Integrate Complete!
[ERROR]2026-08-20 13:56:11,916 pattern_ranker.py:185: Catch an exception: pop index out of range
[INFO]2026-08-20 13:56:11,916 pattern_ranker.py:192: Soted Result List: [{'events': '120_198', 'score': 1.0, 'deepth': 4, 'pod': 'adservice-5f6585d649-fnmft', 'resource': 'MemoryUsageRate(%)'}, {'events': '28_119', 'score': 1.0, 'deepth': 4, 'pod': 'adservice-5f6585d649-fnmft', 'resource': 'MemoryUsageRate(%)'}, {'events': '28_120', 'score': 1.0, 'deepth': 4, 'pod': 'adservice-5f6585d649-fnmft', 'resource': 'MemoryUsageRate(%)'}, {'events': '18_78', 'score': 1.0, 'deepth': 1, 'pod': 'frontend-579b9bff58-t2dbm'}, {'events': '18_17', 'score': 1.0, 'deepth': 1, 'pod': 'frontend-579b9bff58-t2dbm'}, {'events': '18_80', 'score': 1.0, 'deepth': 1, 'pod': 'frontend-579b9bff58-t2dbm'}, {'events': '18_82', 'score': 1.0, 'deepth': 1, 'pod': 'frontend-579b9bff58-t2dbm'}, {'events': '18_84', 'score': 1.0, 'deepth': 1, 'pod': 'frontend-579b9bff58-t2dbm'}, {'events': '18_86', 'score': 1.0, 'deepth': 1, 'pod': 'frontend-579b9bff58-t2dbm'}, {'events': '16_15', 'score': 1.0, 'deepth': 1, 'pod': 'frontend-579b9bff58-t2dbm'}]
[INFO]2026-08-20 13:56:12,018 pattern_ranker.py:545: 2022-08-22 04:02:07 Inject RCA Pod Result:
[INFO]2026-08-20 13:56:12,018 pattern_ranker.py:546: 2022-08-22 04:02:07 Inject Ground Truth: frontend-579b9bff58-t2dbm, return
[INFO]2026-08-20 13:56:12,018 pattern_ranker.py:575: 2022-08-22 04:02:07 Inject Ground Truth: frontend-579b9bff58-t2dbm, return score 2
[INFO]2026-08-20 13:56:12,019 pattern_ranker.py:597: source :adservice hipstershop.AdService/<:SPANID:> start, target: MemoryUsageRate(%), score: 1.0, deepth: 4, pod adservice-5f6585d649-fnmft, resource MemoryUsageRate(%)
[INFO]2026-08-20 13:56:12,019 pattern_ranker.py:597: source :<:NUM:>:<:NUM:>:<:NUM:>.<:NUM:> INFO - TraceID: <:TRACEID:> SpanID: <:SPANID:> Received ad request (context words=<:ITEM:>, target: adservice hipstershop.AdServiceImpl/getAds end, score: 1.0, deepth: 4, pod adservice-5f6585d649-fnmft, resource MemoryUsageRate(%)
[INFO]2026-08-20 13:56:12,019 pattern_ranker.py:597: source :<:NUM:>:<:NUM:>:<:NUM:>.<:NUM:> INFO - TraceID: <:TRACEID:> SpanID: <:SPANID:> Received ad request (context words=<:ITEM:>, target: adservice hipstershop.AdService/<:SPANID:> start, score: 1.0, deepth: 4, pod adservice-5f6585d649-fnmft, resource MemoryUsageRate(%)
[INFO]2026-08-20 13:56:12,019 pattern_ranker.py:600: source :TraceID: <:TRACEID:> SpanID: <:SPANID:> Serving product page started, target: frontend hipstershop.ProductCatalogService/GetProduct start, score: 1.0, deepth: 1, pod frontend-579b9bff58-t2dbm
[INFO]2026-08-20 13:56:12,019 pattern_ranker.py:600: source :TraceID: <:TRACEID:> SpanID: <:SPANID:> Serving product page started, target: TraceID: <:TRACEID:> SpanID: <:SPANID:> Choose Ad started, score: 1.0, deepth: 1, pod frontend-579b9bff58-t2dbm
[INFO]2026-08-20 13:56:12,019 pattern_ranker.py:600: source :TraceID: <:TRACEID:> SpanID: <:SPANID:> Serving product page started, target: frontend hipstershop.CurrencyService/GetSupportedCurrencies start, score: 1.0, deepth: 1, pod frontend-579b9bff58-t2dbm
[INFO]2026-08-20 13:56:12,019 pattern_ranker.py:600: source :TraceID: <:TRACEID:> SpanID: <:SPANID:> Serving product page started, target: frontend hipstershop.CartService/GetCart start, score: 1.0, deepth: 1, pod frontend-579b9bff58-t2dbm
[INFO]2026-08-20 13:56:12,019 pattern_ranker.py:600: source :TraceID: <:TRACEID:> SpanID: <:SPANID:> Serving product page started, target: frontend hipstershop.CurrencyService/Convert start, score: 1.0, deepth: 1, pod frontend-579b9bff58-t2dbm
[INFO]2026-08-20 13:56:12,019 pattern_ranker.py:600: source :TraceID: <:TRACEID:> SpanID: <:SPANID:> Serving product page started, target: frontend hipstershop.RecommendationService/ListRecommendations start, score: 1.0, deepth: 1, pod frontend-579b9bff58-t2dbm
[INFO]2026-08-20 13:56:12,019 pattern_ranker.py:600: source :TraceID: <:TRACEID:> SpanID: <:SPANID:> Choose Ad complete, target: TraceID: <:TRACEID:> SpanID: <:SPANID:> Serving product page complete, score: 1.0, deepth: 1, pod frontend-579b9bff58-t2dbm
[INFO]2026-08-20 13:56:12,019 pattern_ranker.py:602: 
[INFO]2026-08-20 13:56:23,770 data_integrate.py:486: [{'pod': 'frontend-579b9bff58-t2dbm', 'alarm': [{'metric_type': 'CpuUsageRate(%)', 'alarm_flag': True}]}, {'pod': 'adservice-5f6585d649-fnmft', 'alarm': [{'metric_type': 'MemoryUsageRate(%)', 'alarm_flag': True}]}]
[INFO]2026-08-20 13:56:39,294 data_integrate.py:555: Data Integrate Complete!
[INFO]2026-08-20 13:56:39,474 pattern_ranker.py:192: Soted Result List: [{'events': '76_4', 'score': 1.0, 'deepth': 1, 'pod': 'frontend-579b9bff58-t2dbm', 'resource': 'CpuUsageRate(%)'}, {'events': '24_100', 'score': 0.75, 'deepth': 3, 'pod': 'currencyservice-cf787dd48-vpjrd'}]
[INFO]2026-08-20 13:56:39,554 pattern_ranker.py:545: 2022-08-22 04:10:20 Inject RCA Pod Result:
[INFO]2026-08-20 13:56:39,554 pattern_ranker.py:546: 2022-08-22 04:10:20 Inject Ground Truth: frontend-579b9bff58-t2dbm, cpu_consumed
[INFO]2026-08-20 13:56:39,554 pattern_ranker.py:559: 2022-08-22 04:10:20 Inject Ground Truth: frontend-579b9bff58-t2dbm, cpu_consumed score 1
[INFO]2026-08-20 13:56:39,554 pattern_ranker.py:597: source :frontend hipstershop.Frontend/Recv. start, target: TraceID: <:TRACEID:> SpanID: <:SPANID:> Request started, score: 1.0, deepth: 1, pod frontend-579b9bff58-t2dbm, resource CpuUsageRate(%)
[INFO]2026-08-20 13:56:39,554 pattern_ranker.py:600: source :TraceID: <:TRACEID:> SpanID: <:SPANID:> Getting supported currencies..., target: currencyservice hipstershop.CurrencyService/GetCurrencyData start, score: 0.75, deepth: 3, pod currencyservice-cf787dd48-vpjrd
[INFO]2026-08-20 13:56:39,554 pattern_ranker.py:602: 
[INFO]2026-08-20 13:56:56,632 data_integrate.py:486: [{'pod': 'adservice-5f6585d649-fnmft', 'alarm': [{'metric_type': 'MemoryUsageRate(%)', 'alarm_flag': True}]}]
[INFO]2026-08-20 13:57:24,469 data_integrate.py:555: Data Integrate Complete!
[INFO]2026-08-20 13:57:24,537 pattern_ranker.py:192: Soted Result List: [{'events': '50_49', 'score': 1.0, 'deepth': 1, 'pod': 'frontend-579b9bff58-t2dbm'}]
[INFO]2026-08-20 13:57:24,643 pattern_ranker.py:545: 2022-08-22 04:18:35 Inject RCA Pod Result:
[INFO]2026-08-20 13:57:24,643 pattern_ranker.py:546: 2022-08-22 04:18:35 Inject Ground Truth: frontend-579b9bff58-t2dbm, exception
[INFO]2026-08-20 13:57:24,643 pattern_ranker.py:575: 2022-08-22 04:18:35 Inject Ground Truth: frontend-579b9bff58-t2dbm, exception score 1
[INFO]2026-08-20 13:57:24,643 pattern_ranker.py:600: source :TraceID: <:TRACEID:> SpanID: <:SPANID:> Placing order started, target: TraceID: <:TRACEID:> SpanID: <:SPANID:> Order placed complete, score: 1.0, deepth: 1, pod frontend-579b9bff58-t2dbm
[INFO]2026-08-20 13:57:24,643 pattern_ranker.py:602: 
[INFO]2026-08-20 13:57:40,319 data_integrate.py:486: [{'pod': 'adservice-5f6585d649-fnmft', 'alarm': [{'metric_type': 'MemoryUsageRate(%)', 'alarm_flag': True}]}, {'pod': 'cartservice-579f59597d-wc2lz', 'alarm': [{'metric_type': 'NetworkP90(ms)', 'alarm_flag': True}]}]
[INFO]2026-08-20 13:58:02,579 data_integrate.py:555: Data Integrate Complete!
[INFO]2026-08-20 13:58:02,919 pattern_ranker.py:192: Soted Result List: [{'events': '102_25', 'score': 1.0, 'deepth': 6, 'pod': 'cartservice-579f59597d-wc2lz', 'resource': 'NetworkP90(ms)'}, {'events': '24_100', 'score': 1.0, 'deepth': 3, 'pod': 'currencyservice-cf787dd48-vpjrd'}]
[INFO]2026-08-20 13:58:03,012 pattern_ranker.py:545: 2022-08-22 04:27:03 Inject RCA Pod Result:
[INFO]2026-08-20 13:58:03,012 pattern_ranker.py:546: 2022-08-22 04:27:03 Inject Ground Truth: cartservice-579f59597d-wc2lz, network_delay
[INFO]2026-08-20 13:58:03,012 pattern_ranker.py:559: 2022-08-22 04:27:03 Inject Ground Truth: cartservice-579f59597d-wc2lz, network_delay score 1
[INFO]2026-08-20 13:58:03,012 pattern_ranker.py:597: source :cartservice hipstershop.CartService/GetCart start, target: TraceID: <:TRACEID:> SpanID: <:SPANID:> GetCartAsync called with userId=<:USERID:>, score: 1.0, deepth: 6, pod cartservice-579f59597d-wc2lz, resource NetworkP90(ms)
[INFO]2026-08-20 13:58:03,013 pattern_ranker.py:600: source :TraceID: <:TRACEID:> SpanID: <:SPANID:> Getting supported currencies..., target: currencyservice hipstershop.CurrencyService/GetCurrencyData start, score: 1.0, deepth: 3, pod currencyservice-cf787dd48-vpjrd
[INFO]2026-08-20 13:58:03,013 pattern_ranker.py:602: 
[INFO]2026-08-20 13:58:20,659 data_integrate.py:486: [{'pod': 'adservice-5f6585d649-fnmft', 'alarm': [{'metric_type': 'MemoryUsageRate(%)', 'alarm_flag': True}]}, {'pod': 'cartservice-579f59597d-wc2lz', 'alarm': [{'metric_type': 'CpuUsageRate(%)', 'alarm_flag': True}]}]
[INFO]2026-08-20 13:58:48,412 data_integrate.py:555: Data Integrate Complete!
[INFO]2026-08-20 13:58:48,642 pattern_ranker.py:192: Soted Result List: [{'events': '102_25', 'score': 1.0, 'deepth': 6, 'pod': 'cartservice-579f59597d-wc2lz', 'resource': 'CpuUsageRate(%)'}]
[INFO]2026-08-20 13:58:48,747 pattern_ranker.py:545: 2022-08-22 04:36:03 Inject RCA Pod Result:
[INFO]2026-08-20 13:58:48,747 pattern_ranker.py:546: 2022-08-22 04:36:03 Inject Ground Truth: cartservice-579f59597d-wc2lz, cpu_contention
[INFO]2026-08-20 13:58:48,747 pattern_ranker.py:559: 2022-08-22 04:36:03 Inject Ground Truth: cartservice-579f59597d-wc2lz, cpu_contention score 1
[INFO]2026-08-20 13:58:48,747 pattern_ranker.py:597: source :cartservice hipstershop.CartService/GetCart start, target: TraceID: <:TRACEID:> SpanID: <:SPANID:> GetCartAsync called with userId=<:USERID:>, score: 1.0, deepth: 6, pod cartservice-579f59597d-wc2lz, resource CpuUsageRate(%)
[INFO]2026-08-20 13:58:48,747 pattern_ranker.py:602: 
[INFO]2026-08-20 13:59:05,731 data_integrate.py:486: [{'pod': 'checkoutservice-578fcf4766-9csqn', 'alarm': [{'metric_type': 'CpuUsageRate(%)', 'alarm_flag': True}]}, {'pod': 'adservice-5f6585d649-fnmft', 'alarm': [{'metric_type': 'MemoryUsageRate(%)', 'alarm_flag': True}]}]
[INFO]2026-08-20 13:59:34,576 data_integrate.py:555: Data Integrate Complete!
[INFO]2026-08-20 13:59:35,036 pattern_ranker.py:192: Soted Result List: [{'events': '158_65', 'score': 1.0, 'deepth': 4, 'pod': 'checkoutservice-578fcf4766-9csqn', 'resource': 'CpuUsageRate(%)'}]
[INFO]2026-08-20 13:59:35,146 pattern_ranker.py:545: 2022-08-22 04:44:16 Inject RCA Pod Result:
[INFO]2026-08-20 13:59:35,146 pattern_ranker.py:546: 2022-08-22 04:44:16 Inject Ground Truth: checkoutservice-578fcf4766-9csqn, cpu_contention
[INFO]2026-08-20 13:59:35,146 pattern_ranker.py:559: 2022-08-22 04:44:16 Inject Ground Truth: checkoutservice-578fcf4766-9csqn, cpu_contention score 1
[INFO]2026-08-20 13:59:35,146 pattern_ranker.py:597: source :checkoutservice hipstershop.CheckoutService/ConvertCurrency start, target: TraceID: <:TRACEID:> SpanID: <:SPANID:> Start convert currency from currency code:<:ITEM:>, score: 1.0, deepth: 4, pod checkoutservice-578fcf4766-9csqn, resource CpuUsageRate(%)
[INFO]2026-08-20 13:59:35,146 pattern_ranker.py:602: 
[INFO]2026-08-20 13:59:53,732 data_integrate.py:486: [{'pod': 'checkoutservice-578fcf4766-9csqn', 'alarm': [{'metric_type': 'NetworkP90(ms)', 'alarm_flag': True}]}, {'pod': 'adservice-5f6585d649-fnmft', 'alarm': [{'metric_type': 'MemoryUsageRate(%)', 'alarm_flag': True}]}]
[INFO]2026-08-20 14:00:17,746 data_integrate.py:555: Data Integrate Complete!
[INFO]2026-08-20 14:00:18,158 pattern_ranker.py:192: Soted Result List: [{'events': '158_65', 'score': 1.0, 'deepth': 4, 'pod': 'checkoutservice-578fcf4766-9csqn', 'resource': 'NetworkP90(ms)'}]
[INFO]2026-08-20 14:00:18,272 pattern_ranker.py:545: 2022-08-22 04:52:55 Inject RCA Pod Result:
[INFO]2026-08-20 14:00:18,272 pattern_ranker.py:546: 2022-08-22 04:52:55 Inject Ground Truth: checkoutservice-578fcf4766-9csqn, network_delay
[INFO]2026-08-20 14:00:18,272 pattern_ranker.py:559: 2022-08-22 04:52:55 Inject Ground Truth: checkoutservice-578fcf4766-9csqn, network_delay score 1
[INFO]2026-08-20 14:00:18,272 pattern_ranker.py:597: source :checkoutservice hipstershop.CheckoutService/ConvertCurrency start, target: TraceID: <:TRACEID:> SpanID: <:SPANID:> Start convert currency from currency code:<:ITEM:>, score: 1.0, deepth: 4, pod checkoutservice-578fcf4766-9csqn, resource NetworkP90(ms)
[INFO]2026-08-20 14:00:18,272 pattern_ranker.py:602: 
[INFO]2026-08-20 14:00:35,896 data_integrate.py:486: [{'pod': 'currencyservice-cf787dd48-vpjrd', 'alarm': [{'metric_type': 'CpuUsageRate(%)', 'alarm_flag': True}]}, {'pod': 'adservice-5f6585d649-fnmft', 'alarm': [{'metric_type': 'MemoryUsageRate(%)', 'alarm_flag': True}]}]
[INFO]2026-08-20 14:01:00,882 data_integrate.py:555: Data Integrate Complete!
[INFO]2026-08-20 14:01:01,578 pattern_ranker.py:192: Soted Result List: [{'events': '62_61', 'score': 1.0, 'deepth': 4, 'pod': 'checkoutservice-578fcf4766-9csqn'}, {'events': '62_150', 'score': 1.0, 'deepth': 4, 'pod': 'checkoutservice-578fcf4766-9csqn'}, {'events': '73_60', 'score': 1.0, 'deepth': 3, 'pod': 'checkoutservice-578fcf4766-9csqn'}, {'events': '104_23', 'score': 1.0, 'deepth': 2, 'pod': 'currencyservice-cf787dd48-vpjrd', 'resource': 'CpuUsageRate(%)'}, {'events': '50_49', 'score': 1.0, 'deepth': 1, 'pod': 'frontend-579b9bff58-t2dbm'}]
[INFO]2026-08-20 14:01:01,680 pattern_ranker.py:545: 2022-08-22 05:01:13 Inject RCA Pod Result:
[INFO]2026-08-20 14:01:01,680 pattern_ranker.py:546: 2022-08-22 05:01:13 Inject Ground Truth: checkoutservice-578fcf4766-9csqn, exception
[INFO]2026-08-20 14:01:01,680 pattern_ranker.py:575: 2022-08-22 05:01:13 Inject Ground Truth: checkoutservice-578fcf4766-9csqn, exception score 1
[INFO]2026-08-20 14:01:01,680 pattern_ranker.py:600: source :TraceID: <:TRACEID:> SpanID: <:SPANID:> Start charge card, target: TraceID: <:TRACEID:> SpanID: <:SPANID:> Charge successfully, score: 1.0, deepth: 4, pod checkoutservice-578fcf4766-9csqn
[INFO]2026-08-20 14:01:01,680 pattern_ranker.py:600: source :TraceID: <:TRACEID:> SpanID: <:SPANID:> Start charge card, target: checkoutservice hipstershop.PaymentService/Charge start, score: 1.0, deepth: 4, pod checkoutservice-578fcf4766-9csqn
[INFO]2026-08-20 14:01:01,680 pattern_ranker.py:600: source :TraceID: <:TRACEID:> SpanID: <:SPANID:> Get OrderID <:USERID:>, target: TraceID: <:TRACEID:> SpanID: <:SPANID:> Payment went through (transaction id: <:*:>, score: 1.0, deepth: 3, pod checkoutservice-578fcf4766-9csqn
[INFO]2026-08-20 14:01:01,680 pattern_ranker.py:597: source :currencyservice grpc.hipstershop.CurrencyService/Convert start, target: TraceID: <:TRACEID:> SpanID: <:SPANID:> Received conversion request, score: 1.0, deepth: 2, pod currencyservice-cf787dd48-vpjrd, resource CpuUsageRate(%)
[INFO]2026-08-20 14:01:01,680 pattern_ranker.py:600: source :TraceID: <:TRACEID:> SpanID: <:SPANID:> Placing order started, target: TraceID: <:TRACEID:> SpanID: <:SPANID:> Order placed complete, score: 1.0, deepth: 1, pod frontend-579b9bff58-t2dbm
[INFO]2026-08-20 14:01:01,680 pattern_ranker.py:602: 
[INFO]2026-08-20 14:01:19,231 data_integrate.py:486: [{'pod': 'adservice-5f6585d649-fnmft', 'alarm': [{'metric_type': 'MemoryUsageRate(%)', 'alarm_flag': True}]}]
[INFO]2026-08-20 14:01:44,650 data_integrate.py:555: Data Integrate Complete!
[INFO]2026-08-20 14:01:44,813 pattern_ranker.py:192: Soted Result List: [{'events': '62_61', 'score': 1.0, 'deepth': 4, 'pod': 'checkoutservice-578fcf4766-9csqn'}, {'events': '73_60', 'score': 1.0, 'deepth': 3, 'pod': 'checkoutservice-578fcf4766-9csqn'}, {'events': '50_49', 'score': 1.0, 'deepth': 1, 'pod': 'frontend-579b9bff58-t2dbm'}]
[INFO]2026-08-20 14:01:44,917 pattern_ranker.py:545: 2022-08-22 05:09:50 Inject RCA Pod Result:
[INFO]2026-08-20 14:01:44,917 pattern_ranker.py:546: 2022-08-22 05:09:50 Inject Ground Truth: checkoutservice-578fcf4766-9csqn, return
[INFO]2026-08-20 14:01:44,917 pattern_ranker.py:575: 2022-08-22 05:09:50 Inject Ground Truth: checkoutservice-578fcf4766-9csqn, return score 1
[INFO]2026-08-20 14:01:44,917 pattern_ranker.py:600: source :TraceID: <:TRACEID:> SpanID: <:SPANID:> Start charge card, target: TraceID: <:TRACEID:> SpanID: <:SPANID:> Charge successfully, score: 1.0, deepth: 4, pod checkoutservice-578fcf4766-9csqn
[INFO]2026-08-20 14:01:44,917 pattern_ranker.py:600: source :TraceID: <:TRACEID:> SpanID: <:SPANID:> Get OrderID <:USERID:>, target: TraceID: <:TRACEID:> SpanID: <:SPANID:> Payment went through (transaction id: <:*:>, score: 1.0, deepth: 3, pod checkoutservice-578fcf4766-9csqn
[INFO]2026-08-20 14:01:44,917 pattern_ranker.py:600: source :TraceID: <:TRACEID:> SpanID: <:SPANID:> Placing order started, target: TraceID: <:TRACEID:> SpanID: <:SPANID:> Order placed complete, score: 1.0, deepth: 1, pod frontend-579b9bff58-t2dbm
[INFO]2026-08-20 14:01:44,917 pattern_ranker.py:602: 
[INFO]2026-08-20 14:01:48,006 data_integrate.py:486: [{'pod': 'currencyservice-cf787dd48-vpjrd', 'alarm': [{'metric_type': 'CpuUsageRate(%)', 'alarm_flag': True}]}, {'pod': 'adservice-5f6585d649-fnmft', 'alarm': [{'metric_type': 'MemoryUsageRate(%)', 'alarm_flag': True}]}]
[INFO]2026-08-20 14:01:51,378 data_integrate.py:555: Data Integrate Complete!
[INFO]2026-08-20 14:01:53,128 pattern_ranker.py:192: Soted Result List: [{'events': '104_23', 'score': 1.0, 'deepth': 2, 'pod': 'currencyservice-cf787dd48-vpjrd', 'resource': 'CpuUsageRate(%)'}, {'events': '4_18', 'score': 0.8644688644688645, 'deepth': 1, 'pod': 'frontend-579b9bff58-t2dbm'}, {'events': '16_15', 'score': 0.8644688644688645, 'deepth': 1, 'pod': 'frontend-579b9bff58-t2dbm'}, {'events': '120_198', 'score': 0.8567493112947658, 'deepth': 4, 'pod': 'adservice-5f6585d649-fnmft', 'resource': 'MemoryUsageRate(%)'}, {'events': '4_3', 'score': 0.8285714285714286, 'deepth': 1, 'pod': 'frontend-579b9bff58-t2dbm'}, {'events': '76_4', 'score': 0.8116883116883117, 'deepth': 1, 'pod': 'frontend-579b9bff58-t2dbm'}, {'events': '69_146', 'score': 0.7924528301886793, 'deepth': 5, 'pod': 'checkoutservice-578fcf4766-9csqn'}, {'events': '69_158', 'score': 0.7924528301886793, 'deepth': 5, 'pod': 'checkoutservice-578fcf4766-9csqn'}, {'events': '38_84', 'score': 0.7769607843137255, 'deepth': 1, 'pod': 'frontend-579b9bff58-t2dbm'}]
[INFO]2026-08-20 14:01:53,157 pattern_ranker.py:545: 2022-08-22 05:18:09 Inject RCA Pod Result:
[INFO]2026-08-20 14:01:53,157 pattern_ranker.py:546: 2022-08-22 05:18:09 Inject Ground Truth: currencyservice-cf787dd48-vpjrd, cpu_contention
[INFO]2026-08-20 14:01:53,157 pattern_ranker.py:559: 2022-08-22 05:18:09 Inject Ground Truth: currencyservice-cf787dd48-vpjrd, cpu_contention score 1
[INFO]2026-08-20 14:01:53,157 pattern_ranker.py:597: source :currencyservice grpc.hipstershop.CurrencyService/Convert start, target: TraceID: <:TRACEID:> SpanID: <:SPANID:> Received conversion request, score: 1.0, deepth: 2, pod currencyservice-cf787dd48-vpjrd, resource CpuUsageRate(%)
[INFO]2026-08-20 14:01:53,157 pattern_ranker.py:600: source :TraceID: <:TRACEID:> SpanID: <:SPANID:> Request started, target: TraceID: <:TRACEID:> SpanID: <:SPANID:> Serving product page started, score: 0.8644688644688645, deepth: 1, pod frontend-579b9bff58-t2dbm
[INFO]2026-08-20 14:01:53,158 pattern_ranker.py:600: source :TraceID: <:TRACEID:> SpanID: <:SPANID:> Choose Ad complete, target: TraceID: <:TRACEID:> SpanID: <:SPANID:> Serving product page complete, score: 0.8644688644688645, deepth: 1, pod frontend-579b9bff58-t2dbm
[INFO]2026-08-20 14:01:53,158 pattern_ranker.py:597: source :adservice hipstershop.AdService/<:SPANID:> start, target: MemoryUsageRate(%), score: 0.8567493112947658, deepth: 4, pod adservice-5f6585d649-fnmft, resource MemoryUsageRate(%)
[INFO]2026-08-20 14:01:53,158 pattern_ranker.py:600: source :TraceID: <:TRACEID:> SpanID: <:SPANID:> Request started, target: TraceID: <:TRACEID:> SpanID: <:SPANID:> Adding to cart started, score: 0.8285714285714286, deepth: 1, pod frontend-579b9bff58-t2dbm
[INFO]2026-08-20 14:01:53,158 pattern_ranker.py:600: source :frontend hipstershop.Frontend/Recv. start, target: TraceID: <:TRACEID:> SpanID: <:SPANID:> Request started, score: 0.8116883116883117, deepth: 1, pod frontend-579b9bff58-t2dbm
[INFO]2026-08-20 14:01:53,158 pattern_ranker.py:600: source :TraceID: <:TRACEID:> SpanID: <:SPANID:> Start query cost of products<:ITEM:>, target: checkoutservice hipstershop.ProductCatalogService/GetProduct start, score: 0.7924528301886793, deepth: 5, pod checkoutservice-578fcf4766-9csqn
[INFO]2026-08-20 14:01:53,158 pattern_ranker.py:600: source :TraceID: <:TRACEID:> SpanID: <:SPANID:> Start query cost of products<:ITEM:>, target: checkoutservice hipstershop.CheckoutService/ConvertCurrency start, score: 0.7924528301886793, deepth: 5, pod checkoutservice-578fcf4766-9csqn
[INFO]2026-08-20 14:01:53,158 pattern_ranker.py:600: source :TraceID: <:TRACEID:> SpanID: <:SPANID:> View user cart start, target: frontend hipstershop.CurrencyService/Convert start, score: 0.7769607843137255, deepth: 1, pod frontend-579b9bff58-t2dbm
[INFO]2026-08-20 14:01:53,158 pattern_ranker.py:602: 
[INFO]2026-08-20 14:02:02,700 data_integrate.py:486: [{'pod': 'currencyservice-cf787dd48-vpjrd', 'alarm': [{'metric_type': 'NetworkP90(ms)', 'alarm_flag': True}]}, {'pod': 'adservice-5f6585d649-fnmft', 'alarm': [{'metric_type': 'MemoryUsageRate(%)', 'alarm_flag': True}]}]
[INFO]2026-08-20 14:02:14,148 data_integrate.py:555: Data Integrate Complete!
[INFO]2026-08-20 14:02:14,647 pattern_ranker.py:192: Soted Result List: [{'events': '104_23', 'score': 1.0, 'deepth': 2, 'pod': 'currencyservice-cf787dd48-vpjrd', 'resource': 'NetworkP90(ms)'}]
[INFO]2026-08-20 14:02:14,717 pattern_ranker.py:545: 2022-08-22 05:27:06 Inject RCA Pod Result:
[INFO]2026-08-20 14:02:14,717 pattern_ranker.py:546: 2022-08-22 05:27:06 Inject Ground Truth: currencyservice-cf787dd48-vpjrd, network_delay
[INFO]2026-08-20 14:02:14,717 pattern_ranker.py:559: 2022-08-22 05:27:06 Inject Ground Truth: currencyservice-cf787dd48-vpjrd, network_delay score 1
[INFO]2026-08-20 14:02:14,717 pattern_ranker.py:597: source :currencyservice grpc.hipstershop.CurrencyService/Convert start, target: TraceID: <:TRACEID:> SpanID: <:SPANID:> Received conversion request, score: 1.0, deepth: 2, pod currencyservice-cf787dd48-vpjrd, resource NetworkP90(ms)
[INFO]2026-08-20 14:02:14,717 pattern_ranker.py:602: 
[INFO]2026-08-20 14:02:32,394 data_integrate.py:486: [{'pod': 'emailservice-55fdc5b988-f6xth', 'alarm': [{'metric_type': 'CpuUsageRate(%)', 'alarm_flag': True}]}, {'pod': 'adservice-5f6585d649-fnmft', 'alarm': [{'metric_type': 'MemoryUsageRate(%)', 'alarm_flag': True}]}]
[INFO]2026-08-20 14:02:59,169 data_integrate.py:555: Data Integrate Complete!
[INFO]2026-08-20 14:02:59,249 pattern_ranker.py:192: Soted Result List: [{'events': '187_52', 'score': 1.0, 'deepth': 5, 'pod': 'emailservice-55fdc5b988-f6xth', 'resource': 'CpuUsageRate(%)'}]
[INFO]2026-08-20 14:02:59,350 pattern_ranker.py:545: 2022-08-22 05:35:34 Inject RCA Pod Result:
[INFO]2026-08-20 14:02:59,350 pattern_ranker.py:546: 2022-08-22 05:35:34 Inject Ground Truth: emailservice-55fdc5b988-f6xth, cpu_contention
[INFO]2026-08-20 14:02:59,350 pattern_ranker.py:559: 2022-08-22 05:35:34 Inject Ground Truth: emailservice-55fdc5b988-f6xth, cpu_contention score 1
[INFO]2026-08-20 14:02:59,350 pattern_ranker.py:597: source :emailservice /hipstershop.EmailService/SendOrderConfirmation start, target: TraceID: <:TRACEID:> SpanID: <:SPANID:> Send order confirmation email to someone@example.com start., score: 1.0, deepth: 5, pod emailservice-55fdc5b988-f6xth, resource CpuUsageRate(%)
[INFO]2026-08-20 14:02:59,351 pattern_ranker.py:602: 
[INFO]2026-08-20 14:03:16,647 data_integrate.py:486: [{'pod': 'emailservice-55fdc5b988-f6xth', 'alarm': [{'metric_type': 'NetworkP90(ms)', 'alarm_flag': True}]}, {'pod': 'adservice-5f6585d649-fnmft', 'alarm': [{'metric_type': 'MemoryUsageRate(%)', 'alarm_flag': True}]}]
[INFO]2026-08-20 14:03:44,321 data_integrate.py:555: Data Integrate Complete!
[INFO]2026-08-20 14:03:44,412 pattern_ranker.py:192: Soted Result List: [{'events': '187_52', 'score': 1.0, 'deepth': 5, 'pod': 'emailservice-55fdc5b988-f6xth', 'resource': 'NetworkP90(ms)'}]
[INFO]2026-08-20 14:03:44,517 pattern_ranker.py:545: 2022-08-22 05:43:48 Inject RCA Pod Result:
[INFO]2026-08-20 14:03:44,517 pattern_ranker.py:546: 2022-08-22 05:43:48 Inject Ground Truth: emailservice-55fdc5b988-f6xth, network_delay
[INFO]2026-08-20 14:03:44,517 pattern_ranker.py:559: 2022-08-22 05:43:48 Inject Ground Truth: emailservice-55fdc5b988-f6xth, network_delay score 1
[INFO]2026-08-20 14:03:44,518 pattern_ranker.py:597: source :emailservice /hipstershop.EmailService/SendOrderConfirmation start, target: TraceID: <:TRACEID:> SpanID: <:SPANID:> Send order confirmation email to someone@example.com start., score: 1.0, deepth: 5, pod emailservice-55fdc5b988-f6xth, resource NetworkP90(ms)
[INFO]2026-08-20 14:03:44,518 pattern_ranker.py:602: 
[INFO]2026-08-20 14:04:02,504 data_integrate.py:486: [{'pod': 'paymentservice-9cdb6588f-554sm', 'alarm': [{'metric_type': 'NetworkP90(ms)', 'alarm_flag': True}]}, {'pod': 'adservice-5f6585d649-fnmft', 'alarm': [{'metric_type': 'MemoryUsageRate(%)', 'alarm_flag': True}]}]
[INFO]2026-08-20 14:04:30,646 data_integrate.py:555: Data Integrate Complete!
[INFO]2026-08-20 14:04:30,727 pattern_ranker.py:192: Soted Result List: [{'events': '165_48', 'score': 1.0, 'deepth': 5, 'pod': 'paymentservice-9cdb6588f-554sm', 'resource': 'NetworkP90(ms)'}]
[INFO]2026-08-20 14:04:30,832 pattern_ranker.py:545: 2022-08-22 05:52:54 Inject RCA Pod Result:
[INFO]2026-08-20 14:04:30,832 pattern_ranker.py:546: 2022-08-22 05:52:54 Inject Ground Truth: paymentservice-9cdb6588f-554sm, network_delay
[INFO]2026-08-20 14:04:30,832 pattern_ranker.py:559: 2022-08-22 05:52:54 Inject Ground Truth: paymentservice-9cdb6588f-554sm, network_delay score 1
[INFO]2026-08-20 14:04:30,832 pattern_ranker.py:597: source :paymentservice grpc.hipstershop.PaymentService/Charge start, target: TraceID: <:TRACEID:> SpanID: <:SPANID:> PaymentService#Charge invoked with request<:ITEM:>, score: 1.0, deepth: 5, pod paymentservice-9cdb6588f-554sm, resource NetworkP90(ms)
[INFO]2026-08-20 14:04:30,833 pattern_ranker.py:602: 
[INFO]2026-08-20 14:04:48,583 data_integrate.py:486: [{'pod': 'paymentservice-9cdb6588f-554sm', 'alarm': [{'metric_type': 'CpuUsageRate(%)', 'alarm_flag': True}]}, {'pod': 'adservice-5f6585d649-fnmft', 'alarm': [{'metric_type': 'MemoryUsageRate(%)', 'alarm_flag': True}]}]
[INFO]2026-08-20 14:05:19,307 data_integrate.py:555: Data Integrate Complete!
[INFO]2026-08-20 14:05:19,385 pattern_ranker.py:192: Soted Result List: [{'events': '165_48', 'score': 1.0, 'deepth': 5, 'pod': 'paymentservice-9cdb6588f-554sm', 'resource': 'CpuUsageRate(%)'}]
[INFO]2026-08-20 14:05:19,490 pattern_ranker.py:545: 2022-08-22 06:01:18 Inject RCA Pod Result:
[INFO]2026-08-20 14:05:19,490 pattern_ranker.py:546: 2022-08-22 06:01:18 Inject Ground Truth: paymentservice-9cdb6588f-554sm, cpu_contention
[INFO]2026-08-20 14:05:19,490 pattern_ranker.py:559: 2022-08-22 06:01:18 Inject Ground Truth: paymentservice-9cdb6588f-554sm, cpu_contention score 1
[INFO]2026-08-20 14:05:19,490 pattern_ranker.py:597: source :paymentservice grpc.hipstershop.PaymentService/Charge start, target: TraceID: <:TRACEID:> SpanID: <:SPANID:> PaymentService#Charge invoked with request<:ITEM:>, score: 1.0, deepth: 5, pod paymentservice-9cdb6588f-554sm, resource CpuUsageRate(%)
[INFO]2026-08-20 14:05:19,490 pattern_ranker.py:602: 
[INFO]2026-08-20 14:05:33,242 data_integrate.py:486: [{'pod': 'productcatalogservice-668d5f85fb-wckp8', 'alarm': [{'metric_type': 'CpuUsageRate(%)', 'alarm_flag': True}]}, {'pod': 'adservice-5f6585d649-fnmft', 'alarm': [{'metric_type': 'MemoryUsageRate(%)', 'alarm_flag': True}]}]
[INFO]2026-08-20 14:05:54,579 data_integrate.py:555: Data Integrate Complete!
[INFO]2026-08-20 14:05:55,270 pattern_ranker.py:192: Soted Result List: [{'events': '90_8', 'score': 1.0, 'deepth': 6, 'pod': 'productcatalogservice-668d5f85fb-wckp8', 'resource': 'CpuUsageRate(%)'}]
[INFO]2026-08-20 14:05:55,367 pattern_ranker.py:545: 2022-08-22 06:35:39 Inject RCA Pod Result:
[INFO]2026-08-20 14:05:55,367 pattern_ranker.py:546: 2022-08-22 06:35:39 Inject Ground Truth: productcatalogservice-668d5f85fb-wckp8, cpu_consumed
[INFO]2026-08-20 14:05:55,367 pattern_ranker.py:559: 2022-08-22 06:35:39 Inject Ground Truth: productcatalogservice-668d5f85fb-wckp8, cpu_consumed score 1
[INFO]2026-08-20 14:05:55,367 pattern_ranker.py:597: source :productcatalogservice hipstershop.ProductCatalogService/GetProduct start, target: TraceID: <:TRACEID:> SpanID: <:SPANID:> Query product with name and description <:*:>, score: 1.0, deepth: 6, pod productcatalogservice-668d5f85fb-wckp8, resource CpuUsageRate(%)
[INFO]2026-08-20 14:05:55,367 pattern_ranker.py:602: 
[INFO]2026-08-20 14:06:09,263 data_integrate.py:486: [{'pod': 'recommendationservice-6cfdd55578-gfj6q', 'alarm': [{'metric_type': 'NetworkP90(ms)', 'alarm_flag': True}]}, {'pod': 'adservice-5f6585d649-fnmft', 'alarm': [{'metric_type': 'MemoryUsageRate(%)', 'alarm_flag': True}]}]
[INFO]2026-08-20 14:06:30,398 data_integrate.py:555: Data Integrate Complete!
[INFO]2026-08-20 14:06:30,529 pattern_ranker.py:192: Soted Result List: [{'events': '108_7', 'score': 1.0, 'deepth': 2, 'pod': 'recommendationservice-6cfdd55578-gfj6q', 'resource': 'NetworkP90(ms)'}]
[INFO]2026-08-20 14:06:30,618 pattern_ranker.py:545: 2022-08-22 06:52:56 Inject RCA Pod Result:
[INFO]2026-08-20 14:06:30,618 pattern_ranker.py:546: 2022-08-22 06:52:56 Inject Ground Truth: recommendationservice-6cfdd55578-gfj6q, network_delay
[INFO]2026-08-20 14:06:30,618 pattern_ranker.py:559: 2022-08-22 06:52:56 Inject Ground Truth: recommendationservice-6cfdd55578-gfj6q, network_delay score 1
[INFO]2026-08-20 14:06:30,618 pattern_ranker.py:597: source :recommendationservice /hipstershop.RecommendationService/ListRecommendations start, target: TraceID: <:TRACEID:> SpanID: <:SPANID:> Query Recommendations, score: 1.0, deepth: 2, pod recommendationservice-6cfdd55578-gfj6q, resource NetworkP90(ms)
[INFO]2026-08-20 14:06:30,618 pattern_ranker.py:602: 
[INFO]2026-08-20 14:06:43,571 data_integrate.py:486: [{'pod': 'recommendationservice-6cfdd55578-gfj6q', 'alarm': [{'metric_type': 'CpuUsageRate(%)', 'alarm_flag': True}]}, {'pod': 'adservice-5f6585d649-fnmft', 'alarm': [{'metric_type': 'MemoryUsageRate(%)', 'alarm_flag': True}]}]
[INFO]2026-08-20 14:07:05,508 data_integrate.py:555: Data Integrate Complete!
[INFO]2026-08-20 14:07:05,622 pattern_ranker.py:192: Soted Result List: [{'events': '108_7', 'score': 1.0, 'deepth': 2, 'pod': 'recommendationservice-6cfdd55578-gfj6q', 'resource': 'CpuUsageRate(%)'}]
[INFO]2026-08-20 14:07:05,706 pattern_ranker.py:545: 2022-08-22 07:01:25 Inject RCA Pod Result:
[INFO]2026-08-20 14:07:05,706 pattern_ranker.py:546: 2022-08-22 07:01:25 Inject Ground Truth: recommendationservice-6cfdd55578-gfj6q, cpu_contention
[INFO]2026-08-20 14:07:05,706 pattern_ranker.py:559: 2022-08-22 07:01:25 Inject Ground Truth: recommendationservice-6cfdd55578-gfj6q, cpu_contention score 1
[INFO]2026-08-20 14:07:05,706 pattern_ranker.py:597: source :recommendationservice /hipstershop.RecommendationService/ListRecommendations start, target: TraceID: <:TRACEID:> SpanID: <:SPANID:> Query Recommendations, score: 1.0, deepth: 2, pod recommendationservice-6cfdd55578-gfj6q, resource CpuUsageRate(%)
[INFO]2026-08-20 14:07:05,706 pattern_ranker.py:602: 
[INFO]2026-08-20 14:07:13,524 data_integrate.py:486: [{'pod': 'recommendationservice-6cfdd55578-gfj6q', 'alarm': [{'metric_type': 'CpuUsageRate(%)', 'alarm_flag': True}]}, {'pod': 'adservice-5f6585d649-fnmft', 'alarm': [{'metric_type': 'MemoryUsageRate(%)', 'alarm_flag': True}]}]
[INFO]2026-08-20 14:07:24,891 data_integrate.py:555: Data Integrate Complete!
[INFO]2026-08-20 14:07:25,770 pattern_ranker.py:192: Soted Result List: [{'events': '108_7', 'score': 1.0, 'deepth': 2, 'pod': 'recommendationservice-6cfdd55578-gfj6q', 'resource': 'CpuUsageRate(%)'}, {'events': '104_106', 'score': 0.7067988668555241, 'deepth': 2, 'pod': 'currencyservice-cf787dd48-vpjrd'}, {'events': '28_208', 'score': 0.6753246753246753, 'deepth': 4, 'pod': 'adservice-5f6585d649-fnmft', 'resource': 'MemoryUsageRate(%)'}, {'events': '4_42', 'score': 0.6753246753246753, 'deepth': 1, 'pod': 'frontend-579b9bff58-t2dbm'}, {'events': '16_41', 'score': 0.6753246753246753, 'deepth': 1, 'pod': 'frontend-579b9bff58-t2dbm'}, {'events': '4_40', 'score': 0.6744186046511628, 'deepth': 1, 'pod': 'frontend-579b9bff58-t2dbm'}]
[INFO]2026-08-20 14:07:25,829 pattern_ranker.py:545: 2022-08-22 07:10:43 Inject RCA Pod Result:
[INFO]2026-08-20 14:07:25,829 pattern_ranker.py:546: 2022-08-22 07:10:43 Inject Ground Truth: recommendationservice-6cfdd55578-gfj6q, cpu_consumed
[INFO]2026-08-20 14:07:25,829 pattern_ranker.py:559: 2022-08-22 07:10:43 Inject Ground Truth: recommendationservice-6cfdd55578-gfj6q, cpu_consumed score 1
[INFO]2026-08-20 14:07:25,830 pattern_ranker.py:597: source :recommendationservice /hipstershop.RecommendationService/ListRecommendations start, target: TraceID: <:TRACEID:> SpanID: <:SPANID:> Query Recommendations, score: 1.0, deepth: 2, pod recommendationservice-6cfdd55578-gfj6q, resource CpuUsageRate(%)
[INFO]2026-08-20 14:07:25,830 pattern_ranker.py:600: source :currencyservice grpc.hipstershop.CurrencyService/Convert start, target: currencyservice hipstershop.CurrencyService/Carry start, score: 0.7067988668555241, deepth: 2, pod currencyservice-cf787dd48-vpjrd
[INFO]2026-08-20 14:07:25,830 pattern_ranker.py:597: source :<:NUM:>:<:NUM:>:<:NUM:>.<:NUM:> INFO - TraceID: <:TRACEID:> SpanID: <:SPANID:> Received ad request (context words=<:ITEM:>, target: <:NUM:>:<:NUM:>:<:NUM:>.<:NUM:> INFO - TraceID: <:TRACEID:> SpanID: <:SPANID:> No context provided. Constructe random Ads start, score: 0.6753246753246753, deepth: 4, pod adservice-5f6585d649-fnmft, resource MemoryUsageRate(%)
[INFO]2026-08-20 14:07:25,830 pattern_ranker.py:600: source :TraceID: <:TRACEID:> SpanID: <:SPANID:> Request started, target: TraceID: <:TRACEID:> SpanID: <:SPANID:> Request home started, score: 0.6753246753246753, deepth: 1, pod frontend-579b9bff58-t2dbm
[INFO]2026-08-20 14:07:25,830 pattern_ranker.py:600: source :TraceID: <:TRACEID:> SpanID: <:SPANID:> Choose Ad complete, target: TraceID: <:TRACEID:> SpanID: <:SPANID:> Request home complete, score: 0.6753246753246753, deepth: 1, pod frontend-579b9bff58-t2dbm
[INFO]2026-08-20 14:07:25,830 pattern_ranker.py:600: source :TraceID: <:TRACEID:> SpanID: <:SPANID:> Request started, target: TraceID: <:TRACEID:> SpanID: <:SPANID:> Setting currency started, score: 0.6744186046511628, deepth: 1, pod frontend-579b9bff58-t2dbm
[INFO]2026-08-20 14:07:25,830 pattern_ranker.py:602: 
[INFO]2026-08-20 14:07:41,603 data_integrate.py:486: [{'pod': 'adservice-5f6585d649-fnmft', 'alarm': [{'metric_type': 'MemoryUsageRate(%)', 'alarm_flag': True}]}, {'pod': 'shippingservice-7b598fc7d-lmggd', 'alarm': [{'metric_type': 'NetworkP90(ms)', 'alarm_flag': True}]}]
[INFO]2026-08-20 14:08:07,445 data_integrate.py:555: Data Integrate Complete!
[INFO]2026-08-20 14:08:07,884 pattern_ranker.py:192: Soted Result List: [{'events': '130_34', 'score': 1.0, 'deepth': 8, 'pod': 'shippingservice-7b598fc7d-lmggd', 'resource': 'NetworkP90(ms)'}]
[INFO]2026-08-20 14:08:07,984 pattern_ranker.py:545: 2022-08-22 07:17:55 Inject RCA Pod Result:
[INFO]2026-08-20 14:08:07,985 pattern_ranker.py:546: 2022-08-22 07:17:55 Inject Ground Truth: shippingservice-7b598fc7d-lmggd, network_delay
[INFO]2026-08-20 14:08:07,985 pattern_ranker.py:559: 2022-08-22 07:17:55 Inject Ground Truth: shippingservice-7b598fc7d-lmggd, network_delay score 1
[INFO]2026-08-20 14:08:07,985 pattern_ranker.py:597: source :shippingservice hipstershop.ShippingService/QuoteByCountFloat start, target: TraceID: <:TRACEID:> SpanID: <:SPANID:>[QuoteByCountFloat] received request, score: 1.0, deepth: 8, pod shippingservice-7b598fc7d-lmggd, resource NetworkP90(ms)
[INFO]2026-08-20 14:08:07,985 pattern_ranker.py:602: 
[INFO]2026-08-20 14:08:24,201 data_integrate.py:486: [{'pod': 'adservice-5f6585d649-fnmft', 'alarm': [{'metric_type': 'MemoryUsageRate(%)', 'alarm_flag': True}]}, {'pod': 'shippingservice-7b598fc7d-lmggd', 'alarm': [{'metric_type': 'CpuUsageRate(%)', 'alarm_flag': True}]}]
[INFO]2026-08-20 14:08:54,314 data_integrate.py:555: Data Integrate Complete!
[INFO]2026-08-20 14:08:54,715 pattern_ranker.py:192: Soted Result List: [{'events': '130_34', 'score': 1.0, 'deepth': 8, 'pod': 'shippingservice-7b598fc7d-lmggd', 'resource': 'CpuUsageRate(%)'}]
[INFO]2026-08-20 14:08:54,809 pattern_ranker.py:545: 2022-08-22 07:26:48 Inject RCA Pod Result:
[INFO]2026-08-20 14:08:54,809 pattern_ranker.py:546: 2022-08-22 07:26:48 Inject Ground Truth: shippingservice-7b598fc7d-lmggd, cpu_contention
[INFO]2026-08-20 14:08:54,809 pattern_ranker.py:559: 2022-08-22 07:26:48 Inject Ground Truth: shippingservice-7b598fc7d-lmggd, cpu_contention score 1
[INFO]2026-08-20 14:08:54,809 pattern_ranker.py:597: source :shippingservice hipstershop.ShippingService/QuoteByCountFloat start, target: TraceID: <:TRACEID:> SpanID: <:SPANID:>[QuoteByCountFloat] received request, score: 1.0, deepth: 8, pod shippingservice-7b598fc7d-lmggd, resource CpuUsageRate(%)
[INFO]2026-08-20 14:08:54,809 pattern_ranker.py:602: 
[INFO]2026-08-20 14:09:12,276 data_integrate.py:486: [{'pod': 'adservice-5f6585d649-fnmft', 'alarm': [{'metric_type': 'MemoryUsageRate(%)', 'alarm_flag': True}]}]
[INFO]2026-08-20 14:09:44,691 data_integrate.py:555: Data Integrate Complete!
[INFO]2026-08-20 14:09:45,188 pattern_ranker.py:192: Soted Result List: [{'events': '28_208', 'score': 1.0, 'deepth': 4, 'pod': 'adservice-5f6585d649-fnmft', 'resource': 'MemoryUsageRate(%)'}, {'events': '16_41', 'score': 1.0, 'deepth': 1, 'pod': 'frontend-579b9bff58-t2dbm'}]
[INFO]2026-08-20 14:09:45,297 pattern_ranker.py:545: 2022-08-22 07:44:20 Inject RCA Pod Result:
[INFO]2026-08-20 14:09:45,298 pattern_ranker.py:546: 2022-08-22 07:44:20 Inject Ground Truth: adservice-5f6585d649-fnmft, return
[INFO]2026-08-20 14:09:45,298 pattern_ranker.py:575: 2022-08-22 07:44:20 Inject Ground Truth: adservice-5f6585d649-fnmft, return score 1
[INFO]2026-08-20 14:09:45,298 pattern_ranker.py:597: source :<:NUM:>:<:NUM:>:<:NUM:>.<:NUM:> INFO - TraceID: <:TRACEID:> SpanID: <:SPANID:> Received ad request (context words=<:ITEM:>, target: <:NUM:>:<:NUM:>:<:NUM:>.<:NUM:> INFO - TraceID: <:TRACEID:> SpanID: <:SPANID:> No context provided. Constructe random Ads start, score: 1.0, deepth: 4, pod adservice-5f6585d649-fnmft, resource MemoryUsageRate(%)
[INFO]2026-08-20 14:09:45,298 pattern_ranker.py:600: source :TraceID: <:TRACEID:> SpanID: <:SPANID:> Choose Ad complete, target: TraceID: <:TRACEID:> SpanID: <:SPANID:> Request home complete, score: 1.0, deepth: 1, pod frontend-579b9bff58-t2dbm
[INFO]2026-08-20 14:09:45,298 pattern_ranker.py:602: 
[INFO]2026-08-20 14:10:01,338 data_integrate.py:486: [{'pod': 'adservice-5f6585d649-fnmft', 'alarm': [{'metric_type': 'MemoryUsageRate(%)', 'alarm_flag': True}]}]
[INFO]2026-08-20 14:10:28,924 data_integrate.py:555: Data Integrate Complete!
[INFO]2026-08-20 14:10:29,407 pattern_ranker.py:192: Soted Result List: [{'events': '28_208', 'score': 1.0, 'deepth': 4, 'pod': 'adservice-5f6585d649-fnmft', 'resource': 'MemoryUsageRate(%)'}, {'events': '16_41', 'score': 1.0, 'deepth': 1, 'pod': 'frontend-579b9bff58-t2dbm'}]
[INFO]2026-08-20 14:10:29,511 pattern_ranker.py:545: 2022-08-22 07:53:33 Inject RCA Pod Result:
[INFO]2026-08-20 14:10:29,511 pattern_ranker.py:546: 2022-08-22 07:53:33 Inject Ground Truth: adservice-5f6585d649-fnmft, exception
[INFO]2026-08-20 14:10:29,512 pattern_ranker.py:575: 2022-08-22 07:53:33 Inject Ground Truth: adservice-5f6585d649-fnmft, exception score 1
[INFO]2026-08-20 14:10:29,512 pattern_ranker.py:597: source :<:NUM:>:<:NUM:>:<:NUM:>.<:NUM:> INFO - TraceID: <:TRACEID:> SpanID: <:SPANID:> Received ad request (context words=<:ITEM:>, target: <:NUM:>:<:NUM:>:<:NUM:>.<:NUM:> INFO - TraceID: <:TRACEID:> SpanID: <:SPANID:> No context provided. Constructe random Ads start, score: 1.0, deepth: 4, pod adservice-5f6585d649-fnmft, resource MemoryUsageRate(%)
[INFO]2026-08-20 14:10:29,512 pattern_ranker.py:600: source :TraceID: <:TRACEID:> SpanID: <:SPANID:> Choose Ad complete, target: TraceID: <:TRACEID:> SpanID: <:SPANID:> Request home complete, score: 1.0, deepth: 1, pod frontend-579b9bff58-t2dbm
[INFO]2026-08-20 14:10:29,512 pattern_ranker.py:602: 
[INFO]2026-08-20 14:10:45,697 data_integrate.py:486: [{'pod': 'adservice-5f6585d649-fnmft', 'alarm': [{'metric_type': 'MemoryUsageRate(%)', 'alarm_flag': True}]}]
[INFO]2026-08-20 14:11:12,181 data_integrate.py:555: Data Integrate Complete!
[INFO]2026-08-20 14:11:23,693 data_integrate.py:486: [{'pod': 'frontend-579b9bff58-t2dbm', 'alarm': [{'metric_type': 'CpuUsageRate(%)', 'alarm_flag': True}]}, {'pod': 'adservice-5f6585d649-fnmft', 'alarm': [{'metric_type': 'MemoryUsageRate(%)', 'alarm_flag': True}]}]
[INFO]2026-08-20 14:11:41,326 data_integrate.py:555: Data Integrate Complete!
[INFO]2026-08-20 14:11:41,514 pattern_ranker.py:192: Soted Result List: [{'events': '76_4', 'score': 1.0, 'deepth': 1, 'pod': 'frontend-579b9bff58-t2dbm', 'resource': 'CpuUsageRate(%)'}, {'events': '24_100', 'score': 0.7368421052631579, 'deepth': 3, 'pod': 'currencyservice-cf787dd48-vpjrd'}]
[INFO]2026-08-20 14:11:41,592 pattern_ranker.py:545: 2022-08-23 12:01:25 Inject RCA Pod Result:
[INFO]2026-08-20 14:11:41,592 pattern_ranker.py:546: 2022-08-23 12:01:25 Inject Ground Truth: frontend-579b9bff58-t2dbm, cpu_contention
[INFO]2026-08-20 14:11:41,592 pattern_ranker.py:559: 2022-08-23 12:01:25 Inject Ground Truth: frontend-579b9bff58-t2dbm, cpu_contention score 1
[INFO]2026-08-20 14:11:41,593 pattern_ranker.py:597: source :frontend hipstershop.Frontend/Recv. start, target: TraceID: <:TRACEID:> SpanID: <:SPANID:> Request started, score: 1.0, deepth: 1, pod frontend-579b9bff58-t2dbm, resource CpuUsageRate(%)
[INFO]2026-08-20 14:11:41,593 pattern_ranker.py:600: source :TraceID: <:TRACEID:> SpanID: <:SPANID:> Getting supported currencies..., target: currencyservice hipstershop.CurrencyService/GetCurrencyData start, score: 0.7368421052631579, deepth: 3, pod currencyservice-cf787dd48-vpjrd
[INFO]2026-08-20 14:11:41,593 pattern_ranker.py:602: 
[INFO]2026-08-20 14:11:49,370 data_integrate.py:486: [{'pod': 'adservice-5f6585d649-fnmft', 'alarm': [{'metric_type': 'MemoryUsageRate(%)', 'alarm_flag': True}]}]
[INFO]2026-08-20 14:12:10,460 data_integrate.py:555: Data Integrate Complete!
[INFO]2026-08-20 14:12:11,870 pattern_ranker.py:192: Soted Result List: [{'events': '120_198', 'score': 1.0, 'deepth': 4, 'pod': 'adservice-5f6585d649-fnmft', 'resource': 'MemoryUsageRate(%)'}, {'events': '28_119', 'score': 1.0, 'deepth': 4, 'pod': 'adservice-5f6585d649-fnmft', 'resource': 'MemoryUsageRate(%)'}, {'events': '28_120', 'score': 1.0, 'deepth': 4, 'pod': 'adservice-5f6585d649-fnmft', 'resource': 'MemoryUsageRate(%)'}, {'events': '18_78', 'score': 1.0, 'deepth': 1, 'pod': 'frontend-579b9bff58-t2dbm'}, {'events': '18_17', 'score': 1.0, 'deepth': 1, 'pod': 'frontend-579b9bff58-t2dbm'}, {'events': '18_80', 'score': 1.0, 'deepth': 1, 'pod': 'frontend-579b9bff58-t2dbm'}, {'events': '18_82', 'score': 1.0, 'deepth': 1, 'pod': 'frontend-579b9bff58-t2dbm'}, {'events': '18_84', 'score': 1.0, 'deepth': 1, 'pod': 'frontend-579b9bff58-t2dbm'}, {'events': '18_86', 'score': 1.0, 'deepth': 1, 'pod': 'frontend-579b9bff58-t2dbm'}, {'events': '16_15', 'score': 1.0, 'deepth': 1, 'pod': 'frontend-579b9bff58-t2dbm'}]
[INFO]2026-08-20 14:12:11,973 pattern_ranker.py:545: 2022-08-23 12:10:21 Inject RCA Pod Result:
[INFO]2026-08-20 14:12:11,974 pattern_ranker.py:546: 2022-08-23 12:10:21 Inject Ground Truth: frontend-579b9bff58-t2dbm, return
[INFO]2026-08-20 14:12:11,974 pattern_ranker.py:575: 2022-08-23 12:10:21 Inject Ground Truth: frontend-579b9bff58-t2dbm, return score 2
[INFO]2026-08-20 14:12:11,974 pattern_ranker.py:597: source :adservice hipstershop.AdService/<:SPANID:> start, target: MemoryUsageRate(%), score: 1.0, deepth: 4, pod adservice-5f6585d649-fnmft, resource MemoryUsageRate(%)
[INFO]2026-08-20 14:12:11,974 pattern_ranker.py:597: source :<:NUM:>:<:NUM:>:<:NUM:>.<:NUM:> INFO - TraceID: <:TRACEID:> SpanID: <:SPANID:> Received ad request (context words=<:ITEM:>, target: adservice hipstershop.AdServiceImpl/getAds end, score: 1.0, deepth: 4, pod adservice-5f6585d649-fnmft, resource MemoryUsageRate(%)
[INFO]2026-08-20 14:12:11,974 pattern_ranker.py:597: source :<:NUM:>:<:NUM:>:<:NUM:>.<:NUM:> INFO - TraceID: <:TRACEID:> SpanID: <:SPANID:> Received ad request (context words=<:ITEM:>, target: adservice hipstershop.AdService/<:SPANID:> start, score: 1.0, deepth: 4, pod adservice-5f6585d649-fnmft, resource MemoryUsageRate(%)
[INFO]2026-08-20 14:12:11,974 pattern_ranker.py:600: source :TraceID: <:TRACEID:> SpanID: <:SPANID:> Serving product page started, target: frontend hipstershop.ProductCatalogService/GetProduct start, score: 1.0, deepth: 1, pod frontend-579b9bff58-t2dbm
[INFO]2026-08-20 14:12:11,974 pattern_ranker.py:600: source :TraceID: <:TRACEID:> SpanID: <:SPANID:> Serving product page started, target: TraceID: <:TRACEID:> SpanID: <:SPANID:> Choose Ad started, score: 1.0, deepth: 1, pod frontend-579b9bff58-t2dbm
[INFO]2026-08-20 14:12:11,974 pattern_ranker.py:600: source :TraceID: <:TRACEID:> SpanID: <:SPANID:> Serving product page started, target: frontend hipstershop.CurrencyService/GetSupportedCurrencies start, score: 1.0, deepth: 1, pod frontend-579b9bff58-t2dbm
[INFO]2026-08-20 14:12:11,974 pattern_ranker.py:600: source :TraceID: <:TRACEID:> SpanID: <:SPANID:> Serving product page started, target: frontend hipstershop.CartService/GetCart start, score: 1.0, deepth: 1, pod frontend-579b9bff58-t2dbm
[INFO]2026-08-20 14:12:11,975 pattern_ranker.py:600: source :TraceID: <:TRACEID:> SpanID: <:SPANID:> Serving product page started, target: frontend hipstershop.CurrencyService/Convert start, score: 1.0, deepth: 1, pod frontend-579b9bff58-t2dbm
[INFO]2026-08-20 14:12:11,975 pattern_ranker.py:600: source :TraceID: <:TRACEID:> SpanID: <:SPANID:> Serving product page started, target: frontend hipstershop.RecommendationService/ListRecommendations start, score: 1.0, deepth: 1, pod frontend-579b9bff58-t2dbm
[INFO]2026-08-20 14:12:11,975 pattern_ranker.py:600: source :TraceID: <:TRACEID:> SpanID: <:SPANID:> Choose Ad complete, target: TraceID: <:TRACEID:> SpanID: <:SPANID:> Serving product page complete, score: 1.0, deepth: 1, pod frontend-579b9bff58-t2dbm
[INFO]2026-08-20 14:12:11,975 pattern_ranker.py:602: 
[INFO]2026-08-20 14:12:25,062 data_integrate.py:486: [{'pod': 'frontend-579b9bff58-t2dbm', 'alarm': [{'metric_type': 'CpuUsageRate(%)', 'alarm_flag': True}]}, {'pod': 'adservice-5f6585d649-fnmft', 'alarm': [{'metric_type': 'MemoryUsageRate(%)', 'alarm_flag': True}]}]
[INFO]2026-08-20 14:12:46,007 data_integrate.py:555: Data Integrate Complete!
[INFO]2026-08-20 14:12:46,195 pattern_ranker.py:192: Soted Result List: [{'events': '76_4', 'score': 1.0, 'deepth': 1, 'pod': 'frontend-579b9bff58-t2dbm', 'resource': 'CpuUsageRate(%)'}, {'events': '24_100', 'score': 0.7, 'deepth': 3, 'pod': 'currencyservice-cf787dd48-vpjrd'}]
[INFO]2026-08-20 14:12:46,279 pattern_ranker.py:545: 2022-08-23 12:18:23 Inject RCA Pod Result:
[INFO]2026-08-20 14:12:46,279 pattern_ranker.py:546: 2022-08-23 12:18:23 Inject Ground Truth: frontend-579b9bff58-t2dbm, cpu_consumed
[INFO]2026-08-20 14:12:46,279 pattern_ranker.py:559: 2022-08-23 12:18:23 Inject Ground Truth: frontend-579b9bff58-t2dbm, cpu_consumed score 1
[INFO]2026-08-20 14:12:46,279 pattern_ranker.py:597: source :frontend hipstershop.Frontend/Recv. start, target: TraceID: <:TRACEID:> SpanID: <:SPANID:> Request started, score: 1.0, deepth: 1, pod frontend-579b9bff58-t2dbm, resource CpuUsageRate(%)
[INFO]2026-08-20 14:12:46,280 pattern_ranker.py:600: source :TraceID: <:TRACEID:> SpanID: <:SPANID:> Getting supported currencies..., target: currencyservice hipstershop.CurrencyService/GetCurrencyData start, score: 0.7, deepth: 3, pod currencyservice-cf787dd48-vpjrd
[INFO]2026-08-20 14:12:46,280 pattern_ranker.py:602: 
[INFO]2026-08-20 14:13:02,955 data_integrate.py:486: [{'pod': 'adservice-5f6585d649-fnmft', 'alarm': [{'metric_type': 'MemoryUsageRate(%)', 'alarm_flag': True}]}]
[INFO]2026-08-20 14:13:34,109 data_integrate.py:555: Data Integrate Complete!
[INFO]2026-08-20 14:13:34,182 pattern_ranker.py:192: Soted Result List: [{'events': '50_49', 'score': 1.0, 'deepth': 1, 'pod': 'frontend-579b9bff58-t2dbm'}]
[INFO]2026-08-20 14:13:34,288 pattern_ranker.py:545: 2022-08-23 12:27:23 Inject RCA Pod Result:
[INFO]2026-08-20 14:13:34,288 pattern_ranker.py:546: 2022-08-23 12:27:23 Inject Ground Truth: frontend-579b9bff58-t2dbm, exception
[INFO]2026-08-20 14:13:34,288 pattern_ranker.py:575: 2022-08-23 12:27:23 Inject Ground Truth: frontend-579b9bff58-t2dbm, exception score 1
[INFO]2026-08-20 14:13:34,288 pattern_ranker.py:600: source :TraceID: <:TRACEID:> SpanID: <:SPANID:> Placing order started, target: TraceID: <:TRACEID:> SpanID: <:SPANID:> Order placed complete, score: 1.0, deepth: 1, pod frontend-579b9bff58-t2dbm
[INFO]2026-08-20 14:13:34,288 pattern_ranker.py:602: 
[INFO]2026-08-20 14:13:49,615 data_integrate.py:486: [{'pod': 'adservice-5f6585d649-fnmft', 'alarm': [{'metric_type': 'MemoryUsageRate(%)', 'alarm_flag': True}]}, {'pod': 'cartservice-579f59597d-wc2lz', 'alarm': [{'metric_type': 'NetworkP90(ms)', 'alarm_flag': True}]}]
[INFO]2026-08-20 14:14:16,775 data_integrate.py:555: Data Integrate Complete!
[INFO]2026-08-20 14:14:17,306 pattern_ranker.py:192: Soted Result List: [{'events': '102_25', 'score': 1.0, 'deepth': 6, 'pod': 'cartservice-579f59597d-wc2lz', 'resource': 'NetworkP90(ms)'}, {'events': '24_100', 'score': 0.7, 'deepth': 3, 'pod': 'currencyservice-cf787dd48-vpjrd'}, {'events': '23_100', 'score': 0.6744186046511628, 'deepth': 3, 'pod': 'currencyservice-cf787dd48-vpjrd'}]
[INFO]2026-08-20 14:14:17,414 pattern_ranker.py:545: 2022-08-23 12:35:57 Inject RCA Pod Result:
[INFO]2026-08-20 14:14:17,414 pattern_ranker.py:546: 2022-08-23 12:35:57 Inject Ground Truth: cartservice-579f59597d-wc2lz, network_delay
[INFO]2026-08-20 14:14:17,414 pattern_ranker.py:559: 2022-08-23 12:35:57 Inject Ground Truth: cartservice-579f59597d-wc2lz, network_delay score 1
[INFO]2026-08-20 14:14:17,414 pattern_ranker.py:597: source :cartservice hipstershop.CartService/GetCart start, target: TraceID: <:TRACEID:> SpanID: <:SPANID:> GetCartAsync called with userId=<:USERID:>, score: 1.0, deepth: 6, pod cartservice-579f59597d-wc2lz, resource NetworkP90(ms)
[INFO]2026-08-20 14:14:17,415 pattern_ranker.py:600: source :TraceID: <:TRACEID:> SpanID: <:SPANID:> Getting supported currencies..., target: currencyservice hipstershop.CurrencyService/GetCurrencyData start, score: 0.7, deepth: 3, pod currencyservice-cf787dd48-vpjrd
[INFO]2026-08-20 14:14:17,415 pattern_ranker.py:600: source :TraceID: <:TRACEID:> SpanID: <:SPANID:> Received conversion request, target: currencyservice hipstershop.CurrencyService/GetCurrencyData start, score: 0.6744186046511628, deepth: 3, pod currencyservice-cf787dd48-vpjrd
[INFO]2026-08-20 14:14:17,415 pattern_ranker.py:602: 
[INFO]2026-08-20 14:14:35,820 data_integrate.py:486: [{'pod': 'adservice-5f6585d649-fnmft', 'alarm': [{'metric_type': 'MemoryUsageRate(%)', 'alarm_flag': True}]}, {'pod': 'cartservice-579f59597d-wc2lz', 'alarm': [{'metric_type': 'CpuUsageRate(%)', 'alarm_flag': True}]}]
[INFO]2026-08-20 14:15:02,593 data_integrate.py:555: Data Integrate Complete!
[INFO]2026-08-20 14:15:02,944 pattern_ranker.py:192: Soted Result List: [{'events': '102_25', 'score': 1.0, 'deepth': 6, 'pod': 'cartservice-579f59597d-wc2lz', 'resource': 'CpuUsageRate(%)'}, {'events': '24_100', 'score': 0.7, 'deepth': 3, 'pod': 'currencyservice-cf787dd48-vpjrd'}]
[INFO]2026-08-20 14:15:03,044 pattern_ranker.py:545: 2022-08-23 12:45:08 Inject RCA Pod Result:
[INFO]2026-08-20 14:15:03,044 pattern_ranker.py:546: 2022-08-23 12:45:08 Inject Ground Truth: cartservice-579f59597d-wc2lz, cpu_contention
[INFO]2026-08-20 14:15:03,045 pattern_ranker.py:559: 2022-08-23 12:45:08 Inject Ground Truth: cartservice-579f59597d-wc2lz, cpu_contention score 1
[INFO]2026-08-20 14:15:03,045 pattern_ranker.py:597: source :cartservice hipstershop.CartService/GetCart start, target: TraceID: <:TRACEID:> SpanID: <:SPANID:> GetCartAsync called with userId=<:USERID:>, score: 1.0, deepth: 6, pod cartservice-579f59597d-wc2lz, resource CpuUsageRate(%)
[INFO]2026-08-20 14:15:03,045 pattern_ranker.py:600: source :TraceID: <:TRACEID:> SpanID: <:SPANID:> Getting supported currencies..., target: currencyservice hipstershop.CurrencyService/GetCurrencyData start, score: 0.7, deepth: 3, pod currencyservice-cf787dd48-vpjrd
[INFO]2026-08-20 14:15:03,045 pattern_ranker.py:602: 
[INFO]2026-08-20 14:15:19,880 data_integrate.py:486: [{'pod': 'checkoutservice-578fcf4766-9csqn', 'alarm': [{'metric_type': 'NetworkP90(ms)', 'alarm_flag': True}]}, {'pod': 'adservice-5f6585d649-fnmft', 'alarm': [{'metric_type': 'MemoryUsageRate(%)', 'alarm_flag': True}]}]
[INFO]2026-08-20 14:15:47,295 data_integrate.py:555: Data Integrate Complete!
[INFO]2026-08-20 14:15:47,823 pattern_ranker.py:192: Soted Result List: [{'events': '158_65', 'score': 1.0, 'deepth': 4, 'pod': 'checkoutservice-578fcf4766-9csqn', 'resource': 'NetworkP90(ms)'}, {'events': '23_100', 'score': 0.7073170731707317, 'deepth': 3, 'pod': 'currencyservice-cf787dd48-vpjrd'}]
[INFO]2026-08-20 14:15:47,927 pattern_ranker.py:545: 2022-08-23 12:53:52 Inject RCA Pod Result:
[INFO]2026-08-20 14:15:47,927 pattern_ranker.py:546: 2022-08-23 12:53:52 Inject Ground Truth: checkoutservice-578fcf4766-9csqn, network_delay
[INFO]2026-08-20 14:15:47,927 pattern_ranker.py:559: 2022-08-23 12:53:52 Inject Ground Truth: checkoutservice-578fcf4766-9csqn, network_delay score 1
[INFO]2026-08-20 14:15:47,928 pattern_ranker.py:597: source :checkoutservice hipstershop.CheckoutService/ConvertCurrency start, target: TraceID: <:TRACEID:> SpanID: <:SPANID:> Start convert currency from currency code:<:ITEM:>, score: 1.0, deepth: 4, pod checkoutservice-578fcf4766-9csqn, resource NetworkP90(ms)
[INFO]2026-08-20 14:15:47,928 pattern_ranker.py:600: source :TraceID: <:TRACEID:> SpanID: <:SPANID:> Received conversion request, target: currencyservice hipstershop.CurrencyService/GetCurrencyData start, score: 0.7073170731707317, deepth: 3, pod currencyservice-cf787dd48-vpjrd
[INFO]2026-08-20 14:15:47,928 pattern_ranker.py:602: 
[INFO]2026-08-20 14:16:05,692 data_integrate.py:486: [{'pod': 'adservice-5f6585d649-fnmft', 'alarm': [{'metric_type': 'MemoryUsageRate(%)', 'alarm_flag': True}]}]
[INFO]2026-08-20 14:16:33,838 data_integrate.py:555: Data Integrate Complete!
[INFO]2026-08-20 14:16:34,150 pattern_ranker.py:192: Soted Result List: [{'events': '62_61', 'score': 1.0, 'deepth': 4, 'pod': 'checkoutservice-578fcf4766-9csqn'}, {'events': '62_150', 'score': 1.0, 'deepth': 4, 'pod': 'checkoutservice-578fcf4766-9csqn'}, {'events': '73_60', 'score': 1.0, 'deepth': 3, 'pod': 'checkoutservice-578fcf4766-9csqn'}, {'events': '50_49', 'score': 1.0, 'deepth': 1, 'pod': 'frontend-579b9bff58-t2dbm'}, {'events': '23_100', 'score': 0.6904761904761905, 'deepth': 3, 'pod': 'currencyservice-cf787dd48-vpjrd'}]
[INFO]2026-08-20 14:16:34,249 pattern_ranker.py:545: 2022-08-23 13:02:09 Inject RCA Pod Result:
[INFO]2026-08-20 14:16:34,249 pattern_ranker.py:546: 2022-08-23 13:02:09 Inject Ground Truth: checkoutservice-578fcf4766-9csqn, exception
[INFO]2026-08-20 14:16:34,249 pattern_ranker.py:575: 2022-08-23 13:02:09 Inject Ground Truth: checkoutservice-578fcf4766-9csqn, exception score 1
[INFO]2026-08-20 14:16:34,249 pattern_ranker.py:600: source :TraceID: <:TRACEID:> SpanID: <:SPANID:> Start charge card, target: TraceID: <:TRACEID:> SpanID: <:SPANID:> Charge successfully, score: 1.0, deepth: 4, pod checkoutservice-578fcf4766-9csqn
[INFO]2026-08-20 14:16:34,249 pattern_ranker.py:600: source :TraceID: <:TRACEID:> SpanID: <:SPANID:> Start charge card, target: checkoutservice hipstershop.PaymentService/Charge start, score: 1.0, deepth: 4, pod checkoutservice-578fcf4766-9csqn
[INFO]2026-08-20 14:16:34,249 pattern_ranker.py:600: source :TraceID: <:TRACEID:> SpanID: <:SPANID:> Get OrderID <:USERID:>, target: TraceID: <:TRACEID:> SpanID: <:SPANID:> Payment went through (transaction id: <:*:>, score: 1.0, deepth: 3, pod checkoutservice-578fcf4766-9csqn
[INFO]2026-08-20 14:16:34,250 pattern_ranker.py:600: source :TraceID: <:TRACEID:> SpanID: <:SPANID:> Placing order started, target: TraceID: <:TRACEID:> SpanID: <:SPANID:> Order placed complete, score: 1.0, deepth: 1, pod frontend-579b9bff58-t2dbm
[INFO]2026-08-20 14:16:34,250 pattern_ranker.py:600: source :TraceID: <:TRACEID:> SpanID: <:SPANID:> Received conversion request, target: currencyservice hipstershop.CurrencyService/GetCurrencyData start, score: 0.6904761904761905, deepth: 3, pod currencyservice-cf787dd48-vpjrd
[INFO]2026-08-20 14:16:34,250 pattern_ranker.py:602: 
[INFO]2026-08-20 14:16:51,619 data_integrate.py:486: [{'pod': 'adservice-5f6585d649-fnmft', 'alarm': [{'metric_type': 'MemoryUsageRate(%)', 'alarm_flag': True}]}]
[INFO]2026-08-20 14:17:23,073 data_integrate.py:555: Data Integrate Complete!
[INFO]2026-08-20 14:17:23,229 pattern_ranker.py:192: Soted Result List: [{'events': '62_61', 'score': 1.0, 'deepth': 4, 'pod': 'checkoutservice-578fcf4766-9csqn'}, {'events': '73_60', 'score': 1.0, 'deepth': 3, 'pod': 'checkoutservice-578fcf4766-9csqn'}, {'events': '50_49', 'score': 1.0, 'deepth': 1, 'pod': 'frontend-579b9bff58-t2dbm'}]
[INFO]2026-08-20 14:17:23,331 pattern_ranker.py:545: 2022-08-23 13:10:36 Inject RCA Pod Result:
[INFO]2026-08-20 14:17:23,331 pattern_ranker.py:546: 2022-08-23 13:10:36 Inject Ground Truth: checkoutservice-578fcf4766-9csqn, return
[INFO]2026-08-20 14:17:23,331 pattern_ranker.py:575: 2022-08-23 13:10:36 Inject Ground Truth: checkoutservice-578fcf4766-9csqn, return score 1
[INFO]2026-08-20 14:17:23,331 pattern_ranker.py:600: source :TraceID: <:TRACEID:> SpanID: <:SPANID:> Start charge card, target: TraceID: <:TRACEID:> SpanID: <:SPANID:> Charge successfully, score: 1.0, deepth: 4, pod checkoutservice-578fcf4766-9csqn
[INFO]2026-08-20 14:17:23,331 pattern_ranker.py:600: source :TraceID: <:TRACEID:> SpanID: <:SPANID:> Get OrderID <:USERID:>, target: TraceID: <:TRACEID:> SpanID: <:SPANID:> Payment went through (transaction id: <:*:>, score: 1.0, deepth: 3, pod checkoutservice-578fcf4766-9csqn
[INFO]2026-08-20 14:17:23,331 pattern_ranker.py:600: source :TraceID: <:TRACEID:> SpanID: <:SPANID:> Placing order started, target: TraceID: <:TRACEID:> SpanID: <:SPANID:> Order placed complete, score: 1.0, deepth: 1, pod frontend-579b9bff58-t2dbm
[INFO]2026-08-20 14:17:23,331 pattern_ranker.py:602: 
[INFO]2026-08-20 14:17:40,630 data_integrate.py:486: [{'pod': 'checkoutservice-578fcf4766-9csqn', 'alarm': [{'metric_type': 'CpuUsageRate(%)', 'alarm_flag': True}]}, {'pod': 'adservice-5f6585d649-fnmft', 'alarm': [{'metric_type': 'MemoryUsageRate(%)', 'alarm_flag': True}]}]
[INFO]2026-08-20 14:18:12,082 data_integrate.py:555: Data Integrate Complete!
[INFO]2026-08-20 14:18:12,554 pattern_ranker.py:192: Soted Result List: [{'events': '158_65', 'score': 1.0, 'deepth': 4, 'pod': 'checkoutservice-578fcf4766-9csqn', 'resource': 'CpuUsageRate(%)'}]
[INFO]2026-08-20 14:18:12,662 pattern_ranker.py:545: 2022-08-23 13:19:06 Inject RCA Pod Result:
[INFO]2026-08-20 14:18:12,662 pattern_ranker.py:546: 2022-08-23 13:19:06 Inject Ground Truth: checkoutservice-578fcf4766-9csqn, cpu_consumed
[INFO]2026-08-20 14:18:12,662 pattern_ranker.py:559: 2022-08-23 13:19:06 Inject Ground Truth: checkoutservice-578fcf4766-9csqn, cpu_consumed score 1
[INFO]2026-08-20 14:18:12,663 pattern_ranker.py:597: source :checkoutservice hipstershop.CheckoutService/ConvertCurrency start, target: TraceID: <:TRACEID:> SpanID: <:SPANID:> Start convert currency from currency code:<:ITEM:>, score: 1.0, deepth: 4, pod checkoutservice-578fcf4766-9csqn, resource CpuUsageRate(%)
[INFO]2026-08-20 14:18:12,663 pattern_ranker.py:602: 
[INFO]2026-08-20 14:18:16,590 data_integrate.py:486: [{'pod': 'currencyservice-cf787dd48-vpjrd', 'alarm': [{'metric_type': 'CpuUsageRate(%)', 'alarm_flag': True}]}, {'pod': 'adservice-5f6585d649-fnmft', 'alarm': [{'metric_type': 'MemoryUsageRate(%)', 'alarm_flag': True}]}]
[INFO]2026-08-20 14:18:21,991 data_integrate.py:555: Data Integrate Complete!
[INFO]2026-08-20 14:18:23,832 pattern_ranker.py:192: Soted Result List: [{'events': '104_23', 'score': 1.0, 'deepth': 2, 'pod': 'currencyservice-cf787dd48-vpjrd', 'resource': 'CpuUsageRate(%)'}, {'events': '69_146', 'score': 0.8363636363636363, 'deepth': 5, 'pod': 'checkoutservice-578fcf4766-9csqn'}, {'events': '69_158', 'score': 0.8363636363636363, 'deepth': 5, 'pod': 'checkoutservice-578fcf4766-9csqn'}, {'events': '4_40', 'score': 0.8043478260869565, 'deepth': 1, 'pod': 'frontend-579b9bff58-t2dbm'}, {'events': '4_38', 'score': 0.7890625, 'deepth': 1, 'pod': 'frontend-579b9bff58-t2dbm'}, {'events': '4_18', 'score': 0.7864077669902912, 'deepth': 1, 'pod': 'frontend-579b9bff58-t2dbm'}, {'events': '16_15', 'score': 0.7864077669902912, 'deepth': 1, 'pod': 'frontend-579b9bff58-t2dbm'}, {'events': '4_3', 'score': 0.7833333333333333, 'deepth': 1, 'pod': 'frontend-579b9bff58-t2dbm'}, {'events': '4_50', 'score': 0.782608695652174, 'deepth': 1, 'pod': 'frontend-579b9bff58-t2dbm'}, {'events': '76_4', 'score': 0.778816199376947, 'deepth': 1, 'pod': 'frontend-579b9bff58-t2dbm'}, {'events': '120_198', 'score': 0.7786069651741293, 'deepth': 4, 'pod': 'adservice-5f6585d649-fnmft', 'resource': 'MemoryUsageRate(%)'}]
[INFO]2026-08-20 14:18:23,867 pattern_ranker.py:545: 2022-08-23 13:27:51 Inject RCA Pod Result:
[INFO]2026-08-20 14:18:23,867 pattern_ranker.py:546: 2022-08-23 13:27:51 Inject Ground Truth: currencyservice-cf787dd48-vpjrd, cpu_contention
[INFO]2026-08-20 14:18:23,867 pattern_ranker.py:559: 2022-08-23 13:27:51 Inject Ground Truth: currencyservice-cf787dd48-vpjrd, cpu_contention score 1
[INFO]2026-08-20 14:18:23,868 pattern_ranker.py:597: source :currencyservice grpc.hipstershop.CurrencyService/Convert start, target: TraceID: <:TRACEID:> SpanID: <:SPANID:> Received conversion request, score: 1.0, deepth: 2, pod currencyservice-cf787dd48-vpjrd, resource CpuUsageRate(%)
[INFO]2026-08-20 14:18:23,868 pattern_ranker.py:600: source :TraceID: <:TRACEID:> SpanID: <:SPANID:> Start query cost of products<:ITEM:>, target: checkoutservice hipstershop.ProductCatalogService/GetProduct start, score: 0.8363636363636363, deepth: 5, pod checkoutservice-578fcf4766-9csqn
[INFO]2026-08-20 14:18:23,868 pattern_ranker.py:600: source :TraceID: <:TRACEID:> SpanID: <:SPANID:> Start query cost of products<:ITEM:>, target: checkoutservice hipstershop.CheckoutService/ConvertCurrency start, score: 0.8363636363636363, deepth: 5, pod checkoutservice-578fcf4766-9csqn
[INFO]2026-08-20 14:18:23,868 pattern_ranker.py:600: source :TraceID: <:TRACEID:> SpanID: <:SPANID:> Request started, target: TraceID: <:TRACEID:> SpanID: <:SPANID:> Setting currency started, score: 0.8043478260869565, deepth: 1, pod frontend-579b9bff58-t2dbm
[INFO]2026-08-20 14:18:23,868 pattern_ranker.py:600: source :TraceID: <:TRACEID:> SpanID: <:SPANID:> Request started, target: TraceID: <:TRACEID:> SpanID: <:SPANID:> View user cart start, score: 0.7890625, deepth: 1, pod frontend-579b9bff58-t2dbm
[INFO]2026-08-20 14:18:23,868 pattern_ranker.py:600: source :TraceID: <:TRACEID:> SpanID: <:SPANID:> Request started, target: TraceID: <:TRACEID:> SpanID: <:SPANID:> Serving product page started, score: 0.7864077669902912, deepth: 1, pod frontend-579b9bff58-t2dbm
[INFO]2026-08-20 14:18:23,868 pattern_ranker.py:600: source :TraceID: <:TRACEID:> SpanID: <:SPANID:> Choose Ad complete, target: TraceID: <:TRACEID:> SpanID: <:SPANID:> Serving product page complete, score: 0.7864077669902912, deepth: 1, pod frontend-579b9bff58-t2dbm
[INFO]2026-08-20 14:18:23,868 pattern_ranker.py:600: source :TraceID: <:TRACEID:> SpanID: <:SPANID:> Request started, target: TraceID: <:TRACEID:> SpanID: <:SPANID:> Adding to cart started, score: 0.7833333333333333, deepth: 1, pod frontend-579b9bff58-t2dbm
[INFO]2026-08-20 14:18:23,868 pattern_ranker.py:600: source :TraceID: <:TRACEID:> SpanID: <:SPANID:> Request started, target: TraceID: <:TRACEID:> SpanID: <:SPANID:> Placing order started, score: 0.782608695652174, deepth: 1, pod frontend-579b9bff58-t2dbm
[INFO]2026-08-20 14:18:23,868 pattern_ranker.py:600: source :frontend hipstershop.Frontend/Recv. start, target: TraceID: <:TRACEID:> SpanID: <:SPANID:> Request started, score: 0.778816199376947, deepth: 1, pod frontend-579b9bff58-t2dbm
[INFO]2026-08-20 14:18:23,868 pattern_ranker.py:602: 
[INFO]2026-08-20 14:18:33,173 data_integrate.py:486: [{'pod': 'currencyservice-cf787dd48-vpjrd', 'alarm': [{'metric_type': 'NetworkP90(ms)', 'alarm_flag': True}]}, {'pod': 'adservice-5f6585d649-fnmft', 'alarm': [{'metric_type': 'MemoryUsageRate(%)', 'alarm_flag': True}]}]
[INFO]2026-08-20 14:18:48,787 data_integrate.py:555: Data Integrate Complete!
[INFO]2026-08-20 14:18:49,297 pattern_ranker.py:192: Soted Result List: [{'events': '104_23', 'score': 1.0, 'deepth': 2, 'pod': 'currencyservice-cf787dd48-vpjrd', 'resource': 'NetworkP90(ms)'}]
[INFO]2026-08-20 14:18:49,366 pattern_ranker.py:545: 2022-08-23 13:37:08 Inject RCA Pod Result:
[INFO]2026-08-20 14:18:49,366 pattern_ranker.py:546: 2022-08-23 13:37:08 Inject Ground Truth: currencyservice-cf787dd48-vpjrd, network_delay
[INFO]2026-08-20 14:18:49,366 pattern_ranker.py:559: 2022-08-23 13:37:08 Inject Ground Truth: currencyservice-cf787dd48-vpjrd, network_delay score 1
[INFO]2026-08-20 14:18:49,366 pattern_ranker.py:597: source :currencyservice grpc.hipstershop.CurrencyService/Convert start, target: TraceID: <:TRACEID:> SpanID: <:SPANID:> Received conversion request, score: 1.0, deepth: 2, pod currencyservice-cf787dd48-vpjrd, resource NetworkP90(ms)
[INFO]2026-08-20 14:18:49,366 pattern_ranker.py:602: 
[INFO]2026-08-20 14:19:06,057 data_integrate.py:486: [{'pod': 'emailservice-55fdc5b988-f6xth', 'alarm': [{'metric_type': 'CpuUsageRate(%)', 'alarm_flag': True}]}, {'pod': 'adservice-5f6585d649-fnmft', 'alarm': [{'metric_type': 'MemoryUsageRate(%)', 'alarm_flag': True}]}]
[INFO]2026-08-20 14:19:37,613 data_integrate.py:555: Data Integrate Complete!
[INFO]2026-08-20 14:19:37,947 pattern_ranker.py:192: Soted Result List: [{'events': '187_52', 'score': 1.0, 'deepth': 5, 'pod': 'emailservice-55fdc5b988-f6xth', 'resource': 'CpuUsageRate(%)'}, {'events': '23_100', 'score': 0.725, 'deepth': 3, 'pod': 'currencyservice-cf787dd48-vpjrd'}, {'events': '24_100', 'score': 0.7, 'deepth': 3, 'pod': 'currencyservice-cf787dd48-vpjrd'}]
[INFO]2026-08-20 14:19:38,051 pattern_ranker.py:545: 2022-08-23 13:45:53 Inject RCA Pod Result:
[INFO]2026-08-20 14:19:38,052 pattern_ranker.py:546: 2022-08-23 13:45:53 Inject Ground Truth: emailservice-55fdc5b988-f6xth, cpu_contention
[INFO]2026-08-20 14:19:38,052 pattern_ranker.py:559: 2022-08-23 13:45:53 Inject Ground Truth: emailservice-55fdc5b988-f6xth, cpu_contention score 1
[INFO]2026-08-20 14:19:38,052 pattern_ranker.py:597: source :emailservice /hipstershop.EmailService/SendOrderConfirmation start, target: TraceID: <:TRACEID:> SpanID: <:SPANID:> Send order confirmation email to someone@example.com start., score: 1.0, deepth: 5, pod emailservice-55fdc5b988-f6xth, resource CpuUsageRate(%)
[INFO]2026-08-20 14:19:38,052 pattern_ranker.py:600: source :TraceID: <:TRACEID:> SpanID: <:SPANID:> Received conversion request, target: currencyservice hipstershop.CurrencyService/GetCurrencyData start, score: 0.725, deepth: 3, pod currencyservice-cf787dd48-vpjrd
[INFO]2026-08-20 14:19:38,052 pattern_ranker.py:600: source :TraceID: <:TRACEID:> SpanID: <:SPANID:> Getting supported currencies..., target: currencyservice hipstershop.CurrencyService/GetCurrencyData start, score: 0.7, deepth: 3, pod currencyservice-cf787dd48-vpjrd
[INFO]2026-08-20 14:19:38,052 pattern_ranker.py:602: 
[INFO]2026-08-20 14:19:56,762 data_integrate.py:486: [{'pod': 'emailservice-55fdc5b988-f6xth', 'alarm': [{'metric_type': 'NetworkP90(ms)', 'alarm_flag': True}]}, {'pod': 'adservice-5f6585d649-fnmft', 'alarm': [{'metric_type': 'MemoryUsageRate(%)', 'alarm_flag': True}]}]
[INFO]2026-08-20 14:20:27,312 data_integrate.py:555: Data Integrate Complete!
[INFO]2026-08-20 14:20:27,538 pattern_ranker.py:192: Soted Result List: [{'events': '187_52', 'score': 1.0, 'deepth': 5, 'pod': 'emailservice-55fdc5b988-f6xth', 'resource': 'NetworkP90(ms)'}, {'events': '24_100', 'score': 0.7, 'deepth': 3, 'pod': 'currencyservice-cf787dd48-vpjrd'}]
[INFO]2026-08-20 14:20:27,655 pattern_ranker.py:545: 2022-08-23 13:54:37 Inject RCA Pod Result:
[INFO]2026-08-20 14:20:27,655 pattern_ranker.py:546: 2022-08-23 13:54:37 Inject Ground Truth: emailservice-55fdc5b988-f6xth, network_delay
[INFO]2026-08-20 14:20:27,655 pattern_ranker.py:559: 2022-08-23 13:54:37 Inject Ground Truth: emailservice-55fdc5b988-f6xth, network_delay score 1
[INFO]2026-08-20 14:20:27,655 pattern_ranker.py:597: source :emailservice /hipstershop.EmailService/SendOrderConfirmation start, target: TraceID: <:TRACEID:> SpanID: <:SPANID:> Send order confirmation email to someone@example.com start., score: 1.0, deepth: 5, pod emailservice-55fdc5b988-f6xth, resource NetworkP90(ms)
[INFO]2026-08-20 14:20:27,655 pattern_ranker.py:600: source :TraceID: <:TRACEID:> SpanID: <:SPANID:> Getting supported currencies..., target: currencyservice hipstershop.CurrencyService/GetCurrencyData start, score: 0.7, deepth: 3, pod currencyservice-cf787dd48-vpjrd
[INFO]2026-08-20 14:20:27,655 pattern_ranker.py:602: 
[INFO]2026-08-20 14:20:46,596 data_integrate.py:486: [{'pod': 'emailservice-55fdc5b988-f6xth', 'alarm': [{'metric_type': 'CpuUsageRate(%)', 'alarm_flag': True}]}, {'pod': 'adservice-5f6585d649-fnmft', 'alarm': [{'metric_type': 'MemoryUsageRate(%)', 'alarm_flag': True}]}]
[INFO]2026-08-20 14:21:17,181 data_integrate.py:555: Data Integrate Complete!
[INFO]2026-08-20 14:21:17,271 pattern_ranker.py:192: Soted Result List: [{'events': '187_52', 'score': 1.0, 'deepth': 5, 'pod': 'emailservice-55fdc5b988-f6xth', 'resource': 'CpuUsageRate(%)'}]
[INFO]2026-08-20 14:21:17,384 pattern_ranker.py:545: 2022-08-23 14:03:48 Inject RCA Pod Result:
[INFO]2026-08-20 14:21:17,384 pattern_ranker.py:546: 2022-08-23 14:03:48 Inject Ground Truth: emailservice-55fdc5b988-f6xth, cpu_consumed
[INFO]2026-08-20 14:21:17,384 pattern_ranker.py:559: 2022-08-23 14:03:48 Inject Ground Truth: emailservice-55fdc5b988-f6xth, cpu_consumed score 1
[INFO]2026-08-20 14:21:17,384 pattern_ranker.py:597: source :emailservice /hipstershop.EmailService/SendOrderConfirmation start, target: TraceID: <:TRACEID:> SpanID: <:SPANID:> Send order confirmation email to someone@example.com start., score: 1.0, deepth: 5, pod emailservice-55fdc5b988-f6xth, resource CpuUsageRate(%)
[INFO]2026-08-20 14:21:17,384 pattern_ranker.py:602: 
[INFO]2026-08-20 14:21:34,373 data_integrate.py:486: [{'pod': 'paymentservice-9cdb6588f-554sm', 'alarm': [{'metric_type': 'NetworkP90(ms)', 'alarm_flag': True}]}, {'pod': 'adservice-5f6585d649-fnmft', 'alarm': [{'metric_type': 'MemoryUsageRate(%)', 'alarm_flag': True}]}]
[INFO]2026-08-20 14:22:00,220 data_integrate.py:555: Data Integrate Complete!
[INFO]2026-08-20 14:22:00,445 pattern_ranker.py:192: Soted Result List: [{'events': '165_48', 'score': 1.0, 'deepth': 5, 'pod': 'paymentservice-9cdb6588f-554sm', 'resource': 'NetworkP90(ms)'}, {'events': '23_100', 'score': 0.725, 'deepth': 3, 'pod': 'currencyservice-cf787dd48-vpjrd'}]
[INFO]2026-08-20 14:22:00,550 pattern_ranker.py:545: 2022-08-23 14:12:52 Inject RCA Pod Result:
[INFO]2026-08-20 14:22:00,550 pattern_ranker.py:546: 2022-08-23 14:12:52 Inject Ground Truth: paymentservice-9cdb6588f-554sm, network_delay
[INFO]2026-08-20 14:22:00,550 pattern_ranker.py:559: 2022-08-23 14:12:52 Inject Ground Truth: paymentservice-9cdb6588f-554sm, network_delay score 1
[INFO]2026-08-20 14:22:00,550 pattern_ranker.py:597: source :paymentservice grpc.hipstershop.PaymentService/Charge start, target: TraceID: <:TRACEID:> SpanID: <:SPANID:> PaymentService#Charge invoked with request<:ITEM:>, score: 1.0, deepth: 5, pod paymentservice-9cdb6588f-554sm, resource NetworkP90(ms)
[INFO]2026-08-20 14:22:00,550 pattern_ranker.py:600: source :TraceID: <:TRACEID:> SpanID: <:SPANID:> Received conversion request, target: currencyservice hipstershop.CurrencyService/GetCurrencyData start, score: 0.725, deepth: 3, pod currencyservice-cf787dd48-vpjrd
[INFO]2026-08-20 14:22:00,550 pattern_ranker.py:602: 
[INFO]2026-08-20 14:22:17,287 data_integrate.py:486: [{'pod': 'paymentservice-9cdb6588f-554sm', 'alarm': [{'metric_type': 'CpuUsageRate(%)', 'alarm_flag': True}]}, {'pod': 'adservice-5f6585d649-fnmft', 'alarm': [{'metric_type': 'MemoryUsageRate(%)', 'alarm_flag': True}]}]
[INFO]2026-08-20 14:22:48,236 data_integrate.py:555: Data Integrate Complete!
[INFO]2026-08-20 14:22:48,447 pattern_ranker.py:192: Soted Result List: [{'events': '165_48', 'score': 1.0, 'deepth': 5, 'pod': 'paymentservice-9cdb6588f-554sm', 'resource': 'CpuUsageRate(%)'}, {'events': '23_100', 'score': 0.6744186046511628, 'deepth': 3, 'pod': 'currencyservice-cf787dd48-vpjrd'}]
[INFO]2026-08-20 14:22:48,556 pattern_ranker.py:545: 2022-08-23 14:21:54 Inject RCA Pod Result:
[INFO]2026-08-20 14:22:48,556 pattern_ranker.py:546: 2022-08-23 14:21:54 Inject Ground Truth: paymentservice-9cdb6588f-554sm, cpu_contention
[INFO]2026-08-20 14:22:48,557 pattern_ranker.py:559: 2022-08-23 14:21:54 Inject Ground Truth: paymentservice-9cdb6588f-554sm, cpu_contention score 1
[INFO]2026-08-20 14:22:48,557 pattern_ranker.py:597: source :paymentservice grpc.hipstershop.PaymentService/Charge start, target: TraceID: <:TRACEID:> SpanID: <:SPANID:> PaymentService#Charge invoked with request<:ITEM:>, score: 1.0, deepth: 5, pod paymentservice-9cdb6588f-554sm, resource CpuUsageRate(%)
[INFO]2026-08-20 14:22:48,557 pattern_ranker.py:600: source :TraceID: <:TRACEID:> SpanID: <:SPANID:> Received conversion request, target: currencyservice hipstershop.CurrencyService/GetCurrencyData start, score: 0.6744186046511628, deepth: 3, pod currencyservice-cf787dd48-vpjrd
[INFO]2026-08-20 14:22:48,557 pattern_ranker.py:602: 
[INFO]2026-08-20 14:23:03,558 data_integrate.py:486: [{'pod': 'adservice-5f6585d649-fnmft', 'alarm': [{'metric_type': 'MemoryUsageRate(%)', 'alarm_flag': True}]}]
[INFO]2026-08-20 14:23:27,120 data_integrate.py:555: Data Integrate Complete!
[INFO]2026-08-20 14:23:27,281 pattern_ranker.py:192: Soted Result List: [{'events': '24_100', 'score': 0.7, 'deepth': 3, 'pod': 'currencyservice-cf787dd48-vpjrd'}]
[INFO]2026-08-20 14:23:27,373 pattern_ranker.py:545: 2022-08-23 14:30:10 Inject RCA Pod Result:
[INFO]2026-08-20 14:23:27,374 pattern_ranker.py:546: 2022-08-23 14:30:10 Inject Ground Truth: productcatalogservice-668d5f85fb-jhwx9, network_delay
[INFO]2026-08-20 14:23:27,374 pattern_ranker.py:600: source :TraceID: <:TRACEID:> SpanID: <:SPANID:> Getting supported currencies..., target: currencyservice hipstershop.CurrencyService/GetCurrencyData start, score: 0.7, deepth: 3, pod currencyservice-cf787dd48-vpjrd
[INFO]2026-08-20 14:23:27,374 pattern_ranker.py:602: 
[INFO]2026-08-20 14:23:31,322 data_integrate.py:486: [{'pod': 'adservice-5f6585d649-fnmft', 'alarm': [{'metric_type': 'MemoryUsageRate(%)', 'alarm_flag': True}]}]
[INFO]2026-08-20 14:23:47,962 data_integrate.py:555: Data Integrate Complete!
[INFO]2026-08-20 14:23:49,993 pattern_ranker.py:192: Soted Result List: [{'events': '8_214', 'score': 1.0, 'deepth': 7, 'pod': 'productcatalogservice-668d5f85fb-jhwx9'}, {'events': '69_158', 'score': 1.0, 'deepth': 5, 'pod': 'checkoutservice-578fcf4766-9csqn'}, {'events': '120_198', 'score': 1.0, 'deepth': 4, 'pod': 'adservice-5f6585d649-fnmft', 'resource': 'MemoryUsageRate(%)'}, {'events': '28_120', 'score': 1.0, 'deepth': 4, 'pod': 'adservice-5f6585d649-fnmft', 'resource': 'MemoryUsageRate(%)'}, {'events': '24_100', 'score': 1.0, 'deepth': 3, 'pod': 'currencyservice-cf787dd48-vpjrd'}, {'events': '38_84', 'score': 1.0, 'deepth': 1, 'pod': 'frontend-579b9bff58-t2dbm'}, {'events': '18_17', 'score': 1.0, 'deepth': 1, 'pod': 'frontend-579b9bff58-t2dbm'}, {'events': '18_80', 'score': 1.0, 'deepth': 1, 'pod': 'frontend-579b9bff58-t2dbm'}, {'events': '18_82', 'score': 1.0, 'deepth': 1, 'pod': 'frontend-579b9bff58-t2dbm'}, {'events': '18_84', 'score': 1.0, 'deepth': 1, 'pod': 'frontend-579b9bff58-t2dbm'}, {'events': '18_86', 'score': 1.0, 'deepth': 1, 'pod': 'frontend-579b9bff58-t2dbm'}, {'events': '16_15', 'score': 1.0, 'deepth': 1, 'pod': 'frontend-579b9bff58-t2dbm'}, {'events': '38_37', 'score': 1.0, 'deepth': 1, 'pod': 'frontend-579b9bff58-t2dbm'}, {'events': '38_124', 'score': 1.0, 'deepth': 1, 'pod': 'frontend-579b9bff58-t2dbm'}, {'events': '3_2', 'score': 1.0, 'deepth': 1, 'pod': 'frontend-579b9bff58-t2dbm'}, {'events': '3_167', 'score': 1.0, 'deepth': 1, 'pod': 'frontend-579b9bff58-t2dbm'}, {'events': '38_78', 'score': 0.9027595269382391, 'deepth': 1, 'pod': 'frontend-579b9bff58-t2dbm'}, {'events': '49_78', 'score': 0.8653846153846154, 'deepth': 1, 'pod': 'frontend-579b9bff58-t2dbm'}, {'events': '18_78', 'score': 0.8551319648093841, 'deepth': 1, 'pod': 'frontend-579b9bff58-t2dbm'}, {'events': '23_100', 'score': 0.8529411764705882, 'deepth': 3, 'pod': 'currencyservice-cf787dd48-vpjrd'}, {'events': '23_106', 'score': 0.694478527607362, 'deepth': 3, 'pod': 'currencyservice-cf787dd48-vpjrd'}]
[INFO]2026-08-20 14:23:50,087 pattern_ranker.py:545: 2022-08-23 14:47:40 Inject RCA Pod Result:
[INFO]2026-08-20 14:23:50,087 pattern_ranker.py:546: 2022-08-23 14:47:40 Inject Ground Truth: productcatalogservice-668d5f85fb-jhwx9, return
[INFO]2026-08-20 14:23:50,087 pattern_ranker.py:575: 2022-08-23 14:47:40 Inject Ground Truth: productcatalogservice-668d5f85fb-jhwx9, return score 1
[INFO]2026-08-20 14:23:50,087 pattern_ranker.py:600: source :TraceID: <:TRACEID:> SpanID: <:SPANID:> Query product with name and description <:*:>, target: TraceID: <:TRACEID:> SpanID: <:SPANID:> Query product successfully, score: 1.0, deepth: 7, pod productcatalogservice-668d5f85fb-jhwx9
[INFO]2026-08-20 14:23:50,087 pattern_ranker.py:600: source :TraceID: <:TRACEID:> SpanID: <:SPANID:> Start query cost of products<:ITEM:>, target: checkoutservice hipstershop.CheckoutService/ConvertCurrency start, score: 1.0, deepth: 5, pod checkoutservice-578fcf4766-9csqn
[INFO]2026-08-20 14:23:50,087 pattern_ranker.py:597: source :adservice hipstershop.AdService/<:SPANID:> start, target: MemoryUsageRate(%), score: 1.0, deepth: 4, pod adservice-5f6585d649-fnmft, resource MemoryUsageRate(%)
[INFO]2026-08-20 14:23:50,087 pattern_ranker.py:597: source :<:NUM:>:<:NUM:>:<:NUM:>.<:NUM:> INFO - TraceID: <:TRACEID:> SpanID: <:SPANID:> Received ad request (context words=<:ITEM:>, target: adservice hipstershop.AdService/<:SPANID:> start, score: 1.0, deepth: 4, pod adservice-5f6585d649-fnmft, resource MemoryUsageRate(%)
[INFO]2026-08-20 14:23:50,087 pattern_ranker.py:600: source :TraceID: <:TRACEID:> SpanID: <:SPANID:> Getting supported currencies..., target: currencyservice hipstershop.CurrencyService/GetCurrencyData start, score: 1.0, deepth: 3, pod currencyservice-cf787dd48-vpjrd
[INFO]2026-08-20 14:23:50,088 pattern_ranker.py:600: source :TraceID: <:TRACEID:> SpanID: <:SPANID:> View user cart start, target: frontend hipstershop.CurrencyService/Convert start, score: 1.0, deepth: 1, pod frontend-579b9bff58-t2dbm
[INFO]2026-08-20 14:23:50,088 pattern_ranker.py:600: source :TraceID: <:TRACEID:> SpanID: <:SPANID:> Serving product page started, target: TraceID: <:TRACEID:> SpanID: <:SPANID:> Choose Ad started, score: 1.0, deepth: 1, pod frontend-579b9bff58-t2dbm
[INFO]2026-08-20 14:23:50,088 pattern_ranker.py:600: source :TraceID: <:TRACEID:> SpanID: <:SPANID:> Serving product page started, target: frontend hipstershop.CurrencyService/GetSupportedCurrencies start, score: 1.0, deepth: 1, pod frontend-579b9bff58-t2dbm
[INFO]2026-08-20 14:23:50,088 pattern_ranker.py:600: source :TraceID: <:TRACEID:> SpanID: <:SPANID:> Serving product page started, target: frontend hipstershop.CartService/GetCart start, score: 1.0, deepth: 1, pod frontend-579b9bff58-t2dbm
[INFO]2026-08-20 14:23:50,088 pattern_ranker.py:600: source :TraceID: <:TRACEID:> SpanID: <:SPANID:> Serving product page started, target: frontend hipstershop.CurrencyService/Convert start, score: 1.0, deepth: 1, pod frontend-579b9bff58-t2dbm
[INFO]2026-08-20 14:23:50,088 pattern_ranker.py:602: 
[INFO]2026-08-20 14:24:03,845 data_integrate.py:486: [{'pod': 'productcatalogservice-668d5f85fb-jhwx9', 'alarm': [{'metric_type': 'CpuUsageRate(%)', 'alarm_flag': True}]}, {'pod': 'adservice-5f6585d649-fnmft', 'alarm': [{'metric_type': 'MemoryUsageRate(%)', 'alarm_flag': True}]}]
[INFO]2026-08-20 14:24:24,154 data_integrate.py:555: Data Integrate Complete!
[INFO]2026-08-20 14:24:24,881 pattern_ranker.py:192: Soted Result List: [{'events': '90_8', 'score': 1.0, 'deepth': 6, 'pod': 'productcatalogservice-668d5f85fb-jhwx9', 'resource': 'CpuUsageRate(%)'}]
[INFO]2026-08-20 14:24:24,975 pattern_ranker.py:545: 2022-08-23 14:55:55 Inject RCA Pod Result:
[INFO]2026-08-20 14:24:24,975 pattern_ranker.py:546: 2022-08-23 14:55:55 Inject Ground Truth: productcatalogservice-668d5f85fb-jhwx9, cpu_consumed
[INFO]2026-08-20 14:24:24,975 pattern_ranker.py:559: 2022-08-23 14:55:55 Inject Ground Truth: productcatalogservice-668d5f85fb-jhwx9, cpu_consumed score 1
[INFO]2026-08-20 14:24:24,975 pattern_ranker.py:597: source :productcatalogservice hipstershop.ProductCatalogService/GetProduct start, target: TraceID: <:TRACEID:> SpanID: <:SPANID:> Query product with name and description <:*:>, score: 1.0, deepth: 6, pod productcatalogservice-668d5f85fb-jhwx9, resource CpuUsageRate(%)
[INFO]2026-08-20 14:24:24,975 pattern_ranker.py:602: 
[INFO]2026-08-20 14:24:28,437 data_integrate.py:486: [{'pod': 'adservice-5f6585d649-fnmft', 'alarm': [{'metric_type': 'MemoryUsageRate(%)', 'alarm_flag': True}]}]
[INFO]2026-08-20 14:24:43,948 data_integrate.py:555: Data Integrate Complete!
[INFO]2026-08-20 14:24:46,330 pattern_ranker.py:192: Soted Result List: [{'events': '8_214', 'score': 1.0, 'deepth': 7, 'pod': 'productcatalogservice-668d5f85fb-jhwx9'}, {'events': '69_158', 'score': 1.0, 'deepth': 5, 'pod': 'checkoutservice-578fcf4766-9csqn'}, {'events': '120_198', 'score': 1.0, 'deepth': 4, 'pod': 'adservice-5f6585d649-fnmft', 'resource': 'MemoryUsageRate(%)'}, {'events': '28_120', 'score': 1.0, 'deepth': 4, 'pod': 'adservice-5f6585d649-fnmft', 'resource': 'MemoryUsageRate(%)'}, {'events': '38_84', 'score': 1.0, 'deepth': 1, 'pod': 'frontend-579b9bff58-t2dbm'}, {'events': '18_17', 'score': 1.0, 'deepth': 1, 'pod': 'frontend-579b9bff58-t2dbm'}, {'events': '18_80', 'score': 1.0, 'deepth': 1, 'pod': 'frontend-579b9bff58-t2dbm'}, {'events': '18_82', 'score': 1.0, 'deepth': 1, 'pod': 'frontend-579b9bff58-t2dbm'}, {'events': '18_84', 'score': 1.0, 'deepth': 1, 'pod': 'frontend-579b9bff58-t2dbm'}, {'events': '18_86', 'score': 1.0, 'deepth': 1, 'pod': 'frontend-579b9bff58-t2dbm'}, {'events': '16_15', 'score': 1.0, 'deepth': 1, 'pod': 'frontend-579b9bff58-t2dbm'}, {'events': '38_37', 'score': 1.0, 'deepth': 1, 'pod': 'frontend-579b9bff58-t2dbm'}, {'events': '38_124', 'score': 1.0, 'deepth': 1, 'pod': 'frontend-579b9bff58-t2dbm'}, {'events': '3_2', 'score': 1.0, 'deepth': 1, 'pod': 'frontend-579b9bff58-t2dbm'}, {'events': '3_167', 'score': 1.0, 'deepth': 1, 'pod': 'frontend-579b9bff58-t2dbm'}, {'events': '49_78', 'score': 0.9574468085106383, 'deepth': 1, 'pod': 'frontend-579b9bff58-t2dbm'}, {'events': '38_78', 'score': 0.9123505976095617, 'deepth': 1, 'pod': 'frontend-579b9bff58-t2dbm'}, {'events': '24_100', 'score': 0.875, 'deepth': 3, 'pod': 'currencyservice-cf787dd48-vpjrd'}, {'events': '23_100', 'score': 0.8529411764705882, 'deepth': 3, 'pod': 'currencyservice-cf787dd48-vpjrd'}, {'events': '18_78', 'score': 0.8476744186046512, 'deepth': 1, 'pod': 'frontend-579b9bff58-t2dbm'}, {'events': '69_68', 'score': 0.8181818181818182, 'deepth': 5, 'pod': 'checkoutservice-578fcf4766-9csqn'}, {'events': '72_63', 'score': 0.8181818181818182, 'deepth': 4, 'pod': 'checkoutservice-578fcf4766-9csqn'}, {'events': '72_160', 'score': 0.8181818181818182, 'deepth': 4, 'pod': 'checkoutservice-578fcf4766-9csqn'}, {'events': '72_158', 'score': 0.8181818181818182, 'deepth': 4, 'pod': 'checkoutservice-578fcf4766-9csqn'}, {'events': '73_60', 'score': 0.8181818181818182, 'deepth': 3, 'pod': 'checkoutservice-578fcf4766-9csqn'}, {'events': '73_162', 'score': 0.8181818181818182, 'deepth': 3, 'pod': 'checkoutservice-578fcf4766-9csqn'}, {'events': '50_49', 'score': 0.8181818181818182, 'deepth': 1, 'pod': 'frontend-579b9bff58-t2dbm'}, {'events': '23_106', 'score': 0.6767636508569151, 'deepth': 3, 'pod': 'currencyservice-cf787dd48-vpjrd'}]
[INFO]2026-08-20 14:24:46,430 pattern_ranker.py:545: 2022-08-23 15:04:28 Inject RCA Pod Result:
[INFO]2026-08-20 14:24:46,430 pattern_ranker.py:546: 2022-08-23 15:04:28 Inject Ground Truth: productcatalogservice-668d5f85fb-jhwx9, exception
[INFO]2026-08-20 14:24:46,430 pattern_ranker.py:575: 2022-08-23 15:04:28 Inject Ground Truth: productcatalogservice-668d5f85fb-jhwx9, exception score 1
[INFO]2026-08-20 14:24:46,430 pattern_ranker.py:600: source :TraceID: <:TRACEID:> SpanID: <:SPANID:> Query product with name and description <:*:>, target: TraceID: <:TRACEID:> SpanID: <:SPANID:> Query product successfully, score: 1.0, deepth: 7, pod productcatalogservice-668d5f85fb-jhwx9
[INFO]2026-08-20 14:24:46,430 pattern_ranker.py:600: source :TraceID: <:TRACEID:> SpanID: <:SPANID:> Start query cost of products<:ITEM:>, target: checkoutservice hipstershop.CheckoutService/ConvertCurrency start, score: 1.0, deepth: 5, pod checkoutservice-578fcf4766-9csqn
[INFO]2026-08-20 14:24:46,430 pattern_ranker.py:597: source :adservice hipstershop.AdService/<:SPANID:> start, target: MemoryUsageRate(%), score: 1.0, deepth: 4, pod adservice-5f6585d649-fnmft, resource MemoryUsageRate(%)
[INFO]2026-08-20 14:24:46,431 pattern_ranker.py:597: source :<:NUM:>:<:NUM:>:<:NUM:>.<:NUM:> INFO - TraceID: <:TRACEID:> SpanID: <:SPANID:> Received ad request (context words=<:ITEM:>, target: adservice hipstershop.AdService/<:SPANID:> start, score: 1.0, deepth: 4, pod adservice-5f6585d649-fnmft, resource MemoryUsageRate(%)
[INFO]2026-08-20 14:24:46,431 pattern_ranker.py:600: source :TraceID: <:TRACEID:> SpanID: <:SPANID:> View user cart start, target: frontend hipstershop.CurrencyService/Convert start, score: 1.0, deepth: 1, pod frontend-579b9bff58-t2dbm
[INFO]2026-08-20 14:24:46,431 pattern_ranker.py:600: source :TraceID: <:TRACEID:> SpanID: <:SPANID:> Serving product page started, target: TraceID: <:TRACEID:> SpanID: <:SPANID:> Choose Ad started, score: 1.0, deepth: 1, pod frontend-579b9bff58-t2dbm
[INFO]2026-08-20 14:24:46,431 pattern_ranker.py:600: source :TraceID: <:TRACEID:> SpanID: <:SPANID:> Serving product page started, target: frontend hipstershop.CurrencyService/GetSupportedCurrencies start, score: 1.0, deepth: 1, pod frontend-579b9bff58-t2dbm
[INFO]2026-08-20 14:24:46,431 pattern_ranker.py:600: source :TraceID: <:TRACEID:> SpanID: <:SPANID:> Serving product page started, target: frontend hipstershop.CartService/GetCart start, score: 1.0, deepth: 1, pod frontend-579b9bff58-t2dbm
[INFO]2026-08-20 14:24:46,431 pattern_ranker.py:600: source :TraceID: <:TRACEID:> SpanID: <:SPANID:> Serving product page started, target: frontend hipstershop.CurrencyService/Convert start, score: 1.0, deepth: 1, pod frontend-579b9bff58-t2dbm
[INFO]2026-08-20 14:24:46,431 pattern_ranker.py:600: source :TraceID: <:TRACEID:> SpanID: <:SPANID:> Serving product page started, target: frontend hipstershop.RecommendationService/ListRecommendations start, score: 1.0, deepth: 1, pod frontend-579b9bff58-t2dbm
[INFO]2026-08-20 14:24:46,431 pattern_ranker.py:602: 
[INFO]2026-08-20 14:25:01,625 data_integrate.py:486: [{'pod': 'recommendationservice-6cfdd55578-gfj6q', 'alarm': [{'metric_type': 'NetworkP90(ms)', 'alarm_flag': True}]}, {'pod': 'adservice-5f6585d649-fnmft', 'alarm': [{'metric_type': 'MemoryUsageRate(%)', 'alarm_flag': True}]}]
[INFO]2026-08-20 14:25:26,254 data_integrate.py:555: Data Integrate Complete!
[INFO]2026-08-20 14:25:26,379 pattern_ranker.py:192: Soted Result List: [{'events': '108_7', 'score': 1.0, 'deepth': 2, 'pod': 'recommendationservice-6cfdd55578-gfj6q', 'resource': 'NetworkP90(ms)'}]
[INFO]2026-08-20 14:25:26,470 pattern_ranker.py:545: 2022-08-23 15:12:49 Inject RCA Pod Result:
[INFO]2026-08-20 14:25:26,470 pattern_ranker.py:546: 2022-08-23 15:12:49 Inject Ground Truth: recommendationservice-6cfdd55578-gfj6q, network_delay
[INFO]2026-08-20 14:25:26,470 pattern_ranker.py:559: 2022-08-23 15:12:49 Inject Ground Truth: recommendationservice-6cfdd55578-gfj6q, network_delay score 1
[INFO]2026-08-20 14:25:26,470 pattern_ranker.py:597: source :recommendationservice /hipstershop.RecommendationService/ListRecommendations start, target: TraceID: <:TRACEID:> SpanID: <:SPANID:> Query Recommendations, score: 1.0, deepth: 2, pod recommendationservice-6cfdd55578-gfj6q, resource NetworkP90(ms)
[INFO]2026-08-20 14:25:26,470 pattern_ranker.py:602: 
[INFO]2026-08-20 14:25:38,660 data_integrate.py:486: [{'pod': 'recommendationservice-6cfdd55578-gfj6q', 'alarm': [{'metric_type': 'CpuUsageRate(%)', 'alarm_flag': True}]}, {'pod': 'adservice-5f6585d649-fnmft', 'alarm': [{'metric_type': 'MemoryUsageRate(%)', 'alarm_flag': True}]}]
[INFO]2026-08-20 14:25:59,357 data_integrate.py:555: Data Integrate Complete!
[INFO]2026-08-20 14:25:59,616 pattern_ranker.py:192: Soted Result List: [{'events': '108_7', 'score': 1.0, 'deepth': 2, 'pod': 'recommendationservice-6cfdd55578-gfj6q', 'resource': 'CpuUsageRate(%)'}, {'events': '24_100', 'score': 0.7368421052631579, 'deepth': 3, 'pod': 'currencyservice-cf787dd48-vpjrd'}]
[INFO]2026-08-20 14:25:59,709 pattern_ranker.py:545: 2022-08-23 15:21:41 Inject RCA Pod Result:
[INFO]2026-08-20 14:25:59,709 pattern_ranker.py:546: 2022-08-23 15:21:41 Inject Ground Truth: recommendationservice-6cfdd55578-gfj6q, cpu_contention
[INFO]2026-08-20 14:25:59,709 pattern_ranker.py:559: 2022-08-23 15:21:41 Inject Ground Truth: recommendationservice-6cfdd55578-gfj6q, cpu_contention score 1
[INFO]2026-08-20 14:25:59,709 pattern_ranker.py:597: source :recommendationservice /hipstershop.RecommendationService/ListRecommendations start, target: TraceID: <:TRACEID:> SpanID: <:SPANID:> Query Recommendations, score: 1.0, deepth: 2, pod recommendationservice-6cfdd55578-gfj6q, resource CpuUsageRate(%)
[INFO]2026-08-20 14:25:59,709 pattern_ranker.py:600: source :TraceID: <:TRACEID:> SpanID: <:SPANID:> Getting supported currencies..., target: currencyservice hipstershop.CurrencyService/GetCurrencyData start, score: 0.7368421052631579, deepth: 3, pod currencyservice-cf787dd48-vpjrd
[INFO]2026-08-20 14:25:59,709 pattern_ranker.py:602: 
[INFO]2026-08-20 14:26:07,311 data_integrate.py:486: [{'pod': 'recommendationservice-6cfdd55578-gfj6q', 'alarm': [{'metric_type': 'CpuUsageRate(%)', 'alarm_flag': True}]}, {'pod': 'adservice-5f6585d649-fnmft', 'alarm': [{'metric_type': 'MemoryUsageRate(%)', 'alarm_flag': True}]}]
[INFO]2026-08-20 14:26:18,221 data_integrate.py:555: Data Integrate Complete!
[INFO]2026-08-20 14:26:19,303 pattern_ranker.py:192: Soted Result List: [{'events': '108_7', 'score': 1.0, 'deepth': 2, 'pod': 'recommendationservice-6cfdd55578-gfj6q', 'resource': 'CpuUsageRate(%)'}, {'events': '24_100', 'score': 0.7777777777777778, 'deepth': 3, 'pod': 'currencyservice-cf787dd48-vpjrd'}, {'events': '69_146', 'score': 0.7666666666666667, 'deepth': 5, 'pod': 'checkoutservice-578fcf4766-9csqn'}, {'events': '69_158', 'score': 0.7666666666666667, 'deepth': 5, 'pod': 'checkoutservice-578fcf4766-9csqn'}, {'events': '4_50', 'score': 0.6923076923076923, 'deepth': 1, 'pod': 'frontend-579b9bff58-t2dbm'}, {'events': '28_208', 'score': 0.675, 'deepth': 4, 'pod': 'adservice-5f6585d649-fnmft', 'resource': 'MemoryUsageRate(%)'}, {'events': '4_42', 'score': 0.675, 'deepth': 1, 'pod': 'frontend-579b9bff58-t2dbm'}, {'events': '16_41', 'score': 0.675, 'deepth': 1, 'pod': 'frontend-579b9bff58-t2dbm'}, {'events': '4_18', 'score': 0.6712707182320442, 'deepth': 1, 'pod': 'frontend-579b9bff58-t2dbm'}]
[INFO]2026-08-20 14:26:19,366 pattern_ranker.py:545: 2022-08-23 15:29:49 Inject RCA Pod Result:
[INFO]2026-08-20 14:26:19,366 pattern_ranker.py:546: 2022-08-23 15:29:49 Inject Ground Truth: recommendationservice-6cfdd55578-gfj6q, cpu_consumed
[INFO]2026-08-20 14:26:19,366 pattern_ranker.py:559: 2022-08-23 15:29:49 Inject Ground Truth: recommendationservice-6cfdd55578-gfj6q, cpu_consumed score 1
[INFO]2026-08-20 14:26:19,366 pattern_ranker.py:597: source :recommendationservice /hipstershop.RecommendationService/ListRecommendations start, target: TraceID: <:TRACEID:> SpanID: <:SPANID:> Query Recommendations, score: 1.0, deepth: 2, pod recommendationservice-6cfdd55578-gfj6q, resource CpuUsageRate(%)
[INFO]2026-08-20 14:26:19,366 pattern_ranker.py:600: source :TraceID: <:TRACEID:> SpanID: <:SPANID:> Getting supported currencies..., target: currencyservice hipstershop.CurrencyService/GetCurrencyData start, score: 0.7777777777777778, deepth: 3, pod currencyservice-cf787dd48-vpjrd
[INFO]2026-08-20 14:26:19,366 pattern_ranker.py:600: source :TraceID: <:TRACEID:> SpanID: <:SPANID:> Start query cost of products<:ITEM:>, target: checkoutservice hipstershop.ProductCatalogService/GetProduct start, score: 0.7666666666666667, deepth: 5, pod checkoutservice-578fcf4766-9csqn
[INFO]2026-08-20 14:26:19,367 pattern_ranker.py:600: source :TraceID: <:TRACEID:> SpanID: <:SPANID:> Start query cost of products<:ITEM:>, target: checkoutservice hipstershop.CheckoutService/ConvertCurrency start, score: 0.7666666666666667, deepth: 5, pod checkoutservice-578fcf4766-9csqn
[INFO]2026-08-20 14:26:19,367 pattern_ranker.py:600: source :TraceID: <:TRACEID:> SpanID: <:SPANID:> Request started, target: TraceID: <:TRACEID:> SpanID: <:SPANID:> Placing order started, score: 0.6923076923076923, deepth: 1, pod frontend-579b9bff58-t2dbm
[INFO]2026-08-20 14:26:19,367 pattern_ranker.py:597: source :<:NUM:>:<:NUM:>:<:NUM:>.<:NUM:> INFO - TraceID: <:TRACEID:> SpanID: <:SPANID:> Received ad request (context words=<:ITEM:>, target: <:NUM:>:<:NUM:>:<:NUM:>.<:NUM:> INFO - TraceID: <:TRACEID:> SpanID: <:SPANID:> No context provided. Constructe random Ads start, score: 0.675, deepth: 4, pod adservice-5f6585d649-fnmft, resource MemoryUsageRate(%)
[INFO]2026-08-20 14:26:19,367 pattern_ranker.py:600: source :TraceID: <:TRACEID:> SpanID: <:SPANID:> Request started, target: TraceID: <:TRACEID:> SpanID: <:SPANID:> Request home started, score: 0.675, deepth: 1, pod frontend-579b9bff58-t2dbm
[INFO]2026-08-20 14:26:19,367 pattern_ranker.py:600: source :TraceID: <:TRACEID:> SpanID: <:SPANID:> Choose Ad complete, target: TraceID: <:TRACEID:> SpanID: <:SPANID:> Request home complete, score: 0.675, deepth: 1, pod frontend-579b9bff58-t2dbm
[INFO]2026-08-20 14:26:19,367 pattern_ranker.py:600: source :TraceID: <:TRACEID:> SpanID: <:SPANID:> Request started, target: TraceID: <:TRACEID:> SpanID: <:SPANID:> Serving product page started, score: 0.6712707182320442, deepth: 1, pod frontend-579b9bff58-t2dbm
[INFO]2026-08-20 14:26:19,367 pattern_ranker.py:602: 
[INFO]2026-08-20 14:26:37,179 data_integrate.py:486: [{'pod': 'adservice-5f6585d649-fnmft', 'alarm': [{'metric_type': 'MemoryUsageRate(%)', 'alarm_flag': True}]}, {'pod': 'shippingservice-7b598fc7d-lmggd', 'alarm': [{'metric_type': 'NetworkP90(ms)', 'alarm_flag': True}]}]
[INFO]2026-08-20 14:27:03,323 data_integrate.py:555: Data Integrate Complete!
[INFO]2026-08-20 14:27:03,849 pattern_ranker.py:192: Soted Result List: [{'events': '130_34', 'score': 1.0, 'deepth': 8, 'pod': 'shippingservice-7b598fc7d-lmggd', 'resource': 'NetworkP90(ms)'}, {'events': '24_100', 'score': 0.8235294117647058, 'deepth': 3, 'pod': 'currencyservice-cf787dd48-vpjrd'}]
[INFO]2026-08-20 14:27:03,949 pattern_ranker.py:545: 2022-08-23 15:38:52 Inject RCA Pod Result:
[INFO]2026-08-20 14:27:03,950 pattern_ranker.py:546: 2022-08-23 15:38:52 Inject Ground Truth: shippingservice-7b598fc7d-lmggd, network_delay
[INFO]2026-08-20 14:27:03,950 pattern_ranker.py:559: 2022-08-23 15:38:52 Inject Ground Truth: shippingservice-7b598fc7d-lmggd, network_delay score 1
[INFO]2026-08-20 14:27:03,950 pattern_ranker.py:597: source :shippingservice hipstershop.ShippingService/QuoteByCountFloat start, target: TraceID: <:TRACEID:> SpanID: <:SPANID:>[QuoteByCountFloat] received request, score: 1.0, deepth: 8, pod shippingservice-7b598fc7d-lmggd, resource NetworkP90(ms)
[INFO]2026-08-20 14:27:03,950 pattern_ranker.py:600: source :TraceID: <:TRACEID:> SpanID: <:SPANID:> Getting supported currencies..., target: currencyservice hipstershop.CurrencyService/GetCurrencyData start, score: 0.8235294117647058, deepth: 3, pod currencyservice-cf787dd48-vpjrd
[INFO]2026-08-20 14:27:03,950 pattern_ranker.py:602: 
[INFO]2026-08-20 14:27:21,193 data_integrate.py:486: [{'pod': 'adservice-5f6585d649-fnmft', 'alarm': [{'metric_type': 'MemoryUsageRate(%)', 'alarm_flag': True}]}, {'pod': 'shippingservice-7b598fc7d-lmggd', 'alarm': [{'metric_type': 'CpuUsageRate(%)', 'alarm_flag': True}]}]
[INFO]2026-08-20 14:27:48,189 data_integrate.py:555: Data Integrate Complete!
[INFO]2026-08-20 14:27:48,610 pattern_ranker.py:192: Soted Result List: [{'events': '130_34', 'score': 1.0, 'deepth': 8, 'pod': 'shippingservice-7b598fc7d-lmggd', 'resource': 'CpuUsageRate(%)'}]
[INFO]2026-08-20 14:27:48,713 pattern_ranker.py:545: 2022-08-23 15:47:43 Inject RCA Pod Result:
[INFO]2026-08-20 14:27:48,713 pattern_ranker.py:546: 2022-08-23 15:47:43 Inject Ground Truth: shippingservice-7b598fc7d-lmggd, cpu_contention
[INFO]2026-08-20 14:27:48,713 pattern_ranker.py:559: 2022-08-23 15:47:43 Inject Ground Truth: shippingservice-7b598fc7d-lmggd, cpu_contention score 1
[INFO]2026-08-20 14:27:48,713 pattern_ranker.py:597: source :shippingservice hipstershop.ShippingService/QuoteByCountFloat start, target: TraceID: <:TRACEID:> SpanID: <:SPANID:>[QuoteByCountFloat] received request, score: 1.0, deepth: 8, pod shippingservice-7b598fc7d-lmggd, resource CpuUsageRate(%)
[INFO]2026-08-20 14:27:48,714 pattern_ranker.py:602: 
[INFO]2026-08-20 14:28:05,505 data_integrate.py:486: [{'pod': 'adservice-5f6585d649-fnmft', 'alarm': [{'metric_type': 'MemoryUsageRate(%)', 'alarm_flag': True}]}, {'pod': 'shippingservice-7b598fc7d-lmggd', 'alarm': [{'metric_type': 'CpuUsageRate(%)', 'alarm_flag': True}]}]
[INFO]2026-08-20 14:28:31,093 data_integrate.py:555: Data Integrate Complete!
[INFO]2026-08-20 14:28:31,519 pattern_ranker.py:192: Soted Result List: [{'events': '130_34', 'score': 1.0, 'deepth': 8, 'pod': 'shippingservice-7b598fc7d-lmggd', 'resource': 'CpuUsageRate(%)'}]
[INFO]2026-08-20 14:28:31,619 pattern_ranker.py:545: 2022-08-23 15:56:24 Inject RCA Pod Result:
[INFO]2026-08-20 14:28:31,619 pattern_ranker.py:546: 2022-08-23 15:56:24 Inject Ground Truth: shippingservice-7b598fc7d-lmggd, cpu_consumed
[INFO]2026-08-20 14:28:31,619 pattern_ranker.py:559: 2022-08-23 15:56:24 Inject Ground Truth: shippingservice-7b598fc7d-lmggd, cpu_consumed score 1
[INFO]2026-08-20 14:28:31,619 pattern_ranker.py:597: source :shippingservice hipstershop.ShippingService/QuoteByCountFloat start, target: TraceID: <:TRACEID:> SpanID: <:SPANID:>[QuoteByCountFloat] received request, score: 1.0, deepth: 8, pod shippingservice-7b598fc7d-lmggd, resource CpuUsageRate(%)
[INFO]2026-08-20 14:28:31,619 pattern_ranker.py:602: 
[INFO]2026-08-20 14:28:46,388 data_integrate.py:486: [{'pod': 'adservice-5f6585d649-fnmft', 'alarm': [{'metric_type': 'MemoryUsageRate(%)', 'alarm_flag': True}]}]
[INFO]2026-08-20 14:29:09,985 data_integrate.py:555: Data Integrate Complete!
[INFO]2026-08-20 14:29:10,270 pattern_ranker.py:192: Soted Result List: [{'events': '24_100', 'score': 0.7, 'deepth': 3, 'pod': 'currencyservice-cf787dd48-vpjrd'}, {'events': '23_100', 'score': 0.6744186046511628, 'deepth': 3, 'pod': 'currencyservice-cf787dd48-vpjrd'}]
[INFO]2026-08-20 14:29:10,369 pattern_ranker.py:545: 2022-08-23 16:05:02 Inject RCA Pod Result:
[INFO]2026-08-20 14:29:10,369 pattern_ranker.py:546: 2022-08-23 16:05:02 Inject Ground Truth: adservice-5f6585d649-fnmft, network_delay
[INFO]2026-08-20 14:29:10,370 pattern_ranker.py:600: source :TraceID: <:TRACEID:> SpanID: <:SPANID:> Getting supported currencies..., target: currencyservice hipstershop.CurrencyService/GetCurrencyData start, score: 0.7, deepth: 3, pod currencyservice-cf787dd48-vpjrd
[INFO]2026-08-20 14:29:10,370 pattern_ranker.py:600: source :TraceID: <:TRACEID:> SpanID: <:SPANID:> Received conversion request, target: currencyservice hipstershop.CurrencyService/GetCurrencyData start, score: 0.6744186046511628, deepth: 3, pod currencyservice-cf787dd48-vpjrd
[INFO]2026-08-20 14:29:10,370 pattern_ranker.py:602: 
[INFO]2026-08-20 14:29:27,905 data_integrate.py:486: [{'pod': 'adservice-5f6585d649-fnmft', 'alarm': [{'metric_type': 'MemoryUsageRate(%)', 'alarm_flag': True}]}]
[INFO]2026-08-20 14:29:55,866 data_integrate.py:555: Data Integrate Complete!
[INFO]2026-08-20 14:29:56,363 pattern_ranker.py:192: Soted Result List: [{'events': '28_208', 'score': 1.0, 'deepth': 4, 'pod': 'adservice-5f6585d649-fnmft', 'resource': 'MemoryUsageRate(%)'}, {'events': '16_41', 'score': 1.0, 'deepth': 1, 'pod': 'frontend-579b9bff58-t2dbm'}]
[INFO]2026-08-20 14:29:56,465 pattern_ranker.py:545: 2022-08-23 16:13:38 Inject RCA Pod Result:
[INFO]2026-08-20 14:29:56,466 pattern_ranker.py:546: 2022-08-23 16:13:38 Inject Ground Truth: adservice-5f6585d649-fnmft, return
[INFO]2026-08-20 14:29:56,466 pattern_ranker.py:575: 2022-08-23 16:13:38 Inject Ground Truth: adservice-5f6585d649-fnmft, return score 1
[INFO]2026-08-20 14:29:56,466 pattern_ranker.py:597: source :<:NUM:>:<:NUM:>:<:NUM:>.<:NUM:> INFO - TraceID: <:TRACEID:> SpanID: <:SPANID:> Received ad request (context words=<:ITEM:>, target: <:NUM:>:<:NUM:>:<:NUM:>.<:NUM:> INFO - TraceID: <:TRACEID:> SpanID: <:SPANID:> No context provided. Constructe random Ads start, score: 1.0, deepth: 4, pod adservice-5f6585d649-fnmft, resource MemoryUsageRate(%)
[INFO]2026-08-20 14:29:56,466 pattern_ranker.py:600: source :TraceID: <:TRACEID:> SpanID: <:SPANID:> Choose Ad complete, target: TraceID: <:TRACEID:> SpanID: <:SPANID:> Request home complete, score: 1.0, deepth: 1, pod frontend-579b9bff58-t2dbm
[INFO]2026-08-20 14:29:56,466 pattern_ranker.py:602: 
[INFO]2026-08-20 14:30:14,207 data_integrate.py:486: [{'pod': 'adservice-5f6585d649-fnmft', 'alarm': [{'metric_type': 'MemoryUsageRate(%)', 'alarm_flag': True}]}]
[INFO]2026-08-20 14:30:46,950 data_integrate.py:555: Data Integrate Complete!
[INFO]2026-08-20 14:30:47,481 pattern_ranker.py:192: Soted Result List: [{'events': '28_208', 'score': 1.0, 'deepth': 4, 'pod': 'adservice-5f6585d649-fnmft', 'resource': 'MemoryUsageRate(%)'}, {'events': '16_41', 'score': 1.0, 'deepth': 1, 'pod': 'frontend-579b9bff58-t2dbm'}]
[INFO]2026-08-20 14:30:47,597 pattern_ranker.py:545: 2022-08-23 16:22:53 Inject RCA Pod Result:
[INFO]2026-08-20 14:30:47,598 pattern_ranker.py:546: 2022-08-23 16:22:53 Inject Ground Truth: adservice-5f6585d649-fnmft, exception
[INFO]2026-08-20 14:30:47,598 pattern_ranker.py:575: 2022-08-23 16:22:53 Inject Ground Truth: adservice-5f6585d649-fnmft, exception score 1
[INFO]2026-08-20 14:30:47,598 pattern_ranker.py:597: source :<:NUM:>:<:NUM:>:<:NUM:>.<:NUM:> INFO - TraceID: <:TRACEID:> SpanID: <:SPANID:> Received ad request (context words=<:ITEM:>, target: <:NUM:>:<:NUM:>:<:NUM:>.<:NUM:> INFO - TraceID: <:TRACEID:> SpanID: <:SPANID:> No context provided. Constructe random Ads start, score: 1.0, deepth: 4, pod adservice-5f6585d649-fnmft, resource MemoryUsageRate(%)
[INFO]2026-08-20 14:30:47,598 pattern_ranker.py:600: source :TraceID: <:TRACEID:> SpanID: <:SPANID:> Choose Ad complete, target: TraceID: <:TRACEID:> SpanID: <:SPANID:> Request home complete, score: 1.0, deepth: 1, pod frontend-579b9bff58-t2dbm
[INFO]2026-08-20 14:30:47,598 pattern_ranker.py:602: 
[INFO]2026-08-20 14:31:01,093 data_integrate.py:486: [{'pod': 'adservice-5f6585d649-fnmft', 'alarm': [{'metric_type': 'CpuUsageRate(%)', 'alarm_flag': True}]}]
[INFO]2026-08-20 14:31:22,129 data_integrate.py:555: Data Integrate Complete!
[INFO]2026-08-20 14:31:22,844 pattern_ranker.py:192: Soted Result List: [{'events': '120_198', 'score': 1.0, 'deepth': 4, 'pod': 'adservice-5f6585d649-fnmft', 'resource': 'CpuUsageRate(%)'}, {'events': '24_100', 'score': 0.8235294117647058, 'deepth': 3, 'pod': 'currencyservice-cf787dd48-vpjrd'}, {'events': '16_41', 'score': 0.8059701492537313, 'deepth': 1, 'pod': 'frontend-579b9bff58-t2dbm'}, {'events': '17_16', 'score': 0.6988235294117647, 'deepth': 1, 'pod': 'frontend-579b9bff58-t2dbm'}, {'events': '23_100', 'score': 0.6904761904761905, 'deepth': 3, 'pod': 'currencyservice-cf787dd48-vpjrd'}]
[INFO]2026-08-20 14:31:22,928 pattern_ranker.py:545: 2022-08-23 16:31:35 Inject RCA Pod Result:
[INFO]2026-08-20 14:31:22,929 pattern_ranker.py:546: 2022-08-23 16:31:35 Inject Ground Truth: adservice-5f6585d649-fnmft, cpu_contention
[INFO]2026-08-20 14:31:22,929 pattern_ranker.py:559: 2022-08-23 16:31:35 Inject Ground Truth: adservice-5f6585d649-fnmft, cpu_contention score 1
[INFO]2026-08-20 14:31:22,929 pattern_ranker.py:597: source :adservice hipstershop.AdService/<:SPANID:> start, target: MemoryUsageRate(%), score: 1.0, deepth: 4, pod adservice-5f6585d649-fnmft, resource CpuUsageRate(%)
[INFO]2026-08-20 14:31:22,929 pattern_ranker.py:600: source :TraceID: <:TRACEID:> SpanID: <:SPANID:> Getting supported currencies..., target: currencyservice hipstershop.CurrencyService/GetCurrencyData start, score: 0.8235294117647058, deepth: 3, pod currencyservice-cf787dd48-vpjrd
[INFO]2026-08-20 14:31:22,929 pattern_ranker.py:600: source :TraceID: <:TRACEID:> SpanID: <:SPANID:> Choose Ad complete, target: TraceID: <:TRACEID:> SpanID: <:SPANID:> Request home complete, score: 0.8059701492537313, deepth: 1, pod frontend-579b9bff58-t2dbm
[INFO]2026-08-20 14:31:22,929 pattern_ranker.py:600: source :TraceID: <:TRACEID:> SpanID: <:SPANID:> Choose Ad started, target: TraceID: <:TRACEID:> SpanID: <:SPANID:> Choose Ad complete, score: 0.6988235294117647, deepth: 1, pod frontend-579b9bff58-t2dbm
[INFO]2026-08-20 14:31:22,929 pattern_ranker.py:600: source :TraceID: <:TRACEID:> SpanID: <:SPANID:> Received conversion request, target: currencyservice hipstershop.CurrencyService/GetCurrencyData start, score: 0.6904761904761905, deepth: 3, pod currencyservice-cf787dd48-vpjrd
[INFO]2026-08-20 14:31:22,929 pattern_ranker.py:602: 
[INFO]2026-08-20 14:31:40,091 data_integrate.py:486: [{'pod': 'adservice-5f6585d649-fnmft', 'alarm': [{'metric_type': 'CpuUsageRate(%)', 'alarm_flag': True}]}]
[INFO]2026-08-20 14:32:11,689 data_integrate.py:555: Data Integrate Complete!
[INFO]2026-08-20 14:32:12,074 pattern_ranker.py:192: Soted Result List: [{'events': '120_198', 'score': 1.0, 'deepth': 4, 'pod': 'adservice-5f6585d649-fnmft', 'resource': 'CpuUsageRate(%)'}]
[INFO]2026-08-20 14:32:12,196 pattern_ranker.py:545: 2022-08-23 16:40:57 Inject RCA Pod Result:
[INFO]2026-08-20 14:32:12,196 pattern_ranker.py:546: 2022-08-23 16:40:57 Inject Ground Truth: adservice-5f6585d649-fnmft, cpu_consumed
[INFO]2026-08-20 14:32:12,196 pattern_ranker.py:559: 2022-08-23 16:40:57 Inject Ground Truth: adservice-5f6585d649-fnmft, cpu_consumed score 1
[INFO]2026-08-20 14:32:12,197 pattern_ranker.py:597: source :adservice hipstershop.AdService/<:SPANID:> start, target: MemoryUsageRate(%), score: 1.0, deepth: 4, pod adservice-5f6585d649-fnmft, resource CpuUsageRate(%)
[INFO]2026-08-20 14:32:12,197 pattern_ranker.py:602: 
[INFO]2026-08-20 14:32:12,197 pattern_ranker.py:603: [1, 2, 1, 1, 1, 1, 1, 1, 1, 1, 1, 1, 1, 1, 1, 1, 1, 1, 1, 1, 1, 1, 1, 1, 1, 2, 1, 1, 1, 1, 1, 1, 1, 1, 1, 1, 1, 1, 1, 1, 1, 1, 1, 1, 1, 1, 1, 1, 1, 1, 1, 1, 1, 1]
[INFO]2026-08-20 14:32:12,197 pattern_ranker.py:616: -------- hipster Fault numbuer : 56-------
[INFO]2026-08-20 14:32:12,197 pattern_ranker.py:617: --------AS@1 Result-------
[INFO]2026-08-20 14:32:12,197 pattern_ranker.py:618: 92.857143 %
[INFO]2026-08-20 14:32:12,197 pattern_ranker.py:619: --------AS@3 Result-------
[INFO]2026-08-20 14:32:12,197 pattern_ranker.py:620: 96.428571 %
[INFO]2026-08-20 14:32:12,197 pattern_ranker.py:621: --------AS@5 Result-------
[INFO]2026-08-20 14:32:12,197 pattern_ranker.py:622: 96.428571 %
