[INFO]2026-08-20 13:16:58,462 main.py:45: ------- OnlineBoutique Result at inner service level -------
[INFO]2026-08-20 13:17:16,239 data_integrate.py:486: [{'pod': 'adservice-5f6585d649-fnmft', 'alarm': [{'metric_type': 'MemoryUsageRate(%)', 'alarm_flag': True}]}]
[INFO]2026-08-20 13:17:41,667 data_integrate.py:555: Data Integrate Complete!
[INFO]2026-08-20 13:17:52,903 data_integrate.py:486: [{'pod': 'frontend-579b9bff58-t2dbm', 'alarm': [{'metric_type': 'CpuUsageRate(%)', 'alarm_flag': True}]}, {'pod': 'adservice-5f6585d649-fnmft', 'alarm': [{'metric_type': 'MemoryUsageRate(%)', 'alarm_flag': True}]}]
[INFO]2026-08-20 13:18:07,632 data_integrate.py:555: Data Integrate Complete!
[INFO]2026-08-20 13:18:07,795 pattern_ranker.py:192: Soted Result List: [{'events': '76_4', 'score': 1.0, 'deepth': 1, 'pod': 'frontend-579b9bff58-t2dbm', 'resource': 'CpuUsageRate(%)'}, {'events': '104_106', 'score': 0.7028169014084507, 'deepth': 2, 'pod': 'currencyservice-cf787dd48-vpjrd'}]
[INFO]2026-08-20 13:18:07,871 pattern_ranker.py:254: 2022-08-22 03:53:54 Inject RCA Result:
[INFO]2026-08-20 13:18:07,871 pattern_ranker.py:255: 2022-08-22 03:53:54 Inject Ground Truth: frontend-579b9bff58-t2dbm, cpu_contention
[INFO]2026-08-20 13:18:07,871 pattern_ranker.py:270: 2022-08-22 03:53:54 Inject Ground Truth: frontend-579b9bff58-t2dbm, cpu_contention score 1
[INFO]2026-08-20 13:18:07,871 pattern_ranker.py:308: source :frontend hipstershop.Frontend/Recv. start, target: TraceID: <:TRACEID:> SpanID: <:SPANID:> Request started, score: 1.0, deepth: 1, pod frontend-579b9bff58-t2dbm, resource alert CpuUsageRate(%)
[INFO]2026-08-20 13:18:07,871 pattern_ranker.py:311: source :currencyservice grpc.hipstershop.CurrencyService/Convert start, target: currencyservice hipstershop.CurrencyService/Carry start, score: 0.7028169014084507, deepth: 2, pod currencyservice-cf787dd48-vpjrd
[INFO]2026-08-20 13:18:07,871 pattern_ranker.py:320: 
[INFO]2026-08-20 13:18:16,779 data_integrate.py:486: [{'pod': 'adservice-5f6585d649-fnmft', 'alarm': [{'metric_type': 'MemoryUsageRate(%)', 'alarm_flag': True}]}]
[INFO]2026-08-20 13:18:34,944 data_integrate.py:555: Data Integrate Complete!
[ERROR]2026-08-20 13:18:36,042 pattern_ranker.py:185: Catch an exception: pop index out of range
[INFO]2026-08-20 13:18:36,042 pattern_ranker.py:192: Soted Result List: [{'events': '120_198', 'score': 1.0, 'deepth': 4, 'pod': 'adservice-5f6585d649-fnmft', 'resource': 'MemoryUsageRate(%)'}, {'events': '28_119', 'score': 1.0, 'deepth': 4, 'pod': 'adservice-5f6585d649-fnmft', 'resource': 'MemoryUsageRate(%)'}, {'events': '28_120', 'score': 1.0, 'deepth': 4, 'pod': 'adservice-5f6585d649-fnmft', 'resource': 'MemoryUsageRate(%)'}, {'events': '18_78', 'score': 1.0, 'deepth': 1, 'pod': 'frontend-579b9bff58-t2dbm'}, {'events': '18_17', 'score': 1.0, 'deepth': 1, 'pod': 'frontend-579b9bff58-t2dbm'}, {'events': '18_80', 'score': 1.0, 'deepth': 1, 'pod': 'frontend-579b9bff58-t2dbm'}, {'events': '18_82', 'score': 1.0, 'deepth': 1, 'pod': 'frontend-579b9bff58-t2dbm'}, {'events': '18_84', 'score': 1.0, 'deepth': 1, 'pod': 'frontend-579b9bff58-t2dbm'}, {'events': '18_86', 'score': 1.0, 'deepth': 1, 'pod': 'frontend-579b9bff58-t2dbm'}, {'events': '16_15', 'score': 1.0, 'deepth': 1, 'pod': 'frontend-579b9bff58-t2dbm'}]
[INFO]2026-08-20 13:18:36,152 pattern_ranker.py:254: 2022-08-22 04:02:07 Inject RCA Result:
[INFO]2026-08-20 13:18:36,152 pattern_ranker.py:255: 2022-08-22 04:02:07 Inject Ground Truth: frontend-579b9bff58-t2dbm, return
[INFO]2026-08-20 13:18:36,152 pattern_ranker.py:286: 2022-08-22 04:02:07 Inject Ground Truth: frontend-579b9bff58-t2dbm, return score 2
[INFO]2026-08-20 13:18:36,152 pattern_ranker.py:308: source :adservice hipstershop.AdService/<:SPANID:> start, target: MemoryUsageRate(%), score: 1.0, deepth: 4, pod adservice-5f6585d649-fnmft, resource alert MemoryUsageRate(%)
[INFO]2026-08-20 13:18:36,152 pattern_ranker.py:308: source :<:NUM:>:<:NUM:>:<:NUM:>.<:NUM:> INFO - TraceID: <:TRACEID:> SpanID: <:SPANID:> Received ad request (context words=<:ITEM:>, target: adservice hipstershop.AdServiceImpl/getAds end, score: 1.0, deepth: 4, pod adservice-5f6585d649-fnmft, resource alert MemoryUsageRate(%)
[INFO]2026-08-20 13:18:36,153 pattern_ranker.py:308: source :<:NUM:>:<:NUM:>:<:NUM:>.<:NUM:> INFO - TraceID: <:TRACEID:> SpanID: <:SPANID:> Received ad request (context words=<:ITEM:>, target: adservice hipstershop.AdService/<:SPANID:> start, score: 1.0, deepth: 4, pod adservice-5f6585d649-fnmft, resource alert MemoryUsageRate(%)
[INFO]2026-08-20 13:18:36,153 pattern_ranker.py:311: source :TraceID: <:TRACEID:> SpanID: <:SPANID:> Serving product page started, target: frontend hipstershop.ProductCatalogService/GetProduct start, score: 1.0, deepth: 1, pod frontend-579b9bff58-t2dbm
[INFO]2026-08-20 13:18:36,153 pattern_ranker.py:316: actual pattern source :TraceID: <:TRACEID:> SpanID: <:SPANID:> Serving product page started, target: TraceID: <:TRACEID:> SpanID: <:SPANID:> Product id not specified
[INFO]2026-08-20 13:18:36,153 pattern_ranker.py:311: source :TraceID: <:TRACEID:> SpanID: <:SPANID:> Serving product page started, target: TraceID: <:TRACEID:> SpanID: <:SPANID:> Choose Ad started, score: 1.0, deepth: 1, pod frontend-579b9bff58-t2dbm
[INFO]2026-08-20 13:18:36,153 pattern_ranker.py:316: actual pattern source :TraceID: <:TRACEID:> SpanID: <:SPANID:> Serving product page started, target: TraceID: <:TRACEID:> SpanID: <:SPANID:> Product id not specified
[INFO]2026-08-20 13:18:36,153 pattern_ranker.py:311: source :TraceID: <:TRACEID:> SpanID: <:SPANID:> Serving product page started, target: frontend hipstershop.CurrencyService/GetSupportedCurrencies start, score: 1.0, deepth: 1, pod frontend-579b9bff58-t2dbm
[INFO]2026-08-20 13:18:36,153 pattern_ranker.py:316: actual pattern source :TraceID: <:TRACEID:> SpanID: <:SPANID:> Serving product page started, target: TraceID: <:TRACEID:> SpanID: <:SPANID:> Product id not specified
[INFO]2026-08-20 13:18:36,153 pattern_ranker.py:311: source :TraceID: <:TRACEID:> SpanID: <:SPANID:> Serving product page started, target: frontend hipstershop.CartService/GetCart start, score: 1.0, deepth: 1, pod frontend-579b9bff58-t2dbm
[INFO]2026-08-20 13:18:36,153 pattern_ranker.py:316: actual pattern source :TraceID: <:TRACEID:> SpanID: <:SPANID:> Serving product page started, target: TraceID: <:TRACEID:> SpanID: <:SPANID:> Product id not specified
[INFO]2026-08-20 13:18:36,153 pattern_ranker.py:311: source :TraceID: <:TRACEID:> SpanID: <:SPANID:> Serving product page started, target: frontend hipstershop.CurrencyService/Convert start, score: 1.0, deepth: 1, pod frontend-579b9bff58-t2dbm
[INFO]2026-08-20 13:18:36,153 pattern_ranker.py:316: actual pattern source :TraceID: <:TRACEID:> SpanID: <:SPANID:> Serving product page started, target: TraceID: <:TRACEID:> SpanID: <:SPANID:> Product id not specified
[INFO]2026-08-20 13:18:36,153 pattern_ranker.py:311: source :TraceID: <:TRACEID:> SpanID: <:SPANID:> Serving product page started, target: frontend hipstershop.RecommendationService/ListRecommendations start, score: 1.0, deepth: 1, pod frontend-579b9bff58-t2dbm
[INFO]2026-08-20 13:18:36,153 pattern_ranker.py:316: actual pattern source :TraceID: <:TRACEID:> SpanID: <:SPANID:> Serving product page started, target: TraceID: <:TRACEID:> SpanID: <:SPANID:> Product id not specified
[INFO]2026-08-20 13:18:36,153 pattern_ranker.py:311: source :TraceID: <:TRACEID:> SpanID: <:SPANID:> Choose Ad complete, target: TraceID: <:TRACEID:> SpanID: <:SPANID:> Serving product page complete, score: 1.0, deepth: 1, pod frontend-579b9bff58-t2dbm
[INFO]2026-08-20 13:18:36,153 pattern_ranker.py:320: 
[INFO]2026-08-20 13:18:47,797 data_integrate.py:486: [{'pod': 'frontend-579b9bff58-t2dbm', 'alarm': [{'metric_type': 'CpuUsageRate(%)', 'alarm_flag': True}]}, {'pod': 'adservice-5f6585d649-fnmft', 'alarm': [{'metric_type': 'MemoryUsageRate(%)', 'alarm_flag': True}]}]
[INFO]2026-08-20 13:19:03,205 data_integrate.py:555: Data Integrate Complete!
[INFO]2026-08-20 13:19:03,389 pattern_ranker.py:192: Soted Result List: [{'events': '76_4', 'score': 1.0, 'deepth': 1, 'pod': 'frontend-579b9bff58-t2dbm', 'resource': 'CpuUsageRate(%)'}, {'events': '24_100', 'score': 0.75, 'deepth': 3, 'pod': 'currencyservice-cf787dd48-vpjrd'}]
[INFO]2026-08-20 13:19:03,466 pattern_ranker.py:254: 2022-08-22 04:10:20 Inject RCA Result:
[INFO]2026-08-20 13:19:03,466 pattern_ranker.py:255: 2022-08-22 04:10:20 Inject Ground Truth: frontend-579b9bff58-t2dbm, cpu_consumed
[INFO]2026-08-20 13:19:03,466 pattern_ranker.py:270: 2022-08-22 04:10:20 Inject Ground Truth: frontend-579b9bff58-t2dbm, cpu_consumed score 1
[INFO]2026-08-20 13:19:03,466 pattern_ranker.py:308: source :frontend hipstershop.Frontend/Recv. start, target: TraceID: <:TRACEID:> SpanID: <:SPANID:> Request started, score: 1.0, deepth: 1, pod frontend-579b9bff58-t2dbm, resource alert CpuUsageRate(%)
[INFO]2026-08-20 13:19:03,466 pattern_ranker.py:311: source :TraceID: <:TRACEID:> SpanID: <:SPANID:> Getting supported currencies..., target: currencyservice hipstershop.CurrencyService/GetCurrencyData start, score: 0.75, deepth: 3, pod currencyservice-cf787dd48-vpjrd
[INFO]2026-08-20 13:19:03,466 pattern_ranker.py:320: 
[INFO]2026-08-20 13:19:20,857 data_integrate.py:486: [{'pod': 'adservice-5f6585d649-fnmft', 'alarm': [{'metric_type': 'MemoryUsageRate(%)', 'alarm_flag': True}]}]
[INFO]2026-08-20 13:19:48,529 data_integrate.py:555: Data Integrate Complete!
[INFO]2026-08-20 13:19:48,603 pattern_ranker.py:192: Soted Result List: [{'events': '50_49', 'score': 1.0, 'deepth': 1, 'pod': 'frontend-579b9bff58-t2dbm'}]
[INFO]2026-08-20 13:19:48,705 pattern_ranker.py:254: 2022-08-22 04:18:35 Inject RCA Result:
[INFO]2026-08-20 13:19:48,705 pattern_ranker.py:255: 2022-08-22 04:18:35 Inject Ground Truth: frontend-579b9bff58-t2dbm, exception
[INFO]2026-08-20 13:19:48,705 pattern_ranker.py:286: 2022-08-22 04:18:35 Inject Ground Truth: frontend-579b9bff58-t2dbm, exception score 1
[INFO]2026-08-20 13:19:48,705 pattern_ranker.py:311: source :TraceID: <:TRACEID:> SpanID: <:SPANID:> Placing order started, target: TraceID: <:TRACEID:> SpanID: <:SPANID:> Order placed complete, score: 1.0, deepth: 1, pod frontend-579b9bff58-t2dbm
[INFO]2026-08-20 13:19:48,705 pattern_ranker.py:316: actual pattern source :TraceID: <:TRACEID:> SpanID: <:SPANID:> Placing order started, target: TraceID: <:TRACEID:> SpanID: <:SPANID:> Failed to complete the order
[INFO]2026-08-20 13:19:48,705 pattern_ranker.py:320: 
[INFO]2026-08-20 13:20:04,118 data_integrate.py:486: [{'pod': 'adservice-5f6585d649-fnmft', 'alarm': [{'metric_type': 'MemoryUsageRate(%)', 'alarm_flag': True}]}, {'pod': 'cartservice-579f59597d-wc2lz', 'alarm': [{'metric_type': 'NetworkP90(ms)', 'alarm_flag': True}]}]
[INFO]2026-08-20 13:20:27,016 data_integrate.py:555: Data Integrate Complete!
[INFO]2026-08-20 13:20:27,371 pattern_ranker.py:192: Soted Result List: [{'events': '102_25', 'score': 1.0, 'deepth': 6, 'pod': 'cartservice-579f59597d-wc2lz', 'resource': 'NetworkP90(ms)'}, {'events': '24_100', 'score': 1.0, 'deepth': 3, 'pod': 'currencyservice-cf787dd48-vpjrd'}]
[INFO]2026-08-20 13:20:27,467 pattern_ranker.py:254: 2022-08-22 04:27:03 Inject RCA Result:
[INFO]2026-08-20 13:20:27,467 pattern_ranker.py:255: 2022-08-22 04:27:03 Inject Ground Truth: cartservice-579f59597d-wc2lz, network_delay
[INFO]2026-08-20 13:20:27,467 pattern_ranker.py:270: 2022-08-22 04:27:03 Inject Ground Truth: cartservice-579f59597d-wc2lz, network_delay score 1
[INFO]2026-08-20 13:20:27,467 pattern_ranker.py:308: source :cartservice hipstershop.CartService/GetCart start, target: TraceID: <:TRACEID:> SpanID: <:SPANID:> GetCartAsync called with userId=<:USERID:>, score: 1.0, deepth: 6, pod cartservice-579f59597d-wc2lz, resource alert NetworkP90(ms)
[INFO]2026-08-20 13:20:27,467 pattern_ranker.py:311: source :TraceID: <:TRACEID:> SpanID: <:SPANID:> Getting supported currencies..., target: currencyservice hipstershop.CurrencyService/GetCurrencyData start, score: 1.0, deepth: 3, pod currencyservice-cf787dd48-vpjrd
[INFO]2026-08-20 13:20:27,467 pattern_ranker.py:320: 
[INFO]2026-08-20 13:20:46,949 data_integrate.py:486: [{'pod': 'adservice-5f6585d649-fnmft', 'alarm': [{'metric_type': 'MemoryUsageRate(%)', 'alarm_flag': True}]}, {'pod': 'cartservice-579f59597d-wc2lz', 'alarm': [{'metric_type': 'CpuUsageRate(%)', 'alarm_flag': True}]}]
[INFO]2026-08-20 13:21:15,195 data_integrate.py:555: Data Integrate Complete!
[INFO]2026-08-20 13:21:15,447 pattern_ranker.py:192: Soted Result List: [{'events': '102_25', 'score': 1.0, 'deepth': 6, 'pod': 'cartservice-579f59597d-wc2lz', 'resource': 'CpuUsageRate(%)'}]
[INFO]2026-08-20 13:21:15,562 pattern_ranker.py:254: 2022-08-22 04:36:03 Inject RCA Result:
[INFO]2026-08-20 13:21:15,562 pattern_ranker.py:255: 2022-08-22 04:36:03 Inject Ground Truth: cartservice-579f59597d-wc2lz, cpu_contention
[INFO]2026-08-20 13:21:15,562 pattern_ranker.py:270: 2022-08-22 04:36:03 Inject Ground Truth: cartservice-579f59597d-wc2lz, cpu_contention score 1
[INFO]2026-08-20 13:21:15,562 pattern_ranker.py:308: source :cartservice hipstershop.CartService/GetCart start, target: TraceID: <:TRACEID:> SpanID: <:SPANID:> GetCartAsync called with userId=<:USERID:>, score: 1.0, deepth: 6, pod cartservice-579f59597d-wc2lz, resource alert CpuUsageRate(%)
[INFO]2026-08-20 13:21:15,562 pattern_ranker.py:320: 
[INFO]2026-08-20 13:21:33,313 data_integrate.py:486: [{'pod': 'checkoutservice-578fcf4766-9csqn', 'alarm': [{'metric_type': 'CpuUsageRate(%)', 'alarm_flag': True}]}, {'pod': 'adservice-5f6585d649-fnmft', 'alarm': [{'metric_type': 'MemoryUsageRate(%)', 'alarm_flag': True}]}]
[INFO]2026-08-20 13:22:00,682 data_integrate.py:555: Data Integrate Complete!
[INFO]2026-08-20 13:22:01,100 pattern_ranker.py:192: Soted Result List: [{'events': '158_65', 'score': 1.0, 'deepth': 4, 'pod': 'checkoutservice-578fcf4766-9csqn', 'resource': 'CpuUsageRate(%)'}]
[INFO]2026-08-20 13:22:01,196 pattern_ranker.py:254: 2022-08-22 04:44:16 Inject RCA Result:
[INFO]2026-08-20 13:22:01,196 pattern_ranker.py:255: 2022-08-22 04:44:16 Inject Ground Truth: checkoutservice-578fcf4766-9csqn, cpu_contention
[INFO]2026-08-20 13:22:01,196 pattern_ranker.py:270: 2022-08-22 04:44:16 Inject Ground Truth: checkoutservice-578fcf4766-9csqn, cpu_contention score 1
[INFO]2026-08-20 13:22:01,196 pattern_ranker.py:308: source :checkoutservice hipstershop.CheckoutService/ConvertCurrency start, target: TraceID: <:TRACEID:> SpanID: <:SPANID:> Start convert currency from currency code:<:ITEM:>, score: 1.0, deepth: 4, pod checkoutservice-578fcf4766-9csqn, resource alert CpuUsageRate(%)
[INFO]2026-08-20 13:22:01,197 pattern_ranker.py:320: 
[INFO]2026-08-20 13:22:19,476 data_integrate.py:486: [{'pod': 'checkoutservice-578fcf4766-9csqn', 'alarm': [{'metric_type': 'NetworkP90(ms)', 'alarm_flag': True}]}, {'pod': 'adservice-5f6585d649-fnmft', 'alarm': [{'metric_type': 'MemoryUsageRate(%)', 'alarm_flag': True}]}]
[INFO]2026-08-20 13:22:45,307 data_integrate.py:555: Data Integrate Complete!
[INFO]2026-08-20 13:22:45,745 pattern_ranker.py:192: Soted Result List: [{'events': '158_65', 'score': 1.0, 'deepth': 4, 'pod': 'checkoutservice-578fcf4766-9csqn', 'resource': 'NetworkP90(ms)'}]
[INFO]2026-08-20 13:22:45,855 pattern_ranker.py:254: 2022-08-22 04:52:55 Inject RCA Result:
[INFO]2026-08-20 13:22:45,855 pattern_ranker.py:255: 2022-08-22 04:52:55 Inject Ground Truth: checkoutservice-578fcf4766-9csqn, network_delay
[INFO]2026-08-20 13:22:45,856 pattern_ranker.py:270: 2022-08-22 04:52:55 Inject Ground Truth: checkoutservice-578fcf4766-9csqn, network_delay score 1
[INFO]2026-08-20 13:22:45,856 pattern_ranker.py:308: source :checkoutservice hipstershop.CheckoutService/ConvertCurrency start, target: TraceID: <:TRACEID:> SpanID: <:SPANID:> Start convert currency from currency code:<:ITEM:>, score: 1.0, deepth: 4, pod checkoutservice-578fcf4766-9csqn, resource alert NetworkP90(ms)
[INFO]2026-08-20 13:22:45,856 pattern_ranker.py:320: 
[INFO]2026-08-20 13:23:03,829 data_integrate.py:486: [{'pod': 'currencyservice-cf787dd48-vpjrd', 'alarm': [{'metric_type': 'CpuUsageRate(%)', 'alarm_flag': True}]}, {'pod': 'adservice-5f6585d649-fnmft', 'alarm': [{'metric_type': 'MemoryUsageRate(%)', 'alarm_flag': True}]}]
[INFO]2026-08-20 13:23:28,257 data_integrate.py:555: Data Integrate Complete!
[INFO]2026-08-20 13:23:28,919 pattern_ranker.py:192: Soted Result List: [{'events': '62_61', 'score': 1.0, 'deepth': 4, 'pod': 'checkoutservice-578fcf4766-9csqn'}, {'events': '62_150', 'score': 1.0, 'deepth': 4, 'pod': 'checkoutservice-578fcf4766-9csqn'}, {'events': '73_60', 'score': 1.0, 'deepth': 3, 'pod': 'checkoutservice-578fcf4766-9csqn'}, {'events': '104_23', 'score': 1.0, 'deepth': 2, 'pod': 'currencyservice-cf787dd48-vpjrd', 'resource': 'CpuUsageRate(%)'}, {'events': '50_49', 'score': 1.0, 'deepth': 1, 'pod': 'frontend-579b9bff58-t2dbm'}]
[INFO]2026-08-20 13:23:29,023 pattern_ranker.py:254: 2022-08-22 05:01:13 Inject RCA Result:
[INFO]2026-08-20 13:23:29,024 pattern_ranker.py:255: 2022-08-22 05:01:13 Inject Ground Truth: checkoutservice-578fcf4766-9csqn, exception
[INFO]2026-08-20 13:23:29,024 pattern_ranker.py:286: 2022-08-22 05:01:13 Inject Ground Truth: checkoutservice-578fcf4766-9csqn, exception score 1
[INFO]2026-08-20 13:23:29,024 pattern_ranker.py:311: source :TraceID: <:TRACEID:> SpanID: <:SPANID:> Start charge card, target: TraceID: <:TRACEID:> SpanID: <:SPANID:> Charge successfully, score: 1.0, deepth: 4, pod checkoutservice-578fcf4766-9csqn
[INFO]2026-08-20 13:23:29,024 pattern_ranker.py:316: actual pattern source :TraceID: <:TRACEID:> SpanID: <:SPANID:> Start charge card, target: TraceID: <:TRACEID:> SpanID: <:SPANID:> Failed to connect payment service: connect error.
[INFO]2026-08-20 13:23:29,024 pattern_ranker.py:311: source :TraceID: <:TRACEID:> SpanID: <:SPANID:> Start charge card, target: checkoutservice hipstershop.PaymentService/Charge start, score: 1.0, deepth: 4, pod checkoutservice-578fcf4766-9csqn
[INFO]2026-08-20 13:23:29,024 pattern_ranker.py:316: actual pattern source :TraceID: <:TRACEID:> SpanID: <:SPANID:> Start charge card, target: TraceID: <:TRACEID:> SpanID: <:SPANID:> Failed to connect payment service: connect error.
[INFO]2026-08-20 13:23:29,024 pattern_ranker.py:311: source :TraceID: <:TRACEID:> SpanID: <:SPANID:> Get OrderID <:USERID:>, target: TraceID: <:TRACEID:> SpanID: <:SPANID:> Payment went through (transaction id: <:*:>, score: 1.0, deepth: 3, pod checkoutservice-578fcf4766-9csqn
[INFO]2026-08-20 13:23:29,024 pattern_ranker.py:316: actual pattern source :TraceID: <:TRACEID:> SpanID: <:SPANID:> Get OrderID <:USERID:>, target: checkoutservice hipstershop.CheckoutService/PlaceOrder end
[INFO]2026-08-20 13:23:29,024 pattern_ranker.py:308: source :currencyservice grpc.hipstershop.CurrencyService/Convert start, target: TraceID: <:TRACEID:> SpanID: <:SPANID:> Received conversion request, score: 1.0, deepth: 2, pod currencyservice-cf787dd48-vpjrd, resource alert CpuUsageRate(%)
[INFO]2026-08-20 13:23:29,024 pattern_ranker.py:311: source :TraceID: <:TRACEID:> SpanID: <:SPANID:> Placing order started, target: TraceID: <:TRACEID:> SpanID: <:SPANID:> Order placed complete, score: 1.0, deepth: 1, pod frontend-579b9bff58-t2dbm
[INFO]2026-08-20 13:23:29,024 pattern_ranker.py:316: actual pattern source :TraceID: <:TRACEID:> SpanID: <:SPANID:> Placing order started, target: TraceID: <:TRACEID:> SpanID: <:SPANID:> Failed to complete the order
[INFO]2026-08-20 13:23:29,025 pattern_ranker.py:320: 
[INFO]2026-08-20 13:23:45,966 data_integrate.py:486: [{'pod': 'adservice-5f6585d649-fnmft', 'alarm': [{'metric_type': 'MemoryUsageRate(%)', 'alarm_flag': True}]}]
[INFO]2026-08-20 13:24:11,221 data_integrate.py:555: Data Integrate Complete!
[INFO]2026-08-20 13:24:11,392 pattern_ranker.py:192: Soted Result List: [{'events': '62_61', 'score': 1.0, 'deepth': 4, 'pod': 'checkoutservice-578fcf4766-9csqn'}, {'events': '73_60', 'score': 1.0, 'deepth': 3, 'pod': 'checkoutservice-578fcf4766-9csqn'}, {'events': '50_49', 'score': 1.0, 'deepth': 1, 'pod': 'frontend-579b9bff58-t2dbm'}]
[INFO]2026-08-20 13:24:11,510 pattern_ranker.py:254: 2022-08-22 05:09:50 Inject RCA Result:
[INFO]2026-08-20 13:24:11,511 pattern_ranker.py:255: 2022-08-22 05:09:50 Inject Ground Truth: checkoutservice-578fcf4766-9csqn, return
[INFO]2026-08-20 13:24:11,511 pattern_ranker.py:286: 2022-08-22 05:09:50 Inject Ground Truth: checkoutservice-578fcf4766-9csqn, return score 1
[INFO]2026-08-20 13:24:11,511 pattern_ranker.py:311: source :TraceID: <:TRACEID:> SpanID: <:SPANID:> Start charge card, target: TraceID: <:TRACEID:> SpanID: <:SPANID:> Charge successfully, score: 1.0, deepth: 4, pod checkoutservice-578fcf4766-9csqn
[INFO]2026-08-20 13:24:11,511 pattern_ranker.py:316: actual pattern source :TraceID: <:TRACEID:> SpanID: <:SPANID:> Start charge card, target: TraceID: <:TRACEID:> SpanID: <:SPANID:> Could not charge the card: charge card error.
[INFO]2026-08-20 13:24:11,511 pattern_ranker.py:311: source :TraceID: <:TRACEID:> SpanID: <:SPANID:> Get OrderID <:USERID:>, target: TraceID: <:TRACEID:> SpanID: <:SPANID:> Payment went through (transaction id: <:*:>, score: 1.0, deepth: 3, pod checkoutservice-578fcf4766-9csqn
[INFO]2026-08-20 13:24:11,511 pattern_ranker.py:316: actual pattern source :TraceID: <:TRACEID:> SpanID: <:SPANID:> Get OrderID <:USERID:>, target: checkoutservice hipstershop.CheckoutService/PlaceOrder end
[INFO]2026-08-20 13:24:11,511 pattern_ranker.py:311: source :TraceID: <:TRACEID:> SpanID: <:SPANID:> Placing order started, target: TraceID: <:TRACEID:> SpanID: <:SPANID:> Order placed complete, score: 1.0, deepth: 1, pod frontend-579b9bff58-t2dbm
[INFO]2026-08-20 13:24:11,511 pattern_ranker.py:316: actual pattern source :TraceID: <:TRACEID:> SpanID: <:SPANID:> Placing order started, target: TraceID: <:TRACEID:> SpanID: <:SPANID:> Failed to complete the order
[INFO]2026-08-20 13:24:11,511 pattern_ranker.py:320: 
[INFO]2026-08-20 13:24:15,043 data_integrate.py:486: [{'pod': 'currencyservice-cf787dd48-vpjrd', 'alarm': [{'metric_type': 'CpuUsageRate(%)', 'alarm_flag': True}]}, {'pod': 'adservice-5f6585d649-fnmft', 'alarm': [{'metric_type': 'MemoryUsageRate(%)', 'alarm_flag': True}]}]
[INFO]2026-08-20 13:24:18,624 data_integrate.py:555: Data Integrate Complete!
[INFO]2026-08-20 13:24:20,289 pattern_ranker.py:192: Soted Result List: [{'events': '104_23', 'score': 1.0, 'deepth': 2, 'pod': 'currencyservice-cf787dd48-vpjrd', 'resource': 'CpuUsageRate(%)'}, {'events': '4_18', 'score': 0.8644688644688645, 'deepth': 1, 'pod': 'frontend-579b9bff58-t2dbm'}, {'events': '16_15', 'score': 0.8644688644688645, 'deepth': 1, 'pod': 'frontend-579b9bff58-t2dbm'}, {'events': '120_198', 'score': 0.8567493112947658, 'deepth': 4, 'pod': 'adservice-5f6585d649-fnmft', 'resource': 'MemoryUsageRate(%)'}, {'events': '4_3', 'score': 0.8285714285714286, 'deepth': 1, 'pod': 'frontend-579b9bff58-t2dbm'}, {'events': '76_4', 'score': 0.8116883116883117, 'deepth': 1, 'pod': 'frontend-579b9bff58-t2dbm'}, {'events': '69_146', 'score': 0.7924528301886793, 'deepth': 5, 'pod': 'checkoutservice-578fcf4766-9csqn'}, {'events': '69_158', 'score': 0.7924528301886793, 'deepth': 5, 'pod': 'checkoutservice-578fcf4766-9csqn'}, {'events': '38_84', 'score': 0.7769607843137255, 'deepth': 1, 'pod': 'frontend-579b9bff58-t2dbm'}]
[INFO]2026-08-20 13:24:20,319 pattern_ranker.py:254: 2022-08-22 05:18:09 Inject RCA Result:
[INFO]2026-08-20 13:24:20,319 pattern_ranker.py:255: 2022-08-22 05:18:09 Inject Ground Truth: currencyservice-cf787dd48-vpjrd, cpu_contention
[INFO]2026-08-20 13:24:20,319 pattern_ranker.py:270: 2022-08-22 05:18:09 Inject Ground Truth: currencyservice-cf787dd48-vpjrd, cpu_contention score 1
[INFO]2026-08-20 13:24:20,319 pattern_ranker.py:308: source :currencyservice grpc.hipstershop.CurrencyService/Convert start, target: TraceID: <:TRACEID:> SpanID: <:SPANID:> Received conversion request, score: 1.0, deepth: 2, pod currencyservice-cf787dd48-vpjrd, resource alert CpuUsageRate(%)
[INFO]2026-08-20 13:24:20,319 pattern_ranker.py:311: source :TraceID: <:TRACEID:> SpanID: <:SPANID:> Request started, target: TraceID: <:TRACEID:> SpanID: <:SPANID:> Serving product page started, score: 0.8644688644688645, deepth: 1, pod frontend-579b9bff58-t2dbm
[INFO]2026-08-20 13:24:20,319 pattern_ranker.py:311: source :TraceID: <:TRACEID:> SpanID: <:SPANID:> Choose Ad complete, target: TraceID: <:TRACEID:> SpanID: <:SPANID:> Serving product page complete, score: 0.8644688644688645, deepth: 1, pod frontend-579b9bff58-t2dbm
[INFO]2026-08-20 13:24:20,319 pattern_ranker.py:308: source :adservice hipstershop.AdService/<:SPANID:> start, target: MemoryUsageRate(%), score: 0.8567493112947658, deepth: 4, pod adservice-5f6585d649-fnmft, resource alert MemoryUsageRate(%)
[INFO]2026-08-20 13:24:20,319 pattern_ranker.py:311: source :TraceID: <:TRACEID:> SpanID: <:SPANID:> Request started, target: TraceID: <:TRACEID:> SpanID: <:SPANID:> Adding to cart started, score: 0.8285714285714286, deepth: 1, pod frontend-579b9bff58-t2dbm
[INFO]2026-08-20 13:24:20,319 pattern_ranker.py:311: source :frontend hipstershop.Frontend/Recv. start, target: TraceID: <:TRACEID:> SpanID: <:SPANID:> Request started, score: 0.8116883116883117, deepth: 1, pod frontend-579b9bff58-t2dbm
[INFO]2026-08-20 13:24:20,319 pattern_ranker.py:311: source :TraceID: <:TRACEID:> SpanID: <:SPANID:> Start query cost of products<:ITEM:>, target: checkoutservice hipstershop.ProductCatalogService/GetProduct start, score: 0.7924528301886793, deepth: 5, pod checkoutservice-578fcf4766-9csqn
[INFO]2026-08-20 13:24:20,320 pattern_ranker.py:311: source :TraceID: <:TRACEID:> SpanID: <:SPANID:> Start query cost of products<:ITEM:>, target: checkoutservice hipstershop.CheckoutService/ConvertCurrency start, score: 0.7924528301886793, deepth: 5, pod checkoutservice-578fcf4766-9csqn
[INFO]2026-08-20 13:24:20,320 pattern_ranker.py:311: source :TraceID: <:TRACEID:> SpanID: <:SPANID:> View user cart start, target: frontend hipstershop.CurrencyService/Convert start, score: 0.7769607843137255, deepth: 1, pod frontend-579b9bff58-t2dbm
[INFO]2026-08-20 13:24:20,320 pattern_ranker.py:320: 
[INFO]2026-08-20 13:24:28,866 data_integrate.py:486: [{'pod': 'currencyservice-cf787dd48-vpjrd', 'alarm': [{'metric_type': 'NetworkP90(ms)', 'alarm_flag': True}]}, {'pod': 'adservice-5f6585d649-fnmft', 'alarm': [{'metric_type': 'MemoryUsageRate(%)', 'alarm_flag': True}]}]
[INFO]2026-08-20 13:24:40,000 data_integrate.py:555: Data Integrate Complete!
[INFO]2026-08-20 13:24:40,508 pattern_ranker.py:192: Soted Result List: [{'events': '104_23', 'score': 1.0, 'deepth': 2, 'pod': 'currencyservice-cf787dd48-vpjrd', 'resource': 'NetworkP90(ms)'}]
[INFO]2026-08-20 13:24:40,577 pattern_ranker.py:254: 2022-08-22 05:27:06 Inject RCA Result:
[INFO]2026-08-20 13:24:40,577 pattern_ranker.py:255: 2022-08-22 05:27:06 Inject Ground Truth: currencyservice-cf787dd48-vpjrd, network_delay
[INFO]2026-08-20 13:24:40,577 pattern_ranker.py:270: 2022-08-22 05:27:06 Inject Ground Truth: currencyservice-cf787dd48-vpjrd, network_delay score 1
[INFO]2026-08-20 13:24:40,577 pattern_ranker.py:308: source :currencyservice grpc.hipstershop.CurrencyService/Convert start, target: TraceID: <:TRACEID:> SpanID: <:SPANID:> Received conversion request, score: 1.0, deepth: 2, pod currencyservice-cf787dd48-vpjrd, resource alert NetworkP90(ms)
[INFO]2026-08-20 13:24:40,577 pattern_ranker.py:320: 
[INFO]2026-08-20 13:24:58,454 data_integrate.py:486: [{'pod': 'emailservice-55fdc5b988-f6xth', 'alarm': [{'metric_type': 'CpuUsageRate(%)', 'alarm_flag': True}]}, {'pod': 'adservice-5f6585d649-fnmft', 'alarm': [{'metric_type': 'MemoryUsageRate(%)', 'alarm_flag': True}]}]
[INFO]2026-08-20 13:25:26,430 data_integrate.py:555: Data Integrate Complete!
[INFO]2026-08-20 13:25:26,517 pattern_ranker.py:192: Soted Result List: [{'events': '187_52', 'score': 1.0, 'deepth': 5, 'pod': 'emailservice-55fdc5b988-f6xth', 'resource': 'CpuUsageRate(%)'}]
[INFO]2026-08-20 13:25:26,622 pattern_ranker.py:254: 2022-08-22 05:35:34 Inject RCA Result:
[INFO]2026-08-20 13:25:26,623 pattern_ranker.py:255: 2022-08-22 05:35:34 Inject Ground Truth: emailservice-55fdc5b988-f6xth, cpu_contention
[INFO]2026-08-20 13:25:26,623 pattern_ranker.py:270: 2022-08-22 05:35:34 Inject Ground Truth: emailservice-55fdc5b988-f6xth, cpu_contention score 1
[INFO]2026-08-20 13:25:26,623 pattern_ranker.py:308: source :emailservice /hipstershop.EmailService/SendOrderConfirmation start, target: TraceID: <:TRACEID:> SpanID: <:SPANID:> Send order confirmation email to someone@example.com start., score: 1.0, deepth: 5, pod emailservice-55fdc5b988-f6xth, resource alert CpuUsageRate(%)
[INFO]2026-08-20 13:25:26,623 pattern_ranker.py:320: 
[INFO]2026-08-20 13:25:44,201 data_integrate.py:486: [{'pod': 'emailservice-55fdc5b988-f6xth', 'alarm': [{'metric_type': 'NetworkP90(ms)', 'alarm_flag': True}]}, {'pod': 'adservice-5f6585d649-fnmft', 'alarm': [{'metric_type': 'MemoryUsageRate(%)', 'alarm_flag': True}]}]
[INFO]2026-08-20 13:26:12,972 data_integrate.py:555: Data Integrate Complete!
[INFO]2026-08-20 13:26:13,054 pattern_ranker.py:192: Soted Result List: [{'events': '187_52', 'score': 1.0, 'deepth': 5, 'pod': 'emailservice-55fdc5b988-f6xth', 'resource': 'NetworkP90(ms)'}]
[INFO]2026-08-20 13:26:13,161 pattern_ranker.py:254: 2022-08-22 05:43:48 Inject RCA Result:
[INFO]2026-08-20 13:26:13,161 pattern_ranker.py:255: 2022-08-22 05:43:48 Inject Ground Truth: emailservice-55fdc5b988-f6xth, network_delay
[INFO]2026-08-20 13:26:13,161 pattern_ranker.py:270: 2022-08-22 05:43:48 Inject Ground Truth: emailservice-55fdc5b988-f6xth, network_delay score 1
[INFO]2026-08-20 13:26:13,162 pattern_ranker.py:308: source :emailservice /hipstershop.EmailService/SendOrderConfirmation start, target: TraceID: <:TRACEID:> SpanID: <:SPANID:> Send order confirmation email to someone@example.com start., score: 1.0, deepth: 5, pod emailservice-55fdc5b988-f6xth, resource alert NetworkP90(ms)
[INFO]2026-08-20 13:26:13,162 pattern_ranker.py:320: 
[INFO]2026-08-20 13:26:31,377 data_integrate.py:486: [{'pod': 'paymentservice-9cdb6588f-554sm', 'alarm': [{'metric_type': 'NetworkP90(ms)', 'alarm_flag': True}]}, {'pod': 'adservice-5f6585d649-fnmft', 'alarm': [{'metric_type': 'MemoryUsageRate(%)', 'alarm_flag': True}]}]
[INFO]2026-08-20 13:26:59,212 data_integrate.py:555: Data Integrate Complete!
[INFO]2026-08-20 13:26:59,290 pattern_ranker.py:192: Soted Result List: [{'events': '165_48', 'score': 1.0, 'deepth': 5, 'pod': 'paymentservice-9cdb6588f-554sm', 'resource': 'NetworkP90(ms)'}]
[INFO]2026-08-20 13:26:59,395 pattern_ranker.py:254: 2022-08-22 05:52:54 Inject RCA Result:
[INFO]2026-08-20 13:26:59,395 pattern_ranker.py:255: 2022-08-22 05:52:54 Inject Ground Truth: paymentservice-9cdb6588f-554sm, network_delay
[INFO]2026-08-20 13:26:59,395 pattern_ranker.py:270: 2022-08-22 05:52:54 Inject Ground Truth: paymentservice-9cdb6588f-554sm, network_delay score 1
[INFO]2026-08-20 13:26:59,395 pattern_ranker.py:308: source :paymentservice grpc.hipstershop.PaymentService/Charge start, target: TraceID: <:TRACEID:> SpanID: <:SPANID:> PaymentService#Charge invoked with request<:ITEM:>, score: 1.0, deepth: 5, pod paymentservice-9cdb6588f-554sm, resource alert NetworkP90(ms)
[INFO]2026-08-20 13:26:59,395 pattern_ranker.py:320: 
[INFO]2026-08-20 13:27:16,043 data_integrate.py:486: [{'pod': 'paymentservice-9cdb6588f-554sm', 'alarm': [{'metric_type': 'CpuUsageRate(%)', 'alarm_flag': True}]}, {'pod': 'adservice-5f6585d649-fnmft', 'alarm': [{'metric_type': 'MemoryUsageRate(%)', 'alarm_flag': True}]}]
[INFO]2026-08-20 13:27:49,455 data_integrate.py:555: Data Integrate Complete!
[INFO]2026-08-20 13:27:49,533 pattern_ranker.py:192: Soted Result List: [{'events': '165_48', 'score': 1.0, 'deepth': 5, 'pod': 'paymentservice-9cdb6588f-554sm', 'resource': 'CpuUsageRate(%)'}]
[INFO]2026-08-20 13:27:49,634 pattern_ranker.py:254: 2022-08-22 06:01:18 Inject RCA Result:
[INFO]2026-08-20 13:27:49,634 pattern_ranker.py:255: 2022-08-22 06:01:18 Inject Ground Truth: paymentservice-9cdb6588f-554sm, cpu_contention
[INFO]2026-08-20 13:27:49,634 pattern_ranker.py:270: 2022-08-22 06:01:18 Inject Ground Truth: paymentservice-9cdb6588f-554sm, cpu_contention score 1
[INFO]2026-08-20 13:27:49,634 pattern_ranker.py:308: source :paymentservice grpc.hipstershop.PaymentService/Charge start, target: TraceID: <:TRACEID:> SpanID: <:SPANID:> PaymentService#Charge invoked with request<:ITEM:>, score: 1.0, deepth: 5, pod paymentservice-9cdb6588f-554sm, resource alert CpuUsageRate(%)
[INFO]2026-08-20 13:27:49,635 pattern_ranker.py:320: 
[INFO]2026-08-20 13:28:03,735 data_integrate.py:486: [{'pod': 'productcatalogservice-668d5f85fb-wckp8', 'alarm': [{'metric_type': 'CpuUsageRate(%)', 'alarm_flag': True}]}, {'pod': 'adservice-5f6585d649-fnmft', 'alarm': [{'metric_type': 'MemoryUsageRate(%)', 'alarm_flag': True}]}]
[INFO]2026-08-20 13:28:25,149 data_integrate.py:555: Data Integrate Complete!
[INFO]2026-08-20 13:28:25,919 pattern_ranker.py:192: Soted Result List: [{'events': '90_8', 'score': 1.0, 'deepth': 6, 'pod': 'productcatalogservice-668d5f85fb-wckp8', 'resource': 'CpuUsageRate(%)'}]
[INFO]2026-08-20 13:28:26,020 pattern_ranker.py:254: 2022-08-22 06:35:39 Inject RCA Result:
[INFO]2026-08-20 13:28:26,021 pattern_ranker.py:255: 2022-08-22 06:35:39 Inject Ground Truth: productcatalogservice-668d5f85fb-wckp8, cpu_consumed
[INFO]2026-08-20 13:28:26,021 pattern_ranker.py:270: 2022-08-22 06:35:39 Inject Ground Truth: productcatalogservice-668d5f85fb-wckp8, cpu_consumed score 1
[INFO]2026-08-20 13:28:26,021 pattern_ranker.py:308: source :productcatalogservice hipstershop.ProductCatalogService/GetProduct start, target: TraceID: <:TRACEID:> SpanID: <:SPANID:> Query product with name and description <:*:>, score: 1.0, deepth: 6, pod productcatalogservice-668d5f85fb-wckp8, resource alert CpuUsageRate(%)
[INFO]2026-08-20 13:28:26,021 pattern_ranker.py:320: 
[INFO]2026-08-20 13:28:39,539 data_integrate.py:486: [{'pod': 'recommendationservice-6cfdd55578-gfj6q', 'alarm': [{'metric_type': 'NetworkP90(ms)', 'alarm_flag': True}]}, {'pod': 'adservice-5f6585d649-fnmft', 'alarm': [{'metric_type': 'MemoryUsageRate(%)', 'alarm_flag': True}]}]
[INFO]2026-08-20 13:29:02,111 data_integrate.py:555: Data Integrate Complete!
[INFO]2026-08-20 13:29:02,263 pattern_ranker.py:192: Soted Result List: [{'events': '108_7', 'score': 1.0, 'deepth': 2, 'pod': 'recommendationservice-6cfdd55578-gfj6q', 'resource': 'NetworkP90(ms)'}]
[INFO]2026-08-20 13:29:02,369 pattern_ranker.py:254: 2022-08-22 06:52:56 Inject RCA Result:
[INFO]2026-08-20 13:29:02,369 pattern_ranker.py:255: 2022-08-22 06:52:56 Inject Ground Truth: recommendationservice-6cfdd55578-gfj6q, network_delay
[INFO]2026-08-20 13:29:02,369 pattern_ranker.py:270: 2022-08-22 06:52:56 Inject Ground Truth: recommendationservice-6cfdd55578-gfj6q, network_delay score 1
[INFO]2026-08-20 13:29:02,369 pattern_ranker.py:308: source :recommendationservice /hipstershop.RecommendationService/ListRecommendations start, target: TraceID: <:TRACEID:> SpanID: <:SPANID:> Query Recommendations, score: 1.0, deepth: 2, pod recommendationservice-6cfdd55578-gfj6q, resource alert NetworkP90(ms)
[INFO]2026-08-20 13:29:02,370 pattern_ranker.py:320: 
[INFO]2026-08-20 13:29:15,488 data_integrate.py:486: [{'pod': 'recommendationservice-6cfdd55578-gfj6q', 'alarm': [{'metric_type': 'CpuUsageRate(%)', 'alarm_flag': True}]}, {'pod': 'adservice-5f6585d649-fnmft', 'alarm': [{'metric_type': 'MemoryUsageRate(%)', 'alarm_flag': True}]}]
[INFO]2026-08-20 13:29:35,498 data_integrate.py:555: Data Integrate Complete!
[INFO]2026-08-20 13:29:35,617 pattern_ranker.py:192: Soted Result List: [{'events': '108_7', 'score': 1.0, 'deepth': 2, 'pod': 'recommendationservice-6cfdd55578-gfj6q', 'resource': 'CpuUsageRate(%)'}]
[INFO]2026-08-20 13:29:35,704 pattern_ranker.py:254: 2022-08-22 07:01:25 Inject RCA Result:
[INFO]2026-08-20 13:29:35,704 pattern_ranker.py:255: 2022-08-22 07:01:25 Inject Ground Truth: recommendationservice-6cfdd55578-gfj6q, cpu_contention
[INFO]2026-08-20 13:29:35,704 pattern_ranker.py:270: 2022-08-22 07:01:25 Inject Ground Truth: recommendationservice-6cfdd55578-gfj6q, cpu_contention score 1
[INFO]2026-08-20 13:29:35,705 pattern_ranker.py:308: source :recommendationservice /hipstershop.RecommendationService/ListRecommendations start, target: TraceID: <:TRACEID:> SpanID: <:SPANID:> Query Recommendations, score: 1.0, deepth: 2, pod recommendationservice-6cfdd55578-gfj6q, resource alert CpuUsageRate(%)
[INFO]2026-08-20 13:29:35,705 pattern_ranker.py:320: 
[INFO]2026-08-20 13:29:43,721 data_integrate.py:486: [{'pod': 'recommendationservice-6cfdd55578-gfj6q', 'alarm': [{'metric_type': 'CpuUsageRate(%)', 'alarm_flag': True}]}, {'pod': 'adservice-5f6585d649-fnmft', 'alarm': [{'metric_type': 'MemoryUsageRate(%)', 'alarm_flag': True}]}]
[INFO]2026-08-20 13:29:54,937 data_integrate.py:555: Data Integrate Complete!
[INFO]2026-08-20 13:29:55,749 pattern_ranker.py:192: Soted Result List: [{'events': '108_7', 'score': 1.0, 'deepth': 2, 'pod': 'recommendationservice-6cfdd55578-gfj6q', 'resource': 'CpuUsageRate(%)'}, {'events': '104_106', 'score': 0.7067988668555241, 'deepth': 2, 'pod': 'currencyservice-cf787dd48-vpjrd'}, {'events': '28_208', 'score': 0.6753246753246753, 'deepth': 4, 'pod': 'adservice-5f6585d649-fnmft', 'resource': 'MemoryUsageRate(%)'}, {'events': '4_42', 'score': 0.6753246753246753, 'deepth': 1, 'pod': 'frontend-579b9bff58-t2dbm'}, {'events': '16_41', 'score': 0.6753246753246753, 'deepth': 1, 'pod': 'frontend-579b9bff58-t2dbm'}, {'events': '4_40', 'score': 0.6744186046511628, 'deepth': 1, 'pod': 'frontend-579b9bff58-t2dbm'}]
[INFO]2026-08-20 13:29:55,812 pattern_ranker.py:254: 2022-08-22 07:10:43 Inject RCA Result:
[INFO]2026-08-20 13:29:55,812 pattern_ranker.py:255: 2022-08-22 07:10:43 Inject Ground Truth: recommendationservice-6cfdd55578-gfj6q, cpu_consumed
[INFO]2026-08-20 13:29:55,812 pattern_ranker.py:270: 2022-08-22 07:10:43 Inject Ground Truth: recommendationservice-6cfdd55578-gfj6q, cpu_consumed score 1
[INFO]2026-08-20 13:29:55,812 pattern_ranker.py:308: source :recommendationservice /hipstershop.RecommendationService/ListRecommendations start, target: TraceID: <:TRACEID:> SpanID: <:SPANID:> Query Recommendations, score: 1.0, deepth: 2, pod recommendationservice-6cfdd55578-gfj6q, resource alert CpuUsageRate(%)
[INFO]2026-08-20 13:29:55,812 pattern_ranker.py:311: source :currencyservice grpc.hipstershop.CurrencyService/Convert start, target: currencyservice hipstershop.CurrencyService/Carry start, score: 0.7067988668555241, deepth: 2, pod currencyservice-cf787dd48-vpjrd
[INFO]2026-08-20 13:29:55,812 pattern_ranker.py:308: source :<:NUM:>:<:NUM:>:<:NUM:>.<:NUM:> INFO - TraceID: <:TRACEID:> SpanID: <:SPANID:> Received ad request (context words=<:ITEM:>, target: <:NUM:>:<:NUM:>:<:NUM:>.<:NUM:> INFO - TraceID: <:TRACEID:> SpanID: <:SPANID:> No context provided. Constructe random Ads start, score: 0.6753246753246753, deepth: 4, pod adservice-5f6585d649-fnmft, resource alert MemoryUsageRate(%)
[INFO]2026-08-20 13:29:55,812 pattern_ranker.py:311: source :TraceID: <:TRACEID:> SpanID: <:SPANID:> Request started, target: TraceID: <:TRACEID:> SpanID: <:SPANID:> Request home started, score: 0.6753246753246753, deepth: 1, pod frontend-579b9bff58-t2dbm
[INFO]2026-08-20 13:29:55,812 pattern_ranker.py:311: source :TraceID: <:TRACEID:> SpanID: <:SPANID:> Choose Ad complete, target: TraceID: <:TRACEID:> SpanID: <:SPANID:> Request home complete, score: 0.6753246753246753, deepth: 1, pod frontend-579b9bff58-t2dbm
[INFO]2026-08-20 13:29:55,812 pattern_ranker.py:311: source :TraceID: <:TRACEID:> SpanID: <:SPANID:> Request started, target: TraceID: <:TRACEID:> SpanID: <:SPANID:> Setting currency started, score: 0.6744186046511628, deepth: 1, pod frontend-579b9bff58-t2dbm
[INFO]2026-08-20 13:29:55,812 pattern_ranker.py:320: 
[INFO]2026-08-20 13:30:12,015 data_integrate.py:486: [{'pod': 'adservice-5f6585d649-fnmft', 'alarm': [{'metric_type': 'MemoryUsageRate(%)', 'alarm_flag': True}]}, {'pod': 'shippingservice-7b598fc7d-lmggd', 'alarm': [{'metric_type': 'NetworkP90(ms)', 'alarm_flag': True}]}]
[INFO]2026-08-20 13:30:37,562 data_integrate.py:555: Data Integrate Complete!
[INFO]2026-08-20 13:30:37,964 pattern_ranker.py:192: Soted Result List: [{'events': '130_34', 'score': 1.0, 'deepth': 8, 'pod': 'shippingservice-7b598fc7d-lmggd', 'resource': 'NetworkP90(ms)'}]
[INFO]2026-08-20 13:30:38,059 pattern_ranker.py:254: 2022-08-22 07:17:55 Inject RCA Result:
[INFO]2026-08-20 13:30:38,059 pattern_ranker.py:255: 2022-08-22 07:17:55 Inject Ground Truth: shippingservice-7b598fc7d-lmggd, network_delay
[INFO]2026-08-20 13:30:38,059 pattern_ranker.py:270: 2022-08-22 07:17:55 Inject Ground Truth: shippingservice-7b598fc7d-lmggd, network_delay score 1
[INFO]2026-08-20 13:30:38,060 pattern_ranker.py:308: source :shippingservice hipstershop.ShippingService/QuoteByCountFloat start, target: TraceID: <:TRACEID:> SpanID: <:SPANID:>[QuoteByCountFloat] received request, score: 1.0, deepth: 8, pod shippingservice-7b598fc7d-lmggd, resource alert NetworkP90(ms)
[INFO]2026-08-20 13:30:38,060 pattern_ranker.py:320: 
[INFO]2026-08-20 13:30:54,301 data_integrate.py:486: [{'pod': 'adservice-5f6585d649-fnmft', 'alarm': [{'metric_type': 'MemoryUsageRate(%)', 'alarm_flag': True}]}, {'pod': 'shippingservice-7b598fc7d-lmggd', 'alarm': [{'metric_type': 'CpuUsageRate(%)', 'alarm_flag': True}]}]
[INFO]2026-08-20 13:31:22,999 data_integrate.py:555: Data Integrate Complete!
[INFO]2026-08-20 13:31:23,421 pattern_ranker.py:192: Soted Result List: [{'events': '130_34', 'score': 1.0, 'deepth': 8, 'pod': 'shippingservice-7b598fc7d-lmggd', 'resource': 'CpuUsageRate(%)'}]
[INFO]2026-08-20 13:31:23,525 pattern_ranker.py:254: 2022-08-22 07:26:48 Inject RCA Result:
[INFO]2026-08-20 13:31:23,526 pattern_ranker.py:255: 2022-08-22 07:26:48 Inject Ground Truth: shippingservice-7b598fc7d-lmggd, cpu_contention
[INFO]2026-08-20 13:31:23,526 pattern_ranker.py:270: 2022-08-22 07:26:48 Inject Ground Truth: shippingservice-7b598fc7d-lmggd, cpu_contention score 1
[INFO]2026-08-20 13:31:23,526 pattern_ranker.py:308: source :shippingservice hipstershop.ShippingService/QuoteByCountFloat start, target: TraceID: <:TRACEID:> SpanID: <:SPANID:>[QuoteByCountFloat] received request, score: 1.0, deepth: 8, pod shippingservice-7b598fc7d-lmggd, resource alert CpuUsageRate(%)
[INFO]2026-08-20 13:31:23,526 pattern_ranker.py:320: 
[INFO]2026-08-20 13:31:40,767 data_integrate.py:486: [{'pod': 'adservice-5f6585d649-fnmft', 'alarm': [{'metric_type': 'MemoryUsageRate(%)', 'alarm_flag': True}]}]
[INFO]2026-08-20 13:32:12,345 data_integrate.py:555: Data Integrate Complete!
[INFO]2026-08-20 13:32:12,817 pattern_ranker.py:192: Soted Result List: [{'events': '28_208', 'score': 1.0, 'deepth': 4, 'pod': 'adservice-5f6585d649-fnmft', 'resource': 'MemoryUsageRate(%)'}, {'events': '16_41', 'score': 1.0, 'deepth': 1, 'pod': 'frontend-579b9bff58-t2dbm'}]
[INFO]2026-08-20 13:32:12,918 pattern_ranker.py:254: 2022-08-22 07:44:20 Inject RCA Result:
[INFO]2026-08-20 13:32:12,918 pattern_ranker.py:255: 2022-08-22 07:44:20 Inject Ground Truth: adservice-5f6585d649-fnmft, return
[INFO]2026-08-20 13:32:12,918 pattern_ranker.py:286: 2022-08-22 07:44:20 Inject Ground Truth: adservice-5f6585d649-fnmft, return score 1
[INFO]2026-08-20 13:32:12,918 pattern_ranker.py:308: source :<:NUM:>:<:NUM:>:<:NUM:>.<:NUM:> INFO - TraceID: <:TRACEID:> SpanID: <:SPANID:> Received ad request (context words=<:ITEM:>, target: <:NUM:>:<:NUM:>:<:NUM:>.<:NUM:> INFO - TraceID: <:TRACEID:> SpanID: <:SPANID:> No context provided. Constructe random Ads start, score: 1.0, deepth: 4, pod adservice-5f6585d649-fnmft, resource alert MemoryUsageRate(%)
[INFO]2026-08-20 13:32:12,918 pattern_ranker.py:311: source :TraceID: <:TRACEID:> SpanID: <:SPANID:> Choose Ad complete, target: TraceID: <:TRACEID:> SpanID: <:SPANID:> Request home complete, score: 1.0, deepth: 1, pod frontend-579b9bff58-t2dbm
[INFO]2026-08-20 13:32:12,918 pattern_ranker.py:320: 
[INFO]2026-08-20 13:32:29,044 data_integrate.py:486: [{'pod': 'adservice-5f6585d649-fnmft', 'alarm': [{'metric_type': 'MemoryUsageRate(%)', 'alarm_flag': True}]}]
[INFO]2026-08-20 13:32:54,911 data_integrate.py:555: Data Integrate Complete!
[INFO]2026-08-20 13:32:55,415 pattern_ranker.py:192: Soted Result List: [{'events': '28_208', 'score': 1.0, 'deepth': 4, 'pod': 'adservice-5f6585d649-fnmft', 'resource': 'MemoryUsageRate(%)'}, {'events': '16_41', 'score': 1.0, 'deepth': 1, 'pod': 'frontend-579b9bff58-t2dbm'}]
[INFO]2026-08-20 13:32:55,532 pattern_ranker.py:254: 2022-08-22 07:53:33 Inject RCA Result:
[INFO]2026-08-20 13:32:55,532 pattern_ranker.py:255: 2022-08-22 07:53:33 Inject Ground Truth: adservice-5f6585d649-fnmft, exception
[INFO]2026-08-20 13:32:55,532 pattern_ranker.py:286: 2022-08-22 07:53:33 Inject Ground Truth: adservice-5f6585d649-fnmft, exception score 1
[INFO]2026-08-20 13:32:55,532 pattern_ranker.py:308: source :<:NUM:>:<:NUM:>:<:NUM:>.<:NUM:> INFO - TraceID: <:TRACEID:> SpanID: <:SPANID:> Received ad request (context words=<:ITEM:>, target: <:NUM:>:<:NUM:>:<:NUM:>.<:NUM:> INFO - TraceID: <:TRACEID:> SpanID: <:SPANID:> No context provided. Constructe random Ads start, score: 1.0, deepth: 4, pod adservice-5f6585d649-fnmft, resource alert MemoryUsageRate(%)
[INFO]2026-08-20 13:32:55,532 pattern_ranker.py:311: source :TraceID: <:TRACEID:> SpanID: <:SPANID:> Choose Ad complete, target: TraceID: <:TRACEID:> SpanID: <:SPANID:> Request home complete, score: 1.0, deepth: 1, pod frontend-579b9bff58-t2dbm
[INFO]2026-08-20 13:32:55,532 pattern_ranker.py:320: 
[INFO]2026-08-20 13:33:12,152 data_integrate.py:486: [{'pod': 'adservice-5f6585d649-fnmft', 'alarm': [{'metric_type': 'MemoryUsageRate(%)', 'alarm_flag': True}]}]
[INFO]2026-08-20 13:33:36,620 data_integrate.py:555: Data Integrate Complete!
[INFO]2026-08-20 13:33:47,812 data_integrate.py:486: [{'pod': 'frontend-579b9bff58-t2dbm', 'alarm': [{'metric_type': 'CpuUsageRate(%)', 'alarm_flag': True}]}, {'pod': 'adservice-5f6585d649-fnmft', 'alarm': [{'metric_type': 'MemoryUsageRate(%)', 'alarm_flag': True}]}]
[INFO]2026-08-20 13:34:06,136 data_integrate.py:555: Data Integrate Complete!
[INFO]2026-08-20 13:34:06,320 pattern_ranker.py:192: Soted Result List: [{'events': '76_4', 'score': 1.0, 'deepth': 1, 'pod': 'frontend-579b9bff58-t2dbm', 'resource': 'CpuUsageRate(%)'}, {'events': '24_100', 'score': 0.7368421052631579, 'deepth': 3, 'pod': 'currencyservice-cf787dd48-vpjrd'}]
[INFO]2026-08-20 13:34:06,395 pattern_ranker.py:254: 2022-08-23 12:01:25 Inject RCA Result:
[INFO]2026-08-20 13:34:06,395 pattern_ranker.py:255: 2022-08-23 12:01:25 Inject Ground Truth: frontend-579b9bff58-t2dbm, cpu_contention
[INFO]2026-08-20 13:34:06,395 pattern_ranker.py:270: 2022-08-23 12:01:25 Inject Ground Truth: frontend-579b9bff58-t2dbm, cpu_contention score 1
[INFO]2026-08-20 13:34:06,395 pattern_ranker.py:308: source :frontend hipstershop.Frontend/Recv. start, target: TraceID: <:TRACEID:> SpanID: <:SPANID:> Request started, score: 1.0, deepth: 1, pod frontend-579b9bff58-t2dbm, resource alert CpuUsageRate(%)
[INFO]2026-08-20 13:34:06,395 pattern_ranker.py:311: source :TraceID: <:TRACEID:> SpanID: <:SPANID:> Getting supported currencies..., target: currencyservice hipstershop.CurrencyService/GetCurrencyData start, score: 0.7368421052631579, deepth: 3, pod currencyservice-cf787dd48-vpjrd
[INFO]2026-08-20 13:34:06,395 pattern_ranker.py:320: 
[INFO]2026-08-20 13:34:14,382 data_integrate.py:486: [{'pod': 'adservice-5f6585d649-fnmft', 'alarm': [{'metric_type': 'MemoryUsageRate(%)', 'alarm_flag': True}]}]
[INFO]2026-08-20 13:34:33,629 data_integrate.py:555: Data Integrate Complete!
[INFO]2026-08-20 13:34:35,025 pattern_ranker.py:192: Soted Result List: [{'events': '120_198', 'score': 1.0, 'deepth': 4, 'pod': 'adservice-5f6585d649-fnmft', 'resource': 'MemoryUsageRate(%)'}, {'events': '28_119', 'score': 1.0, 'deepth': 4, 'pod': 'adservice-5f6585d649-fnmft', 'resource': 'MemoryUsageRate(%)'}, {'events': '28_120', 'score': 1.0, 'deepth': 4, 'pod': 'adservice-5f6585d649-fnmft', 'resource': 'MemoryUsageRate(%)'}, {'events': '18_78', 'score': 1.0, 'deepth': 1, 'pod': 'frontend-579b9bff58-t2dbm'}, {'events': '18_17', 'score': 1.0, 'deepth': 1, 'pod': 'frontend-579b9bff58-t2dbm'}, {'events': '18_80', 'score': 1.0, 'deepth': 1, 'pod': 'frontend-579b9bff58-t2dbm'}, {'events': '18_82', 'score': 1.0, 'deepth': 1, 'pod': 'frontend-579b9bff58-t2dbm'}, {'events': '18_84', 'score': 1.0, 'deepth': 1, 'pod': 'frontend-579b9bff58-t2dbm'}, {'events': '18_86', 'score': 1.0, 'deepth': 1, 'pod': 'frontend-579b9bff58-t2dbm'}, {'events': '16_15', 'score': 1.0, 'deepth': 1, 'pod': 'frontend-579b9bff58-t2dbm'}]
[INFO]2026-08-20 13:34:35,125 pattern_ranker.py:254: 2022-08-23 12:10:21 Inject RCA Result:
[INFO]2026-08-20 13:34:35,125 pattern_ranker.py:255: 2022-08-23 12:10:21 Inject Ground Truth: frontend-579b9bff58-t2dbm, return
[INFO]2026-08-20 13:34:35,125 pattern_ranker.py:286: 2022-08-23 12:10:21 Inject Ground Truth: frontend-579b9bff58-t2dbm, return score 2
[INFO]2026-08-20 13:34:35,125 pattern_ranker.py:308: source :adservice hipstershop.AdService/<:SPANID:> start, target: MemoryUsageRate(%), score: 1.0, deepth: 4, pod adservice-5f6585d649-fnmft, resource alert MemoryUsageRate(%)
[INFO]2026-08-20 13:34:35,125 pattern_ranker.py:308: source :<:NUM:>:<:NUM:>:<:NUM:>.<:NUM:> INFO - TraceID: <:TRACEID:> SpanID: <:SPANID:> Received ad request (context words=<:ITEM:>, target: adservice hipstershop.AdServiceImpl/getAds end, score: 1.0, deepth: 4, pod adservice-5f6585d649-fnmft, resource alert MemoryUsageRate(%)
[INFO]2026-08-20 13:34:35,125 pattern_ranker.py:308: source :<:NUM:>:<:NUM:>:<:NUM:>.<:NUM:> INFO - TraceID: <:TRACEID:> SpanID: <:SPANID:> Received ad request (context words=<:ITEM:>, target: adservice hipstershop.AdService/<:SPANID:> start, score: 1.0, deepth: 4, pod adservice-5f6585d649-fnmft, resource alert MemoryUsageRate(%)
[INFO]2026-08-20 13:34:35,125 pattern_ranker.py:311: source :TraceID: <:TRACEID:> SpanID: <:SPANID:> Serving product page started, target: frontend hipstershop.ProductCatalogService/GetProduct start, score: 1.0, deepth: 1, pod frontend-579b9bff58-t2dbm
[INFO]2026-08-20 13:34:35,125 pattern_ranker.py:316: actual pattern source :TraceID: <:TRACEID:> SpanID: <:SPANID:> Serving product page started, target: TraceID: <:TRACEID:> SpanID: <:SPANID:> Product id not specified
[INFO]2026-08-20 13:34:35,126 pattern_ranker.py:311: source :TraceID: <:TRACEID:> SpanID: <:SPANID:> Serving product page started, target: TraceID: <:TRACEID:> SpanID: <:SPANID:> Choose Ad started, score: 1.0, deepth: 1, pod frontend-579b9bff58-t2dbm
[INFO]2026-08-20 13:34:35,126 pattern_ranker.py:316: actual pattern source :TraceID: <:TRACEID:> SpanID: <:SPANID:> Serving product page started, target: TraceID: <:TRACEID:> SpanID: <:SPANID:> Product id not specified
[INFO]2026-08-20 13:34:35,126 pattern_ranker.py:311: source :TraceID: <:TRACEID:> SpanID: <:SPANID:> Serving product page started, target: frontend hipstershop.CurrencyService/GetSupportedCurrencies start, score: 1.0, deepth: 1, pod frontend-579b9bff58-t2dbm
[INFO]2026-08-20 13:34:35,126 pattern_ranker.py:316: actual pattern source :TraceID: <:TRACEID:> SpanID: <:SPANID:> Serving product page started, target: TraceID: <:TRACEID:> SpanID: <:SPANID:> Product id not specified
[INFO]2026-08-20 13:34:35,126 pattern_ranker.py:311: source :TraceID: <:TRACEID:> SpanID: <:SPANID:> Serving product page started, target: frontend hipstershop.CartService/GetCart start, score: 1.0, deepth: 1, pod frontend-579b9bff58-t2dbm
[INFO]2026-08-20 13:34:35,126 pattern_ranker.py:316: actual pattern source :TraceID: <:TRACEID:> SpanID: <:SPANID:> Serving product page started, target: TraceID: <:TRACEID:> SpanID: <:SPANID:> Product id not specified
[INFO]2026-08-20 13:34:35,126 pattern_ranker.py:311: source :TraceID: <:TRACEID:> SpanID: <:SPANID:> Serving product page started, target: frontend hipstershop.CurrencyService/Convert start, score: 1.0, deepth: 1, pod frontend-579b9bff58-t2dbm
[INFO]2026-08-20 13:34:35,126 pattern_ranker.py:316: actual pattern source :TraceID: <:TRACEID:> SpanID: <:SPANID:> Serving product page started, target: TraceID: <:TRACEID:> SpanID: <:SPANID:> Product id not specified
[INFO]2026-08-20 13:34:35,126 pattern_ranker.py:311: source :TraceID: <:TRACEID:> SpanID: <:SPANID:> Serving product page started, target: frontend hipstershop.RecommendationService/ListRecommendations start, score: 1.0, deepth: 1, pod frontend-579b9bff58-t2dbm
[INFO]2026-08-20 13:34:35,126 pattern_ranker.py:316: actual pattern source :TraceID: <:TRACEID:> SpanID: <:SPANID:> Serving product page started, target: TraceID: <:TRACEID:> SpanID: <:SPANID:> Product id not specified
[INFO]2026-08-20 13:34:35,126 pattern_ranker.py:311: source :TraceID: <:TRACEID:> SpanID: <:SPANID:> Choose Ad complete, target: TraceID: <:TRACEID:> SpanID: <:SPANID:> Serving product page complete, score: 1.0, deepth: 1, pod frontend-579b9bff58-t2dbm
[INFO]2026-08-20 13:34:35,126 pattern_ranker.py:320: 
[INFO]2026-08-20 13:34:47,627 data_integrate.py:486: [{'pod': 'frontend-579b9bff58-t2dbm', 'alarm': [{'metric_type': 'CpuUsageRate(%)', 'alarm_flag': True}]}, {'pod': 'adservice-5f6585d649-fnmft', 'alarm': [{'metric_type': 'MemoryUsageRate(%)', 'alarm_flag': True}]}]
[INFO]2026-08-20 13:35:08,068 data_integrate.py:555: Data Integrate Complete!
[INFO]2026-08-20 13:35:08,277 pattern_ranker.py:192: Soted Result List: [{'events': '76_4', 'score': 1.0, 'deepth': 1, 'pod': 'frontend-579b9bff58-t2dbm', 'resource': 'CpuUsageRate(%)'}, {'events': '24_100', 'score': 0.7, 'deepth': 3, 'pod': 'currencyservice-cf787dd48-vpjrd'}]
[INFO]2026-08-20 13:35:08,372 pattern_ranker.py:254: 2022-08-23 12:18:23 Inject RCA Result:
[INFO]2026-08-20 13:35:08,372 pattern_ranker.py:255: 2022-08-23 12:18:23 Inject Ground Truth: frontend-579b9bff58-t2dbm, cpu_consumed
[INFO]2026-08-20 13:35:08,372 pattern_ranker.py:270: 2022-08-23 12:18:23 Inject Ground Truth: frontend-579b9bff58-t2dbm, cpu_consumed score 1
[INFO]2026-08-20 13:35:08,372 pattern_ranker.py:308: source :frontend hipstershop.Frontend/Recv. start, target: TraceID: <:TRACEID:> SpanID: <:SPANID:> Request started, score: 1.0, deepth: 1, pod frontend-579b9bff58-t2dbm, resource alert CpuUsageRate(%)
[INFO]2026-08-20 13:35:08,372 pattern_ranker.py:311: source :TraceID: <:TRACEID:> SpanID: <:SPANID:> Getting supported currencies..., target: currencyservice hipstershop.CurrencyService/GetCurrencyData start, score: 0.7, deepth: 3, pod currencyservice-cf787dd48-vpjrd
[INFO]2026-08-20 13:35:08,372 pattern_ranker.py:320: 
[INFO]2026-08-20 13:35:24,775 data_integrate.py:486: [{'pod': 'adservice-5f6585d649-fnmft', 'alarm': [{'metric_type': 'MemoryUsageRate(%)', 'alarm_flag': True}]}]
[INFO]2026-08-20 13:35:55,695 data_integrate.py:555: Data Integrate Complete!
[INFO]2026-08-20 13:35:55,765 pattern_ranker.py:192: Soted Result List: [{'events': '50_49', 'score': 1.0, 'deepth': 1, 'pod': 'frontend-579b9bff58-t2dbm'}]
[INFO]2026-08-20 13:35:55,863 pattern_ranker.py:254: 2022-08-23 12:27:23 Inject RCA Result:
[INFO]2026-08-20 13:35:55,863 pattern_ranker.py:255: 2022-08-23 12:27:23 Inject Ground Truth: frontend-579b9bff58-t2dbm, exception
[INFO]2026-08-20 13:35:55,863 pattern_ranker.py:286: 2022-08-23 12:27:23 Inject Ground Truth: frontend-579b9bff58-t2dbm, exception score 1
[INFO]2026-08-20 13:35:55,863 pattern_ranker.py:311: source :TraceID: <:TRACEID:> SpanID: <:SPANID:> Placing order started, target: TraceID: <:TRACEID:> SpanID: <:SPANID:> Order placed complete, score: 1.0, deepth: 1, pod frontend-579b9bff58-t2dbm
[INFO]2026-08-20 13:35:55,863 pattern_ranker.py:316: actual pattern source :TraceID: <:TRACEID:> SpanID: <:SPANID:> Placing order started, target: TraceID: <:TRACEID:> SpanID: <:SPANID:> Failed to complete the order
[INFO]2026-08-20 13:35:55,863 pattern_ranker.py:320: 
[INFO]2026-08-20 13:36:12,300 data_integrate.py:486: [{'pod': 'adservice-5f6585d649-fnmft', 'alarm': [{'metric_type': 'MemoryUsageRate(%)', 'alarm_flag': True}]}, {'pod': 'cartservice-579f59597d-wc2lz', 'alarm': [{'metric_type': 'NetworkP90(ms)', 'alarm_flag': True}]}]
[INFO]2026-08-20 13:36:39,447 data_integrate.py:555: Data Integrate Complete!
[INFO]2026-08-20 13:36:39,959 pattern_ranker.py:192: Soted Result List: [{'events': '102_25', 'score': 1.0, 'deepth': 6, 'pod': 'cartservice-579f59597d-wc2lz', 'resource': 'NetworkP90(ms)'}, {'events': '24_100', 'score': 0.7, 'deepth': 3, 'pod': 'currencyservice-cf787dd48-vpjrd'}, {'events': '23_100', 'score': 0.6744186046511628, 'deepth': 3, 'pod': 'currencyservice-cf787dd48-vpjrd'}]
[INFO]2026-08-20 13:36:40,065 pattern_ranker.py:254: 2022-08-23 12:35:57 Inject RCA Result:
[INFO]2026-08-20 13:36:40,065 pattern_ranker.py:255: 2022-08-23 12:35:57 Inject Ground Truth: cartservice-579f59597d-wc2lz, network_delay
[INFO]2026-08-20 13:36:40,065 pattern_ranker.py:270: 2022-08-23 12:35:57 Inject Ground Truth: cartservice-579f59597d-wc2lz, network_delay score 1
[INFO]2026-08-20 13:36:40,065 pattern_ranker.py:308: source :cartservice hipstershop.CartService/GetCart start, target: TraceID: <:TRACEID:> SpanID: <:SPANID:> GetCartAsync called with userId=<:USERID:>, score: 1.0, deepth: 6, pod cartservice-579f59597d-wc2lz, resource alert NetworkP90(ms)
[INFO]2026-08-20 13:36:40,065 pattern_ranker.py:311: source :TraceID: <:TRACEID:> SpanID: <:SPANID:> Getting supported currencies..., target: currencyservice hipstershop.CurrencyService/GetCurrencyData start, score: 0.7, deepth: 3, pod currencyservice-cf787dd48-vpjrd
[INFO]2026-08-20 13:36:40,065 pattern_ranker.py:311: source :TraceID: <:TRACEID:> SpanID: <:SPANID:> Received conversion request, target: currencyservice hipstershop.CurrencyService/GetCurrencyData start, score: 0.6744186046511628, deepth: 3, pod currencyservice-cf787dd48-vpjrd
[INFO]2026-08-20 13:36:40,065 pattern_ranker.py:320: 
[INFO]2026-08-20 13:36:57,114 data_integrate.py:486: [{'pod': 'adservice-5f6585d649-fnmft', 'alarm': [{'metric_type': 'MemoryUsageRate(%)', 'alarm_flag': True}]}, {'pod': 'cartservice-579f59597d-wc2lz', 'alarm': [{'metric_type': 'CpuUsageRate(%)', 'alarm_flag': True}]}]
[INFO]2026-08-20 13:37:24,284 data_integrate.py:555: Data Integrate Complete!
[INFO]2026-08-20 13:37:24,647 pattern_ranker.py:192: Soted Result List: [{'events': '102_25', 'score': 1.0, 'deepth': 6, 'pod': 'cartservice-579f59597d-wc2lz', 'resource': 'CpuUsageRate(%)'}, {'events': '24_100', 'score': 0.7, 'deepth': 3, 'pod': 'currencyservice-cf787dd48-vpjrd'}]
[INFO]2026-08-20 13:37:24,748 pattern_ranker.py:254: 2022-08-23 12:45:08 Inject RCA Result:
[INFO]2026-08-20 13:37:24,749 pattern_ranker.py:255: 2022-08-23 12:45:08 Inject Ground Truth: cartservice-579f59597d-wc2lz, cpu_contention
[INFO]2026-08-20 13:37:24,749 pattern_ranker.py:270: 2022-08-23 12:45:08 Inject Ground Truth: cartservice-579f59597d-wc2lz, cpu_contention score 1
[INFO]2026-08-20 13:37:24,749 pattern_ranker.py:308: source :cartservice hipstershop.CartService/GetCart start, target: TraceID: <:TRACEID:> SpanID: <:SPANID:> GetCartAsync called with userId=<:USERID:>, score: 1.0, deepth: 6, pod cartservice-579f59597d-wc2lz, resource alert CpuUsageRate(%)
[INFO]2026-08-20 13:37:24,749 pattern_ranker.py:311: source :TraceID: <:TRACEID:> SpanID: <:SPANID:> Getting supported currencies..., target: currencyservice hipstershop.CurrencyService/GetCurrencyData start, score: 0.7, deepth: 3, pod currencyservice-cf787dd48-vpjrd
[INFO]2026-08-20 13:37:24,749 pattern_ranker.py:320: 
[INFO]2026-08-20 13:37:42,250 data_integrate.py:486: [{'pod': 'checkoutservice-578fcf4766-9csqn', 'alarm': [{'metric_type': 'NetworkP90(ms)', 'alarm_flag': True}]}, {'pod': 'adservice-5f6585d649-fnmft', 'alarm': [{'metric_type': 'MemoryUsageRate(%)', 'alarm_flag': True}]}]
[INFO]2026-08-20 13:38:10,575 data_integrate.py:555: Data Integrate Complete!
[INFO]2026-08-20 13:38:11,115 pattern_ranker.py:192: Soted Result List: [{'events': '158_65', 'score': 1.0, 'deepth': 4, 'pod': 'checkoutservice-578fcf4766-9csqn', 'resource': 'NetworkP90(ms)'}, {'events': '23_100', 'score': 0.7073170731707317, 'deepth': 3, 'pod': 'currencyservice-cf787dd48-vpjrd'}]
[INFO]2026-08-20 13:38:11,212 pattern_ranker.py:254: 2022-08-23 12:53:52 Inject RCA Result:
[INFO]2026-08-20 13:38:11,212 pattern_ranker.py:255: 2022-08-23 12:53:52 Inject Ground Truth: checkoutservice-578fcf4766-9csqn, network_delay
[INFO]2026-08-20 13:38:11,212 pattern_ranker.py:270: 2022-08-23 12:53:52 Inject Ground Truth: checkoutservice-578fcf4766-9csqn, network_delay score 1
[INFO]2026-08-20 13:38:11,212 pattern_ranker.py:308: source :checkoutservice hipstershop.CheckoutService/ConvertCurrency start, target: TraceID: <:TRACEID:> SpanID: <:SPANID:> Start convert currency from currency code:<:ITEM:>, score: 1.0, deepth: 4, pod checkoutservice-578fcf4766-9csqn, resource alert NetworkP90(ms)
[INFO]2026-08-20 13:38:11,212 pattern_ranker.py:311: source :TraceID: <:TRACEID:> SpanID: <:SPANID:> Received conversion request, target: currencyservice hipstershop.CurrencyService/GetCurrencyData start, score: 0.7073170731707317, deepth: 3, pod currencyservice-cf787dd48-vpjrd
[INFO]2026-08-20 13:38:11,212 pattern_ranker.py:320: 
[INFO]2026-08-20 13:38:29,241 data_integrate.py:486: [{'pod': 'adservice-5f6585d649-fnmft', 'alarm': [{'metric_type': 'MemoryUsageRate(%)', 'alarm_flag': True}]}]
[INFO]2026-08-20 13:38:59,361 data_integrate.py:555: Data Integrate Complete!
[INFO]2026-08-20 13:38:59,710 pattern_ranker.py:192: Soted Result List: [{'events': '62_61', 'score': 1.0, 'deepth': 4, 'pod': 'checkoutservice-578fcf4766-9csqn'}, {'events': '62_150', 'score': 1.0, 'deepth': 4, 'pod': 'checkoutservice-578fcf4766-9csqn'}, {'events': '73_60', 'score': 1.0, 'deepth': 3, 'pod': 'checkoutservice-578fcf4766-9csqn'}, {'events': '50_49', 'score': 1.0, 'deepth': 1, 'pod': 'frontend-579b9bff58-t2dbm'}, {'events': '23_100', 'score': 0.6904761904761905, 'deepth': 3, 'pod': 'currencyservice-cf787dd48-vpjrd'}]
[INFO]2026-08-20 13:38:59,808 pattern_ranker.py:254: 2022-08-23 13:02:09 Inject RCA Result:
[INFO]2026-08-20 13:38:59,808 pattern_ranker.py:255: 2022-08-23 13:02:09 Inject Ground Truth: checkoutservice-578fcf4766-9csqn, exception
[INFO]2026-08-20 13:38:59,808 pattern_ranker.py:286: 2022-08-23 13:02:09 Inject Ground Truth: checkoutservice-578fcf4766-9csqn, exception score 1
[INFO]2026-08-20 13:38:59,809 pattern_ranker.py:311: source :TraceID: <:TRACEID:> SpanID: <:SPANID:> Start charge card, target: TraceID: <:TRACEID:> SpanID: <:SPANID:> Charge successfully, score: 1.0, deepth: 4, pod checkoutservice-578fcf4766-9csqn
[INFO]2026-08-20 13:38:59,809 pattern_ranker.py:316: actual pattern source :TraceID: <:TRACEID:> SpanID: <:SPANID:> Start charge card, target: TraceID: <:TRACEID:> SpanID: <:SPANID:> Failed to connect payment service: connect error.
[INFO]2026-08-20 13:38:59,809 pattern_ranker.py:311: source :TraceID: <:TRACEID:> SpanID: <:SPANID:> Start charge card, target: checkoutservice hipstershop.PaymentService/Charge start, score: 1.0, deepth: 4, pod checkoutservice-578fcf4766-9csqn
[INFO]2026-08-20 13:38:59,809 pattern_ranker.py:316: actual pattern source :TraceID: <:TRACEID:> SpanID: <:SPANID:> Start charge card, target: TraceID: <:TRACEID:> SpanID: <:SPANID:> Failed to connect payment service: connect error.
[INFO]2026-08-20 13:38:59,809 pattern_ranker.py:311: source :TraceID: <:TRACEID:> SpanID: <:SPANID:> Get OrderID <:USERID:>, target: TraceID: <:TRACEID:> SpanID: <:SPANID:> Payment went through (transaction id: <:*:>, score: 1.0, deepth: 3, pod checkoutservice-578fcf4766-9csqn
[INFO]2026-08-20 13:38:59,809 pattern_ranker.py:316: actual pattern source :TraceID: <:TRACEID:> SpanID: <:SPANID:> Get OrderID <:USERID:>, target: checkoutservice hipstershop.CheckoutService/PlaceOrder end
[INFO]2026-08-20 13:38:59,809 pattern_ranker.py:311: source :TraceID: <:TRACEID:> SpanID: <:SPANID:> Placing order started, target: TraceID: <:TRACEID:> SpanID: <:SPANID:> Order placed complete, score: 1.0, deepth: 1, pod frontend-579b9bff58-t2dbm
[INFO]2026-08-20 13:38:59,809 pattern_ranker.py:316: actual pattern source :TraceID: <:TRACEID:> SpanID: <:SPANID:> Placing order started, target: TraceID: <:TRACEID:> SpanID: <:SPANID:> Failed to complete the order
[INFO]2026-08-20 13:38:59,809 pattern_ranker.py:311: source :TraceID: <:TRACEID:> SpanID: <:SPANID:> Received conversion request, target: currencyservice hipstershop.CurrencyService/GetCurrencyData start, score: 0.6904761904761905, deepth: 3, pod currencyservice-cf787dd48-vpjrd
[INFO]2026-08-20 13:38:59,809 pattern_ranker.py:320: 
[INFO]2026-08-20 13:39:18,279 data_integrate.py:486: [{'pod': 'adservice-5f6585d649-fnmft', 'alarm': [{'metric_type': 'MemoryUsageRate(%)', 'alarm_flag': True}]}]
[INFO]2026-08-20 13:39:50,142 data_integrate.py:555: Data Integrate Complete!
[INFO]2026-08-20 13:39:50,303 pattern_ranker.py:192: Soted Result List: [{'events': '62_61', 'score': 1.0, 'deepth': 4, 'pod': 'checkoutservice-578fcf4766-9csqn'}, {'events': '73_60', 'score': 1.0, 'deepth': 3, 'pod': 'checkoutservice-578fcf4766-9csqn'}, {'events': '50_49', 'score': 1.0, 'deepth': 1, 'pod': 'frontend-579b9bff58-t2dbm'}]
[INFO]2026-08-20 13:39:50,406 pattern_ranker.py:254: 2022-08-23 13:10:36 Inject RCA Result:
[INFO]2026-08-20 13:39:50,406 pattern_ranker.py:255: 2022-08-23 13:10:36 Inject Ground Truth: checkoutservice-578fcf4766-9csqn, return
[INFO]2026-08-20 13:39:50,406 pattern_ranker.py:286: 2022-08-23 13:10:36 Inject Ground Truth: checkoutservice-578fcf4766-9csqn, return score 1
[INFO]2026-08-20 13:39:50,406 pattern_ranker.py:311: source :TraceID: <:TRACEID:> SpanID: <:SPANID:> Start charge card, target: TraceID: <:TRACEID:> SpanID: <:SPANID:> Charge successfully, score: 1.0, deepth: 4, pod checkoutservice-578fcf4766-9csqn
[INFO]2026-08-20 13:39:50,406 pattern_ranker.py:316: actual pattern source :TraceID: <:TRACEID:> SpanID: <:SPANID:> Start charge card, target: TraceID: <:TRACEID:> SpanID: <:SPANID:> Could not charge the card: charge card error.
[INFO]2026-08-20 13:39:50,406 pattern_ranker.py:311: source :TraceID: <:TRACEID:> SpanID: <:SPANID:> Get OrderID <:USERID:>, target: TraceID: <:TRACEID:> SpanID: <:SPANID:> Payment went through (transaction id: <:*:>, score: 1.0, deepth: 3, pod checkoutservice-578fcf4766-9csqn
[INFO]2026-08-20 13:39:50,406 pattern_ranker.py:316: actual pattern source :TraceID: <:TRACEID:> SpanID: <:SPANID:> Get OrderID <:USERID:>, target: checkoutservice hipstershop.CheckoutService/PlaceOrder end
[INFO]2026-08-20 13:39:50,407 pattern_ranker.py:311: source :TraceID: <:TRACEID:> SpanID: <:SPANID:> Placing order started, target: TraceID: <:TRACEID:> SpanID: <:SPANID:> Order placed complete, score: 1.0, deepth: 1, pod frontend-579b9bff58-t2dbm
[INFO]2026-08-20 13:39:50,407 pattern_ranker.py:316: actual pattern source :TraceID: <:TRACEID:> SpanID: <:SPANID:> Placing order started, target: TraceID: <:TRACEID:> SpanID: <:SPANID:> Failed to complete the order
[INFO]2026-08-20 13:39:50,407 pattern_ranker.py:320: 
[INFO]2026-08-20 13:40:07,215 data_integrate.py:486: [{'pod': 'checkoutservice-578fcf4766-9csqn', 'alarm': [{'metric_type': 'CpuUsageRate(%)', 'alarm_flag': True}]}, {'pod': 'adservice-5f6585d649-fnmft', 'alarm': [{'metric_type': 'MemoryUsageRate(%)', 'alarm_flag': True}]}]
[INFO]2026-08-20 13:40:38,192 data_integrate.py:555: Data Integrate Complete!
[INFO]2026-08-20 13:40:38,601 pattern_ranker.py:192: Soted Result List: [{'events': '158_65', 'score': 1.0, 'deepth': 4, 'pod': 'checkoutservice-578fcf4766-9csqn', 'resource': 'CpuUsageRate(%)'}]
[INFO]2026-08-20 13:40:38,707 pattern_ranker.py:254: 2022-08-23 13:19:06 Inject RCA Result:
[INFO]2026-08-20 13:40:38,707 pattern_ranker.py:255: 2022-08-23 13:19:06 Inject Ground Truth: checkoutservice-578fcf4766-9csqn, cpu_consumed
[INFO]2026-08-20 13:40:38,707 pattern_ranker.py:270: 2022-08-23 13:19:06 Inject Ground Truth: checkoutservice-578fcf4766-9csqn, cpu_consumed score 1
[INFO]2026-08-20 13:40:38,707 pattern_ranker.py:308: source :checkoutservice hipstershop.CheckoutService/ConvertCurrency start, target: TraceID: <:TRACEID:> SpanID: <:SPANID:> Start convert currency from currency code:<:ITEM:>, score: 1.0, deepth: 4, pod checkoutservice-578fcf4766-9csqn, resource alert CpuUsageRate(%)
[INFO]2026-08-20 13:40:38,707 pattern_ranker.py:320: 
[INFO]2026-08-20 13:40:42,557 data_integrate.py:486: [{'pod': 'currencyservice-cf787dd48-vpjrd', 'alarm': [{'metric_type': 'CpuUsageRate(%)', 'alarm_flag': True}]}, {'pod': 'adservice-5f6585d649-fnmft', 'alarm': [{'metric_type': 'MemoryUsageRate(%)', 'alarm_flag': True}]}]
[INFO]2026-08-20 13:40:47,362 data_integrate.py:555: Data Integrate Complete!
[INFO]2026-08-20 13:40:49,286 pattern_ranker.py:192: Soted Result List: [{'events': '104_23', 'score': 1.0, 'deepth': 2, 'pod': 'currencyservice-cf787dd48-vpjrd', 'resource': 'CpuUsageRate(%)'}, {'events': '69_146', 'score': 0.8363636363636363, 'deepth': 5, 'pod': 'checkoutservice-578fcf4766-9csqn'}, {'events': '69_158', 'score': 0.8363636363636363, 'deepth': 5, 'pod': 'checkoutservice-578fcf4766-9csqn'}, {'events': '4_40', 'score': 0.8043478260869565, 'deepth': 1, 'pod': 'frontend-579b9bff58-t2dbm'}, {'events': '4_38', 'score': 0.7890625, 'deepth': 1, 'pod': 'frontend-579b9bff58-t2dbm'}, {'events': '4_18', 'score': 0.7864077669902912, 'deepth': 1, 'pod': 'frontend-579b9bff58-t2dbm'}, {'events': '16_15', 'score': 0.7864077669902912, 'deepth': 1, 'pod': 'frontend-579b9bff58-t2dbm'}, {'events': '4_3', 'score': 0.7833333333333333, 'deepth': 1, 'pod': 'frontend-579b9bff58-t2dbm'}, {'events': '4_50', 'score': 0.782608695652174, 'deepth': 1, 'pod': 'frontend-579b9bff58-t2dbm'}, {'events': '76_4', 'score': 0.778816199376947, 'deepth': 1, 'pod': 'frontend-579b9bff58-t2dbm'}, {'events': '120_198', 'score': 0.7786069651741293, 'deepth': 4, 'pod': 'adservice-5f6585d649-fnmft', 'resource': 'MemoryUsageRate(%)'}]
[INFO]2026-08-20 13:40:49,323 pattern_ranker.py:254: 2022-08-23 13:27:51 Inject RCA Result:
[INFO]2026-08-20 13:40:49,323 pattern_ranker.py:255: 2022-08-23 13:27:51 Inject Ground Truth: currencyservice-cf787dd48-vpjrd, cpu_contention
[INFO]2026-08-20 13:40:49,323 pattern_ranker.py:270: 2022-08-23 13:27:51 Inject Ground Truth: currencyservice-cf787dd48-vpjrd, cpu_contention score 1
[INFO]2026-08-20 13:40:49,324 pattern_ranker.py:308: source :currencyservice grpc.hipstershop.CurrencyService/Convert start, target: TraceID: <:TRACEID:> SpanID: <:SPANID:> Received conversion request, score: 1.0, deepth: 2, pod currencyservice-cf787dd48-vpjrd, resource alert CpuUsageRate(%)
[INFO]2026-08-20 13:40:49,324 pattern_ranker.py:311: source :TraceID: <:TRACEID:> SpanID: <:SPANID:> Start query cost of products<:ITEM:>, target: checkoutservice hipstershop.ProductCatalogService/GetProduct start, score: 0.8363636363636363, deepth: 5, pod checkoutservice-578fcf4766-9csqn
[INFO]2026-08-20 13:40:49,324 pattern_ranker.py:311: source :TraceID: <:TRACEID:> SpanID: <:SPANID:> Start query cost of products<:ITEM:>, target: checkoutservice hipstershop.CheckoutService/ConvertCurrency start, score: 0.8363636363636363, deepth: 5, pod checkoutservice-578fcf4766-9csqn
[INFO]2026-08-20 13:40:49,324 pattern_ranker.py:311: source :TraceID: <:TRACEID:> SpanID: <:SPANID:> Request started, target: TraceID: <:TRACEID:> SpanID: <:SPANID:> Setting currency started, score: 0.8043478260869565, deepth: 1, pod frontend-579b9bff58-t2dbm
[INFO]2026-08-20 13:40:49,324 pattern_ranker.py:311: source :TraceID: <:TRACEID:> SpanID: <:SPANID:> Request started, target: TraceID: <:TRACEID:> SpanID: <:SPANID:> View user cart start, score: 0.7890625, deepth: 1, pod frontend-579b9bff58-t2dbm
[INFO]2026-08-20 13:40:49,324 pattern_ranker.py:311: source :TraceID: <:TRACEID:> SpanID: <:SPANID:> Request started, target: TraceID: <:TRACEID:> SpanID: <:SPANID:> Serving product page started, score: 0.7864077669902912, deepth: 1, pod frontend-579b9bff58-t2dbm
[INFO]2026-08-20 13:40:49,324 pattern_ranker.py:311: source :TraceID: <:TRACEID:> SpanID: <:SPANID:> Choose Ad complete, target: TraceID: <:TRACEID:> SpanID: <:SPANID:> Serving product page complete, score: 0.7864077669902912, deepth: 1, pod frontend-579b9bff58-t2dbm
[INFO]2026-08-20 13:40:49,324 pattern_ranker.py:311: source :TraceID: <:TRACEID:> SpanID: <:SPANID:> Request started, target: TraceID: <:TRACEID:> SpanID: <:SPANID:> Adding to cart started, score: 0.7833333333333333, deepth: 1, pod frontend-579b9bff58-t2dbm
[INFO]2026-08-20 13:40:49,324 pattern_ranker.py:311: source :TraceID: <:TRACEID:> SpanID: <:SPANID:> Request started, target: TraceID: <:TRACEID:> SpanID: <:SPANID:> Placing order started, score: 0.782608695652174, deepth: 1, pod frontend-579b9bff58-t2dbm
[INFO]2026-08-20 13:40:49,324 pattern_ranker.py:311: source :frontend hipstershop.Frontend/Recv. start, target: TraceID: <:TRACEID:> SpanID: <:SPANID:> Request started, score: 0.778816199376947, deepth: 1, pod frontend-579b9bff58-t2dbm
[INFO]2026-08-20 13:40:49,324 pattern_ranker.py:320: 
[INFO]2026-08-20 13:40:59,101 data_integrate.py:486: [{'pod': 'currencyservice-cf787dd48-vpjrd', 'alarm': [{'metric_type': 'NetworkP90(ms)', 'alarm_flag': True}]}, {'pod': 'adservice-5f6585d649-fnmft', 'alarm': [{'metric_type': 'MemoryUsageRate(%)', 'alarm_flag': True}]}]
[INFO]2026-08-20 13:41:15,107 data_integrate.py:555: Data Integrate Complete!
[INFO]2026-08-20 13:41:15,630 pattern_ranker.py:192: Soted Result List: [{'events': '104_23', 'score': 1.0, 'deepth': 2, 'pod': 'currencyservice-cf787dd48-vpjrd', 'resource': 'NetworkP90(ms)'}]
[INFO]2026-08-20 13:41:15,699 pattern_ranker.py:254: 2022-08-23 13:37:08 Inject RCA Result:
[INFO]2026-08-20 13:41:15,699 pattern_ranker.py:255: 2022-08-23 13:37:08 Inject Ground Truth: currencyservice-cf787dd48-vpjrd, network_delay
[INFO]2026-08-20 13:41:15,699 pattern_ranker.py:270: 2022-08-23 13:37:08 Inject Ground Truth: currencyservice-cf787dd48-vpjrd, network_delay score 1
[INFO]2026-08-20 13:41:15,699 pattern_ranker.py:308: source :currencyservice grpc.hipstershop.CurrencyService/Convert start, target: TraceID: <:TRACEID:> SpanID: <:SPANID:> Received conversion request, score: 1.0, deepth: 2, pod currencyservice-cf787dd48-vpjrd, resource alert NetworkP90(ms)
[INFO]2026-08-20 13:41:15,699 pattern_ranker.py:320: 
[INFO]2026-08-20 13:41:34,552 data_integrate.py:486: [{'pod': 'emailservice-55fdc5b988-f6xth', 'alarm': [{'metric_type': 'CpuUsageRate(%)', 'alarm_flag': True}]}, {'pod': 'adservice-5f6585d649-fnmft', 'alarm': [{'metric_type': 'MemoryUsageRate(%)', 'alarm_flag': True}]}]
[INFO]2026-08-20 13:42:05,913 data_integrate.py:555: Data Integrate Complete!
[INFO]2026-08-20 13:42:06,241 pattern_ranker.py:192: Soted Result List: [{'events': '187_52', 'score': 1.0, 'deepth': 5, 'pod': 'emailservice-55fdc5b988-f6xth', 'resource': 'CpuUsageRate(%)'}, {'events': '23_100', 'score': 0.725, 'deepth': 3, 'pod': 'currencyservice-cf787dd48-vpjrd'}, {'events': '24_100', 'score': 0.7, 'deepth': 3, 'pod': 'currencyservice-cf787dd48-vpjrd'}]
[INFO]2026-08-20 13:42:06,344 pattern_ranker.py:254: 2022-08-23 13:45:53 Inject RCA Result:
[INFO]2026-08-20 13:42:06,344 pattern_ranker.py:255: 2022-08-23 13:45:53 Inject Ground Truth: emailservice-55fdc5b988-f6xth, cpu_contention
[INFO]2026-08-20 13:42:06,344 pattern_ranker.py:270: 2022-08-23 13:45:53 Inject Ground Truth: emailservice-55fdc5b988-f6xth, cpu_contention score 1
[INFO]2026-08-20 13:42:06,344 pattern_ranker.py:308: source :emailservice /hipstershop.EmailService/SendOrderConfirmation start, target: TraceID: <:TRACEID:> SpanID: <:SPANID:> Send order confirmation email to someone@example.com start., score: 1.0, deepth: 5, pod emailservice-55fdc5b988-f6xth, resource alert CpuUsageRate(%)
[INFO]2026-08-20 13:42:06,344 pattern_ranker.py:311: source :TraceID: <:TRACEID:> SpanID: <:SPANID:> Received conversion request, target: currencyservice hipstershop.CurrencyService/GetCurrencyData start, score: 0.725, deepth: 3, pod currencyservice-cf787dd48-vpjrd
[INFO]2026-08-20 13:42:06,344 pattern_ranker.py:311: source :TraceID: <:TRACEID:> SpanID: <:SPANID:> Getting supported currencies..., target: currencyservice hipstershop.CurrencyService/GetCurrencyData start, score: 0.7, deepth: 3, pod currencyservice-cf787dd48-vpjrd
[INFO]2026-08-20 13:42:06,344 pattern_ranker.py:320: 
[INFO]2026-08-20 13:42:25,647 data_integrate.py:486: [{'pod': 'emailservice-55fdc5b988-f6xth', 'alarm': [{'metric_type': 'NetworkP90(ms)', 'alarm_flag': True}]}, {'pod': 'adservice-5f6585d649-fnmft', 'alarm': [{'metric_type': 'MemoryUsageRate(%)', 'alarm_flag': True}]}]
[INFO]2026-08-20 13:42:58,505 data_integrate.py:555: Data Integrate Complete!
[INFO]2026-08-20 13:42:58,722 pattern_ranker.py:192: Soted Result List: [{'events': '187_52', 'score': 1.0, 'deepth': 5, 'pod': 'emailservice-55fdc5b988-f6xth', 'resource': 'NetworkP90(ms)'}, {'events': '24_100', 'score': 0.7, 'deepth': 3, 'pod': 'currencyservice-cf787dd48-vpjrd'}]
[INFO]2026-08-20 13:42:58,834 pattern_ranker.py:254: 2022-08-23 13:54:37 Inject RCA Result:
[INFO]2026-08-20 13:42:58,834 pattern_ranker.py:255: 2022-08-23 13:54:37 Inject Ground Truth: emailservice-55fdc5b988-f6xth, network_delay
[INFO]2026-08-20 13:42:58,834 pattern_ranker.py:270: 2022-08-23 13:54:37 Inject Ground Truth: emailservice-55fdc5b988-f6xth, network_delay score 1
[INFO]2026-08-20 13:42:58,834 pattern_ranker.py:308: source :emailservice /hipstershop.EmailService/SendOrderConfirmation start, target: TraceID: <:TRACEID:> SpanID: <:SPANID:> Send order confirmation email to someone@example.com start., score: 1.0, deepth: 5, pod emailservice-55fdc5b988-f6xth, resource alert NetworkP90(ms)
[INFO]2026-08-20 13:42:58,834 pattern_ranker.py:311: source :TraceID: <:TRACEID:> SpanID: <:SPANID:> Getting supported currencies..., target: currencyservice hipstershop.CurrencyService/GetCurrencyData start, score: 0.7, deepth: 3, pod currencyservice-cf787dd48-vpjrd
[INFO]2026-08-20 13:42:58,834 pattern_ranker.py:320: 
[INFO]2026-08-20 13:43:17,276 data_integrate.py:486: [{'pod': 'emailservice-55fdc5b988-f6xth', 'alarm': [{'metric_type': 'CpuUsageRate(%)', 'alarm_flag': True}]}, {'pod': 'adservice-5f6585d649-fnmft', 'alarm': [{'metric_type': 'MemoryUsageRate(%)', 'alarm_flag': True}]}]
[INFO]2026-08-20 13:43:47,137 data_integrate.py:555: Data Integrate Complete!
[INFO]2026-08-20 13:43:47,222 pattern_ranker.py:192: Soted Result List: [{'events': '187_52', 'score': 1.0, 'deepth': 5, 'pod': 'emailservice-55fdc5b988-f6xth', 'resource': 'CpuUsageRate(%)'}]
[INFO]2026-08-20 13:43:47,331 pattern_ranker.py:254: 2022-08-23 14:03:48 Inject RCA Result:
[INFO]2026-08-20 13:43:47,331 pattern_ranker.py:255: 2022-08-23 14:03:48 Inject Ground Truth: emailservice-55fdc5b988-f6xth, cpu_consumed
[INFO]2026-08-20 13:43:47,331 pattern_ranker.py:270: 2022-08-23 14:03:48 Inject Ground Truth: emailservice-55fdc5b988-f6xth, cpu_consumed score 1
[INFO]2026-08-20 13:43:47,331 pattern_ranker.py:308: source :emailservice /hipstershop.EmailService/SendOrderConfirmation start, target: TraceID: <:TRACEID:> SpanID: <:SPANID:> Send order confirmation email to someone@example.com start., score: 1.0, deepth: 5, pod emailservice-55fdc5b988-f6xth, resource alert CpuUsageRate(%)
[INFO]2026-08-20 13:43:47,331 pattern_ranker.py:320: 
[INFO]2026-08-20 13:44:03,483 data_integrate.py:486: [{'pod': 'paymentservice-9cdb6588f-554sm', 'alarm': [{'metric_type': 'NetworkP90(ms)', 'alarm_flag': True}]}, {'pod': 'adservice-5f6585d649-fnmft', 'alarm': [{'metric_type': 'MemoryUsageRate(%)', 'alarm_flag': True}]}]
[INFO]2026-08-20 13:44:30,220 data_integrate.py:555: Data Integrate Complete!
[INFO]2026-08-20 13:44:30,436 pattern_ranker.py:192: Soted Result List: [{'events': '165_48', 'score': 1.0, 'deepth': 5, 'pod': 'paymentservice-9cdb6588f-554sm', 'resource': 'NetworkP90(ms)'}, {'events': '23_100', 'score': 0.725, 'deepth': 3, 'pod': 'currencyservice-cf787dd48-vpjrd'}]
[INFO]2026-08-20 13:44:30,542 pattern_ranker.py:254: 2022-08-23 14:12:52 Inject RCA Result:
[INFO]2026-08-20 13:44:30,542 pattern_ranker.py:255: 2022-08-23 14:12:52 Inject Ground Truth: paymentservice-9cdb6588f-554sm, network_delay
[INFO]2026-08-20 13:44:30,542 pattern_ranker.py:270: 2022-08-23 14:12:52 Inject Ground Truth: paymentservice-9cdb6588f-554sm, network_delay score 1
[INFO]2026-08-20 13:44:30,542 pattern_ranker.py:308: source :paymentservice grpc.hipstershop.PaymentService/Charge start, target: TraceID: <:TRACEID:> SpanID: <:SPANID:> PaymentService#Charge invoked with request<:ITEM:>, score: 1.0, deepth: 5, pod paymentservice-9cdb6588f-554sm, resource alert NetworkP90(ms)
[INFO]2026-08-20 13:44:30,542 pattern_ranker.py:311: source :TraceID: <:TRACEID:> SpanID: <:SPANID:> Received conversion request, target: currencyservice hipstershop.CurrencyService/GetCurrencyData start, score: 0.725, deepth: 3, pod currencyservice-cf787dd48-vpjrd
[INFO]2026-08-20 13:44:30,542 pattern_ranker.py:320: 
[INFO]2026-08-20 13:44:47,139 data_integrate.py:486: [{'pod': 'paymentservice-9cdb6588f-554sm', 'alarm': [{'metric_type': 'CpuUsageRate(%)', 'alarm_flag': True}]}, {'pod': 'adservice-5f6585d649-fnmft', 'alarm': [{'metric_type': 'MemoryUsageRate(%)', 'alarm_flag': True}]}]
[INFO]2026-08-20 13:45:18,504 data_integrate.py:555: Data Integrate Complete!
[INFO]2026-08-20 13:45:18,716 pattern_ranker.py:192: Soted Result List: [{'events': '165_48', 'score': 1.0, 'deepth': 5, 'pod': 'paymentservice-9cdb6588f-554sm', 'resource': 'CpuUsageRate(%)'}, {'events': '23_100', 'score': 0.6744186046511628, 'deepth': 3, 'pod': 'currencyservice-cf787dd48-vpjrd'}]
[INFO]2026-08-20 13:45:18,822 pattern_ranker.py:254: 2022-08-23 14:21:54 Inject RCA Result:
[INFO]2026-08-20 13:45:18,822 pattern_ranker.py:255: 2022-08-23 14:21:54 Inject Ground Truth: paymentservice-9cdb6588f-554sm, cpu_contention
[INFO]2026-08-20 13:45:18,822 pattern_ranker.py:270: 2022-08-23 14:21:54 Inject Ground Truth: paymentservice-9cdb6588f-554sm, cpu_contention score 1
[INFO]2026-08-20 13:45:18,822 pattern_ranker.py:308: source :paymentservice grpc.hipstershop.PaymentService/Charge start, target: TraceID: <:TRACEID:> SpanID: <:SPANID:> PaymentService#Charge invoked with request<:ITEM:>, score: 1.0, deepth: 5, pod paymentservice-9cdb6588f-554sm, resource alert CpuUsageRate(%)
[INFO]2026-08-20 13:45:18,822 pattern_ranker.py:311: source :TraceID: <:TRACEID:> SpanID: <:SPANID:> Received conversion request, target: currencyservice hipstershop.CurrencyService/GetCurrencyData start, score: 0.6744186046511628, deepth: 3, pod currencyservice-cf787dd48-vpjrd
[INFO]2026-08-20 13:45:18,822 pattern_ranker.py:320: 
[INFO]2026-08-20 13:45:33,065 data_integrate.py:486: [{'pod': 'adservice-5f6585d649-fnmft', 'alarm': [{'metric_type': 'MemoryUsageRate(%)', 'alarm_flag': True}]}]
[INFO]2026-08-20 13:45:56,467 data_integrate.py:555: Data Integrate Complete!
[INFO]2026-08-20 13:45:56,638 pattern_ranker.py:192: Soted Result List: [{'events': '24_100', 'score': 0.7, 'deepth': 3, 'pod': 'currencyservice-cf787dd48-vpjrd'}]
[INFO]2026-08-20 13:45:56,733 pattern_ranker.py:254: 2022-08-23 14:30:10 Inject RCA Result:
[INFO]2026-08-20 13:45:56,733 pattern_ranker.py:255: 2022-08-23 14:30:10 Inject Ground Truth: productcatalogservice-668d5f85fb-jhwx9, network_delay
[INFO]2026-08-20 13:45:56,733 pattern_ranker.py:311: source :TraceID: <:TRACEID:> SpanID: <:SPANID:> Getting supported currencies..., target: currencyservice hipstershop.CurrencyService/GetCurrencyData start, score: 0.7, deepth: 3, pod currencyservice-cf787dd48-vpjrd
[INFO]2026-08-20 13:45:56,733 pattern_ranker.py:320: 
[INFO]2026-08-20 13:46:00,444 data_integrate.py:486: [{'pod': 'adservice-5f6585d649-fnmft', 'alarm': [{'metric_type': 'MemoryUsageRate(%)', 'alarm_flag': True}]}]
[INFO]2026-08-20 13:46:15,028 data_integrate.py:555: Data Integrate Complete!
[INFO]2026-08-20 13:46:17,002 pattern_ranker.py:192: Soted Result List: [{'events': '8_214', 'score': 1.0, 'deepth': 7, 'pod': 'productcatalogservice-668d5f85fb-jhwx9'}, {'events': '69_158', 'score': 1.0, 'deepth': 5, 'pod': 'checkoutservice-578fcf4766-9csqn'}, {'events': '120_198', 'score': 1.0, 'deepth': 4, 'pod': 'adservice-5f6585d649-fnmft', 'resource': 'MemoryUsageRate(%)'}, {'events': '28_120', 'score': 1.0, 'deepth': 4, 'pod': 'adservice-5f6585d649-fnmft', 'resource': 'MemoryUsageRate(%)'}, {'events': '24_100', 'score': 1.0, 'deepth': 3, 'pod': 'currencyservice-cf787dd48-vpjrd'}, {'events': '38_84', 'score': 1.0, 'deepth': 1, 'pod': 'frontend-579b9bff58-t2dbm'}, {'events': '18_17', 'score': 1.0, 'deepth': 1, 'pod': 'frontend-579b9bff58-t2dbm'}, {'events': '18_80', 'score': 1.0, 'deepth': 1, 'pod': 'frontend-579b9bff58-t2dbm'}, {'events': '18_82', 'score': 1.0, 'deepth': 1, 'pod': 'frontend-579b9bff58-t2dbm'}, {'events': '18_84', 'score': 1.0, 'deepth': 1, 'pod': 'frontend-579b9bff58-t2dbm'}, {'events': '18_86', 'score': 1.0, 'deepth': 1, 'pod': 'frontend-579b9bff58-t2dbm'}, {'events': '16_15', 'score': 1.0, 'deepth': 1, 'pod': 'frontend-579b9bff58-t2dbm'}, {'events': '38_37', 'score': 1.0, 'deepth': 1, 'pod': 'frontend-579b9bff58-t2dbm'}, {'events': '38_124', 'score': 1.0, 'deepth': 1, 'pod': 'frontend-579b9bff58-t2dbm'}, {'events': '3_2', 'score': 1.0, 'deepth': 1, 'pod': 'frontend-579b9bff58-t2dbm'}, {'events': '3_167', 'score': 1.0, 'deepth': 1, 'pod': 'frontend-579b9bff58-t2dbm'}, {'events': '38_78', 'score': 0.9027595269382391, 'deepth': 1, 'pod': 'frontend-579b9bff58-t2dbm'}, {'events': '49_78', 'score': 0.8653846153846154, 'deepth': 1, 'pod': 'frontend-579b9bff58-t2dbm'}, {'events': '18_78', 'score': 0.8551319648093841, 'deepth': 1, 'pod': 'frontend-579b9bff58-t2dbm'}, {'events': '23_100', 'score': 0.8529411764705882, 'deepth': 3, 'pod': 'currencyservice-cf787dd48-vpjrd'}, {'events': '23_106', 'score': 0.694478527607362, 'deepth': 3, 'pod': 'currencyservice-cf787dd48-vpjrd'}]
[INFO]2026-08-20 13:46:17,095 pattern_ranker.py:254: 2022-08-23 14:47:40 Inject RCA Result:
[INFO]2026-08-20 13:46:17,095 pattern_ranker.py:255: 2022-08-23 14:47:40 Inject Ground Truth: productcatalogservice-668d5f85fb-jhwx9, return
[INFO]2026-08-20 13:46:17,095 pattern_ranker.py:286: 2022-08-23 14:47:40 Inject Ground Truth: productcatalogservice-668d5f85fb-jhwx9, return score 1
[INFO]2026-08-20 13:46:17,095 pattern_ranker.py:311: source :TraceID: <:TRACEID:> SpanID: <:SPANID:> Query product with name and description <:*:>, target: TraceID: <:TRACEID:> SpanID: <:SPANID:> Query product successfully, score: 1.0, deepth: 7, pod productcatalogservice-668d5f85fb-jhwx9
[INFO]2026-08-20 13:46:17,096 pattern_ranker.py:316: actual pattern source :TraceID: <:TRACEID:> SpanID: <:SPANID:> Query product with name and description <:*:>, target: TraceID: <:TRACEID:> SpanID: <:SPANID:> No product with ID <:PRODUCTID:>
[INFO]2026-08-20 13:46:17,096 pattern_ranker.py:311: source :TraceID: <:TRACEID:> SpanID: <:SPANID:> Start query cost of products<:ITEM:>, target: checkoutservice hipstershop.CheckoutService/ConvertCurrency start, score: 1.0, deepth: 5, pod checkoutservice-578fcf4766-9csqn
[INFO]2026-08-20 13:46:17,096 pattern_ranker.py:316: actual pattern source :TraceID: <:TRACEID:> SpanID: <:SPANID:> Start query cost of products<:ITEM:>, target: TraceID: <:TRACEID:> SpanID: <:SPANID:> Failed to get product #"<:PRODUCTID:>"
[INFO]2026-08-20 13:46:17,096 pattern_ranker.py:308: source :adservice hipstershop.AdService/<:SPANID:> start, target: MemoryUsageRate(%), score: 1.0, deepth: 4, pod adservice-5f6585d649-fnmft, resource alert MemoryUsageRate(%)
[INFO]2026-08-20 13:46:17,096 pattern_ranker.py:308: source :<:NUM:>:<:NUM:>:<:NUM:>.<:NUM:> INFO - TraceID: <:TRACEID:> SpanID: <:SPANID:> Received ad request (context words=<:ITEM:>, target: adservice hipstershop.AdService/<:SPANID:> start, score: 1.0, deepth: 4, pod adservice-5f6585d649-fnmft, resource alert MemoryUsageRate(%)
[INFO]2026-08-20 13:46:17,096 pattern_ranker.py:311: source :TraceID: <:TRACEID:> SpanID: <:SPANID:> Getting supported currencies..., target: currencyservice hipstershop.CurrencyService/GetCurrencyData start, score: 1.0, deepth: 3, pod currencyservice-cf787dd48-vpjrd
[INFO]2026-08-20 13:46:17,096 pattern_ranker.py:311: source :TraceID: <:TRACEID:> SpanID: <:SPANID:> View user cart start, target: frontend hipstershop.CurrencyService/Convert start, score: 1.0, deepth: 1, pod frontend-579b9bff58-t2dbm
[INFO]2026-08-20 13:46:17,096 pattern_ranker.py:316: actual pattern source :TraceID: <:TRACEID:> SpanID: <:SPANID:> View user cart start, target: TraceID: <:TRACEID:> SpanID: <:SPANID:> Failed to get product recommendations
[INFO]2026-08-20 13:46:17,096 pattern_ranker.py:311: source :TraceID: <:TRACEID:> SpanID: <:SPANID:> Serving product page started, target: TraceID: <:TRACEID:> SpanID: <:SPANID:> Choose Ad started, score: 1.0, deepth: 1, pod frontend-579b9bff58-t2dbm
[INFO]2026-08-20 13:46:17,096 pattern_ranker.py:316: actual pattern source :TraceID: <:TRACEID:> SpanID: <:SPANID:> Serving product page started, target: TraceID: <:TRACEID:> SpanID: <:SPANID:> Could not retrieve product
[INFO]2026-08-20 13:46:17,096 pattern_ranker.py:311: source :TraceID: <:TRACEID:> SpanID: <:SPANID:> Serving product page started, target: frontend hipstershop.CurrencyService/GetSupportedCurrencies start, score: 1.0, deepth: 1, pod frontend-579b9bff58-t2dbm
[INFO]2026-08-20 13:46:17,097 pattern_ranker.py:316: actual pattern source :TraceID: <:TRACEID:> SpanID: <:SPANID:> Serving product page started, target: TraceID: <:TRACEID:> SpanID: <:SPANID:> Could not retrieve product
[INFO]2026-08-20 13:46:17,097 pattern_ranker.py:311: source :TraceID: <:TRACEID:> SpanID: <:SPANID:> Serving product page started, target: frontend hipstershop.CartService/GetCart start, score: 1.0, deepth: 1, pod frontend-579b9bff58-t2dbm
[INFO]2026-08-20 13:46:17,097 pattern_ranker.py:316: actual pattern source :TraceID: <:TRACEID:> SpanID: <:SPANID:> Serving product page started, target: TraceID: <:TRACEID:> SpanID: <:SPANID:> Could not retrieve product
[INFO]2026-08-20 13:46:17,097 pattern_ranker.py:311: source :TraceID: <:TRACEID:> SpanID: <:SPANID:> Serving product page started, target: frontend hipstershop.CurrencyService/Convert start, score: 1.0, deepth: 1, pod frontend-579b9bff58-t2dbm
[INFO]2026-08-20 13:46:17,097 pattern_ranker.py:316: actual pattern source :TraceID: <:TRACEID:> SpanID: <:SPANID:> Serving product page started, target: TraceID: <:TRACEID:> SpanID: <:SPANID:> Could not retrieve product
[INFO]2026-08-20 13:46:17,097 pattern_ranker.py:320: 
[INFO]2026-08-20 13:46:30,462 data_integrate.py:486: [{'pod': 'productcatalogservice-668d5f85fb-jhwx9', 'alarm': [{'metric_type': 'CpuUsageRate(%)', 'alarm_flag': True}]}, {'pod': 'adservice-5f6585d649-fnmft', 'alarm': [{'metric_type': 'MemoryUsageRate(%)', 'alarm_flag': True}]}]
[INFO]2026-08-20 13:46:52,933 data_integrate.py:555: Data Integrate Complete!
[INFO]2026-08-20 13:46:53,660 pattern_ranker.py:192: Soted Result List: [{'events': '90_8', 'score': 1.0, 'deepth': 6, 'pod': 'productcatalogservice-668d5f85fb-jhwx9', 'resource': 'CpuUsageRate(%)'}]
[INFO]2026-08-20 13:46:53,749 pattern_ranker.py:254: 2022-08-23 14:55:55 Inject RCA Result:
[INFO]2026-08-20 13:46:53,749 pattern_ranker.py:255: 2022-08-23 14:55:55 Inject Ground Truth: productcatalogservice-668d5f85fb-jhwx9, cpu_consumed
[INFO]2026-08-20 13:46:53,749 pattern_ranker.py:270: 2022-08-23 14:55:55 Inject Ground Truth: productcatalogservice-668d5f85fb-jhwx9, cpu_consumed score 1
[INFO]2026-08-20 13:46:53,749 pattern_ranker.py:308: source :productcatalogservice hipstershop.ProductCatalogService/GetProduct start, target: TraceID: <:TRACEID:> SpanID: <:SPANID:> Query product with name and description <:*:>, score: 1.0, deepth: 6, pod productcatalogservice-668d5f85fb-jhwx9, resource alert CpuUsageRate(%)
[INFO]2026-08-20 13:46:53,749 pattern_ranker.py:320: 
[INFO]2026-08-20 13:46:57,415 data_integrate.py:486: [{'pod': 'adservice-5f6585d649-fnmft', 'alarm': [{'metric_type': 'MemoryUsageRate(%)', 'alarm_flag': True}]}]
[INFO]2026-08-20 13:47:11,944 data_integrate.py:555: Data Integrate Complete!
[INFO]2026-08-20 13:47:14,243 pattern_ranker.py:192: Soted Result List: [{'events': '8_214', 'score': 1.0, 'deepth': 7, 'pod': 'productcatalogservice-668d5f85fb-jhwx9'}, {'events': '69_158', 'score': 1.0, 'deepth': 5, 'pod': 'checkoutservice-578fcf4766-9csqn'}, {'events': '120_198', 'score': 1.0, 'deepth': 4, 'pod': 'adservice-5f6585d649-fnmft', 'resource': 'MemoryUsageRate(%)'}, {'events': '28_120', 'score': 1.0, 'deepth': 4, 'pod': 'adservice-5f6585d649-fnmft', 'resource': 'MemoryUsageRate(%)'}, {'events': '38_84', 'score': 1.0, 'deepth': 1, 'pod': 'frontend-579b9bff58-t2dbm'}, {'events': '18_17', 'score': 1.0, 'deepth': 1, 'pod': 'frontend-579b9bff58-t2dbm'}, {'events': '18_80', 'score': 1.0, 'deepth': 1, 'pod': 'frontend-579b9bff58-t2dbm'}, {'events': '18_82', 'score': 1.0, 'deepth': 1, 'pod': 'frontend-579b9bff58-t2dbm'}, {'events': '18_84', 'score': 1.0, 'deepth': 1, 'pod': 'frontend-579b9bff58-t2dbm'}, {'events': '18_86', 'score': 1.0, 'deepth': 1, 'pod': 'frontend-579b9bff58-t2dbm'}, {'events': '16_15', 'score': 1.0, 'deepth': 1, 'pod': 'frontend-579b9bff58-t2dbm'}, {'events': '38_37', 'score': 1.0, 'deepth': 1, 'pod': 'frontend-579b9bff58-t2dbm'}, {'events': '38_124', 'score': 1.0, 'deepth': 1, 'pod': 'frontend-579b9bff58-t2dbm'}, {'events': '3_2', 'score': 1.0, 'deepth': 1, 'pod': 'frontend-579b9bff58-t2dbm'}, {'events': '3_167', 'score': 1.0, 'deepth': 1, 'pod': 'frontend-579b9bff58-t2dbm'}, {'events': '49_78', 'score': 0.9574468085106383, 'deepth': 1, 'pod': 'frontend-579b9bff58-t2dbm'}, {'events': '38_78', 'score': 0.9123505976095617, 'deepth': 1, 'pod': 'frontend-579b9bff58-t2dbm'}, {'events': '24_100', 'score': 0.875, 'deepth': 3, 'pod': 'currencyservice-cf787dd48-vpjrd'}, {'events': '23_100', 'score': 0.8529411764705882, 'deepth': 3, 'pod': 'currencyservice-cf787dd48-vpjrd'}, {'events': '18_78', 'score': 0.8476744186046512, 'deepth': 1, 'pod': 'frontend-579b9bff58-t2dbm'}, {'events': '69_68', 'score': 0.8181818181818182, 'deepth': 5, 'pod': 'checkoutservice-578fcf4766-9csqn'}, {'events': '72_63', 'score': 0.8181818181818182, 'deepth': 4, 'pod': 'checkoutservice-578fcf4766-9csqn'}, {'events': '72_160', 'score': 0.8181818181818182, 'deepth': 4, 'pod': 'checkoutservice-578fcf4766-9csqn'}, {'events': '72_158', 'score': 0.8181818181818182, 'deepth': 4, 'pod': 'checkoutservice-578fcf4766-9csqn'}, {'events': '73_60', 'score': 0.8181818181818182, 'deepth': 3, 'pod': 'checkoutservice-578fcf4766-9csqn'}, {'events': '73_162', 'score': 0.8181818181818182, 'deepth': 3, 'pod': 'checkoutservice-578fcf4766-9csqn'}, {'events': '50_49', 'score': 0.8181818181818182, 'deepth': 1, 'pod': 'frontend-579b9bff58-t2dbm'}, {'events': '23_106', 'score': 0.6767636508569151, 'deepth': 3, 'pod': 'currencyservice-cf787dd48-vpjrd'}]
[INFO]2026-08-20 13:47:14,338 pattern_ranker.py:254: 2022-08-23 15:04:28 Inject RCA Result:
[INFO]2026-08-20 13:47:14,338 pattern_ranker.py:255: 2022-08-23 15:04:28 Inject Ground Truth: productcatalogservice-668d5f85fb-jhwx9, exception
[INFO]2026-08-20 13:47:14,339 pattern_ranker.py:286: 2022-08-23 15:04:28 Inject Ground Truth: productcatalogservice-668d5f85fb-jhwx9, exception score 1
[INFO]2026-08-20 13:47:14,339 pattern_ranker.py:311: source :TraceID: <:TRACEID:> SpanID: <:SPANID:> Query product with name and description <:*:>, target: TraceID: <:TRACEID:> SpanID: <:SPANID:> Query product successfully, score: 1.0, deepth: 7, pod productcatalogservice-668d5f85fb-jhwx9
[INFO]2026-08-20 13:47:14,339 pattern_ranker.py:316: actual pattern source :TraceID: <:TRACEID:> SpanID: <:SPANID:> Query product with name and description <:*:>, target: TraceID: <:TRACEID:> SpanID: <:SPANID:> failed to scan mysql query result: Query product error.
[INFO]2026-08-20 13:47:14,339 pattern_ranker.py:311: source :TraceID: <:TRACEID:> SpanID: <:SPANID:> Start query cost of products<:ITEM:>, target: checkoutservice hipstershop.CheckoutService/ConvertCurrency start, score: 1.0, deepth: 5, pod checkoutservice-578fcf4766-9csqn
[INFO]2026-08-20 13:47:14,339 pattern_ranker.py:316: actual pattern source :TraceID: <:TRACEID:> SpanID: <:SPANID:> Start query cost of products<:ITEM:>, target: TraceID: <:TRACEID:> SpanID: <:SPANID:> Failed to get product #"<:PRODUCTID:>"
[INFO]2026-08-20 13:47:14,339 pattern_ranker.py:308: source :adservice hipstershop.AdService/<:SPANID:> start, target: MemoryUsageRate(%), score: 1.0, deepth: 4, pod adservice-5f6585d649-fnmft, resource alert MemoryUsageRate(%)
[INFO]2026-08-20 13:47:14,339 pattern_ranker.py:308: source :<:NUM:>:<:NUM:>:<:NUM:>.<:NUM:> INFO - TraceID: <:TRACEID:> SpanID: <:SPANID:> Received ad request (context words=<:ITEM:>, target: adservice hipstershop.AdService/<:SPANID:> start, score: 1.0, deepth: 4, pod adservice-5f6585d649-fnmft, resource alert MemoryUsageRate(%)
[INFO]2026-08-20 13:47:14,339 pattern_ranker.py:311: source :TraceID: <:TRACEID:> SpanID: <:SPANID:> View user cart start, target: frontend hipstershop.CurrencyService/Convert start, score: 1.0, deepth: 1, pod frontend-579b9bff58-t2dbm
[INFO]2026-08-20 13:47:14,339 pattern_ranker.py:316: actual pattern source :TraceID: <:TRACEID:> SpanID: <:SPANID:> View user cart start, target: TraceID: <:TRACEID:> SpanID: <:SPANID:> Failed to get product recommendations
[INFO]2026-08-20 13:47:14,339 pattern_ranker.py:311: source :TraceID: <:TRACEID:> SpanID: <:SPANID:> Serving product page started, target: TraceID: <:TRACEID:> SpanID: <:SPANID:> Choose Ad started, score: 1.0, deepth: 1, pod frontend-579b9bff58-t2dbm
[INFO]2026-08-20 13:47:14,340 pattern_ranker.py:316: actual pattern source :TraceID: <:TRACEID:> SpanID: <:SPANID:> Serving product page started, target: TraceID: <:TRACEID:> SpanID: <:SPANID:> Could not retrieve product
[INFO]2026-08-20 13:47:14,340 pattern_ranker.py:311: source :TraceID: <:TRACEID:> SpanID: <:SPANID:> Serving product page started, target: frontend hipstershop.CurrencyService/GetSupportedCurrencies start, score: 1.0, deepth: 1, pod frontend-579b9bff58-t2dbm
[INFO]2026-08-20 13:47:14,340 pattern_ranker.py:316: actual pattern source :TraceID: <:TRACEID:> SpanID: <:SPANID:> Serving product page started, target: TraceID: <:TRACEID:> SpanID: <:SPANID:> Could not retrieve product
[INFO]2026-08-20 13:47:14,340 pattern_ranker.py:311: source :TraceID: <:TRACEID:> SpanID: <:SPANID:> Serving product page started, target: frontend hipstershop.CartService/GetCart start, score: 1.0, deepth: 1, pod frontend-579b9bff58-t2dbm
[INFO]2026-08-20 13:47:14,340 pattern_ranker.py:316: actual pattern source :TraceID: <:TRACEID:> SpanID: <:SPANID:> Serving product page started, target: TraceID: <:TRACEID:> SpanID: <:SPANID:> Could not retrieve product
[INFO]2026-08-20 13:47:14,340 pattern_ranker.py:311: source :TraceID: <:TRACEID:> SpanID: <:SPANID:> Serving product page started, target: frontend hipstershop.CurrencyService/Convert start, score: 1.0, deepth: 1, pod frontend-579b9bff58-t2dbm
[INFO]2026-08-20 13:47:14,340 pattern_ranker.py:316: actual pattern source :TraceID: <:TRACEID:> SpanID: <:SPANID:> Serving product page started, target: TraceID: <:TRACEID:> SpanID: <:SPANID:> Could not retrieve product
[INFO]2026-08-20 13:47:14,340 pattern_ranker.py:311: source :TraceID: <:TRACEID:> SpanID: <:SPANID:> Serving product page started, target: frontend hipstershop.RecommendationService/ListRecommendations start, score: 1.0, deepth: 1, pod frontend-579b9bff58-t2dbm
[INFO]2026-08-20 13:47:14,340 pattern_ranker.py:316: actual pattern source :TraceID: <:TRACEID:> SpanID: <:SPANID:> Serving product page started, target: TraceID: <:TRACEID:> SpanID: <:SPANID:> Could not retrieve product
[INFO]2026-08-20 13:47:14,340 pattern_ranker.py:320: 
[INFO]2026-08-20 13:47:29,797 data_integrate.py:486: [{'pod': 'recommendationservice-6cfdd55578-gfj6q', 'alarm': [{'metric_type': 'NetworkP90(ms)', 'alarm_flag': True}]}, {'pod': 'adservice-5f6585d649-fnmft', 'alarm': [{'metric_type': 'MemoryUsageRate(%)', 'alarm_flag': True}]}]
[INFO]2026-08-20 13:47:53,235 data_integrate.py:555: Data Integrate Complete!
[INFO]2026-08-20 13:47:53,374 pattern_ranker.py:192: Soted Result List: [{'events': '108_7', 'score': 1.0, 'deepth': 2, 'pod': 'recommendationservice-6cfdd55578-gfj6q', 'resource': 'NetworkP90(ms)'}]
[INFO]2026-08-20 13:47:53,482 pattern_ranker.py:254: 2022-08-23 15:12:49 Inject RCA Result:
[INFO]2026-08-20 13:47:53,482 pattern_ranker.py:255: 2022-08-23 15:12:49 Inject Ground Truth: recommendationservice-6cfdd55578-gfj6q, network_delay
[INFO]2026-08-20 13:47:53,482 pattern_ranker.py:270: 2022-08-23 15:12:49 Inject Ground Truth: recommendationservice-6cfdd55578-gfj6q, network_delay score 1
[INFO]2026-08-20 13:47:53,482 pattern_ranker.py:308: source :recommendationservice /hipstershop.RecommendationService/ListRecommendations start, target: TraceID: <:TRACEID:> SpanID: <:SPANID:> Query Recommendations, score: 1.0, deepth: 2, pod recommendationservice-6cfdd55578-gfj6q, resource alert NetworkP90(ms)
[INFO]2026-08-20 13:47:53,482 pattern_ranker.py:320: 
[INFO]2026-08-20 13:48:08,102 data_integrate.py:486: [{'pod': 'recommendationservice-6cfdd55578-gfj6q', 'alarm': [{'metric_type': 'CpuUsageRate(%)', 'alarm_flag': True}]}, {'pod': 'adservice-5f6585d649-fnmft', 'alarm': [{'metric_type': 'MemoryUsageRate(%)', 'alarm_flag': True}]}]
[INFO]2026-08-20 13:48:27,565 data_integrate.py:555: Data Integrate Complete!
[INFO]2026-08-20 13:48:27,817 pattern_ranker.py:192: Soted Result List: [{'events': '108_7', 'score': 1.0, 'deepth': 2, 'pod': 'recommendationservice-6cfdd55578-gfj6q', 'resource': 'CpuUsageRate(%)'}, {'events': '24_100', 'score': 0.7368421052631579, 'deepth': 3, 'pod': 'currencyservice-cf787dd48-vpjrd'}]
[INFO]2026-08-20 13:48:27,906 pattern_ranker.py:254: 2022-08-23 15:21:41 Inject RCA Result:
[INFO]2026-08-20 13:48:27,907 pattern_ranker.py:255: 2022-08-23 15:21:41 Inject Ground Truth: recommendationservice-6cfdd55578-gfj6q, cpu_contention
[INFO]2026-08-20 13:48:27,907 pattern_ranker.py:270: 2022-08-23 15:21:41 Inject Ground Truth: recommendationservice-6cfdd55578-gfj6q, cpu_contention score 1
[INFO]2026-08-20 13:48:27,907 pattern_ranker.py:308: source :recommendationservice /hipstershop.RecommendationService/ListRecommendations start, target: TraceID: <:TRACEID:> SpanID: <:SPANID:> Query Recommendations, score: 1.0, deepth: 2, pod recommendationservice-6cfdd55578-gfj6q, resource alert CpuUsageRate(%)
[INFO]2026-08-20 13:48:27,907 pattern_ranker.py:311: source :TraceID: <:TRACEID:> SpanID: <:SPANID:> Getting supported currencies..., target: currencyservice hipstershop.CurrencyService/GetCurrencyData start, score: 0.7368421052631579, deepth: 3, pod currencyservice-cf787dd48-vpjrd
[INFO]2026-08-20 13:48:27,907 pattern_ranker.py:320: 
[INFO]2026-08-20 13:48:35,667 data_integrate.py:486: [{'pod': 'recommendationservice-6cfdd55578-gfj6q', 'alarm': [{'metric_type': 'CpuUsageRate(%)', 'alarm_flag': True}]}, {'pod': 'adservice-5f6585d649-fnmft', 'alarm': [{'metric_type': 'MemoryUsageRate(%)', 'alarm_flag': True}]}]
[INFO]2026-08-20 13:48:46,741 data_integrate.py:555: Data Integrate Complete!
[INFO]2026-08-20 13:48:47,832 pattern_ranker.py:192: Soted Result List: [{'events': '108_7', 'score': 1.0, 'deepth': 2, 'pod': 'recommendationservice-6cfdd55578-gfj6q', 'resource': 'CpuUsageRate(%)'}, {'events': '24_100', 'score': 0.7777777777777778, 'deepth': 3, 'pod': 'currencyservice-cf787dd48-vpjrd'}, {'events': '69_146', 'score': 0.7666666666666667, 'deepth': 5, 'pod': 'checkoutservice-578fcf4766-9csqn'}, {'events': '69_158', 'score': 0.7666666666666667, 'deepth': 5, 'pod': 'checkoutservice-578fcf4766-9csqn'}, {'events': '4_50', 'score': 0.6923076923076923, 'deepth': 1, 'pod': 'frontend-579b9bff58-t2dbm'}, {'events': '28_208', 'score': 0.675, 'deepth': 4, 'pod': 'adservice-5f6585d649-fnmft', 'resource': 'MemoryUsageRate(%)'}, {'events': '4_42', 'score': 0.675, 'deepth': 1, 'pod': 'frontend-579b9bff58-t2dbm'}, {'events': '16_41', 'score': 0.675, 'deepth': 1, 'pod': 'frontend-579b9bff58-t2dbm'}, {'events': '4_18', 'score': 0.6712707182320442, 'deepth': 1, 'pod': 'frontend-579b9bff58-t2dbm'}]
[INFO]2026-08-20 13:48:47,893 pattern_ranker.py:254: 2022-08-23 15:29:49 Inject RCA Result:
[INFO]2026-08-20 13:48:47,893 pattern_ranker.py:255: 2022-08-23 15:29:49 Inject Ground Truth: recommendationservice-6cfdd55578-gfj6q, cpu_consumed
[INFO]2026-08-20 13:48:47,893 pattern_ranker.py:270: 2022-08-23 15:29:49 Inject Ground Truth: recommendationservice-6cfdd55578-gfj6q, cpu_consumed score 1
[INFO]2026-08-20 13:48:47,893 pattern_ranker.py:308: source :recommendationservice /hipstershop.RecommendationService/ListRecommendations start, target: TraceID: <:TRACEID:> SpanID: <:SPANID:> Query Recommendations, score: 1.0, deepth: 2, pod recommendationservice-6cfdd55578-gfj6q, resource alert CpuUsageRate(%)
[INFO]2026-08-20 13:48:47,893 pattern_ranker.py:311: source :TraceID: <:TRACEID:> SpanID: <:SPANID:> Getting supported currencies..., target: currencyservice hipstershop.CurrencyService/GetCurrencyData start, score: 0.7777777777777778, deepth: 3, pod currencyservice-cf787dd48-vpjrd
[INFO]2026-08-20 13:48:47,893 pattern_ranker.py:311: source :TraceID: <:TRACEID:> SpanID: <:SPANID:> Start query cost of products<:ITEM:>, target: checkoutservice hipstershop.ProductCatalogService/GetProduct start, score: 0.7666666666666667, deepth: 5, pod checkoutservice-578fcf4766-9csqn
[INFO]2026-08-20 13:48:47,893 pattern_ranker.py:311: source :TraceID: <:TRACEID:> SpanID: <:SPANID:> Start query cost of products<:ITEM:>, target: checkoutservice hipstershop.CheckoutService/ConvertCurrency start, score: 0.7666666666666667, deepth: 5, pod checkoutservice-578fcf4766-9csqn
[INFO]2026-08-20 13:48:47,893 pattern_ranker.py:311: source :TraceID: <:TRACEID:> SpanID: <:SPANID:> Request started, target: TraceID: <:TRACEID:> SpanID: <:SPANID:> Placing order started, score: 0.6923076923076923, deepth: 1, pod frontend-579b9bff58-t2dbm
[INFO]2026-08-20 13:48:47,894 pattern_ranker.py:308: source :<:NUM:>:<:NUM:>:<:NUM:>.<:NUM:> INFO - TraceID: <:TRACEID:> SpanID: <:SPANID:> Received ad request (context words=<:ITEM:>, target: <:NUM:>:<:NUM:>:<:NUM:>.<:NUM:> INFO - TraceID: <:TRACEID:> SpanID: <:SPANID:> No context provided. Constructe random Ads start, score: 0.675, deepth: 4, pod adservice-5f6585d649-fnmft, resource alert MemoryUsageRate(%)
[INFO]2026-08-20 13:48:47,894 pattern_ranker.py:311: source :TraceID: <:TRACEID:> SpanID: <:SPANID:> Request started, target: TraceID: <:TRACEID:> SpanID: <:SPANID:> Request home started, score: 0.675, deepth: 1, pod frontend-579b9bff58-t2dbm
[INFO]2026-08-20 13:48:47,894 pattern_ranker.py:311: source :TraceID: <:TRACEID:> SpanID: <:SPANID:> Choose Ad complete, target: TraceID: <:TRACEID:> SpanID: <:SPANID:> Request home complete, score: 0.675, deepth: 1, pod frontend-579b9bff58-t2dbm
[INFO]2026-08-20 13:48:47,894 pattern_ranker.py:311: source :TraceID: <:TRACEID:> SpanID: <:SPANID:> Request started, target: TraceID: <:TRACEID:> SpanID: <:SPANID:> Serving product page started, score: 0.6712707182320442, deepth: 1, pod frontend-579b9bff58-t2dbm
[INFO]2026-08-20 13:48:47,894 pattern_ranker.py:320: 
[INFO]2026-08-20 13:49:05,201 data_integrate.py:486: [{'pod': 'adservice-5f6585d649-fnmft', 'alarm': [{'metric_type': 'MemoryUsageRate(%)', 'alarm_flag': True}]}, {'pod': 'shippingservice-7b598fc7d-lmggd', 'alarm': [{'metric_type': 'NetworkP90(ms)', 'alarm_flag': True}]}]
[INFO]2026-08-20 13:49:32,256 data_integrate.py:555: Data Integrate Complete!
[INFO]2026-08-20 13:49:32,807 pattern_ranker.py:192: Soted Result List: [{'events': '130_34', 'score': 1.0, 'deepth': 8, 'pod': 'shippingservice-7b598fc7d-lmggd', 'resource': 'NetworkP90(ms)'}, {'events': '24_100', 'score': 0.8235294117647058, 'deepth': 3, 'pod': 'currencyservice-cf787dd48-vpjrd'}]
[INFO]2026-08-20 13:49:32,908 pattern_ranker.py:254: 2022-08-23 15:38:52 Inject RCA Result:
[INFO]2026-08-20 13:49:32,909 pattern_ranker.py:255: 2022-08-23 15:38:52 Inject Ground Truth: shippingservice-7b598fc7d-lmggd, network_delay
[INFO]2026-08-20 13:49:32,909 pattern_ranker.py:270: 2022-08-23 15:38:52 Inject Ground Truth: shippingservice-7b598fc7d-lmggd, network_delay score 1
[INFO]2026-08-20 13:49:32,909 pattern_ranker.py:308: source :shippingservice hipstershop.ShippingService/QuoteByCountFloat start, target: TraceID: <:TRACEID:> SpanID: <:SPANID:>[QuoteByCountFloat] received request, score: 1.0, deepth: 8, pod shippingservice-7b598fc7d-lmggd, resource alert NetworkP90(ms)
[INFO]2026-08-20 13:49:32,909 pattern_ranker.py:311: source :TraceID: <:TRACEID:> SpanID: <:SPANID:> Getting supported currencies..., target: currencyservice hipstershop.CurrencyService/GetCurrencyData start, score: 0.8235294117647058, deepth: 3, pod currencyservice-cf787dd48-vpjrd
[INFO]2026-08-20 13:49:32,909 pattern_ranker.py:320: 
[INFO]2026-08-20 13:49:50,859 data_integrate.py:486: [{'pod': 'adservice-5f6585d649-fnmft', 'alarm': [{'metric_type': 'MemoryUsageRate(%)', 'alarm_flag': True}]}, {'pod': 'shippingservice-7b598fc7d-lmggd', 'alarm': [{'metric_type': 'CpuUsageRate(%)', 'alarm_flag': True}]}]
[INFO]2026-08-20 13:50:16,331 data_integrate.py:555: Data Integrate Complete!
[INFO]2026-08-20 13:50:16,758 pattern_ranker.py:192: Soted Result List: [{'events': '130_34', 'score': 1.0, 'deepth': 8, 'pod': 'shippingservice-7b598fc7d-lmggd', 'resource': 'CpuUsageRate(%)'}]
[INFO]2026-08-20 13:50:16,870 pattern_ranker.py:254: 2022-08-23 15:47:43 Inject RCA Result:
[INFO]2026-08-20 13:50:16,870 pattern_ranker.py:255: 2022-08-23 15:47:43 Inject Ground Truth: shippingservice-7b598fc7d-lmggd, cpu_contention
[INFO]2026-08-20 13:50:16,870 pattern_ranker.py:270: 2022-08-23 15:47:43 Inject Ground Truth: shippingservice-7b598fc7d-lmggd, cpu_contention score 1
[INFO]2026-08-20 13:50:16,870 pattern_ranker.py:308: source :shippingservice hipstershop.ShippingService/QuoteByCountFloat start, target: TraceID: <:TRACEID:> SpanID: <:SPANID:>[QuoteByCountFloat] received request, score: 1.0, deepth: 8, pod shippingservice-7b598fc7d-lmggd, resource alert CpuUsageRate(%)
[INFO]2026-08-20 13:50:16,870 pattern_ranker.py:320: 
[INFO]2026-08-20 13:50:34,159 data_integrate.py:486: [{'pod': 'adservice-5f6585d649-fnmft', 'alarm': [{'metric_type': 'MemoryUsageRate(%)', 'alarm_flag': True}]}, {'pod': 'shippingservice-7b598fc7d-lmggd', 'alarm': [{'metric_type': 'CpuUsageRate(%)', 'alarm_flag': True}]}]
[INFO]2026-08-20 13:51:00,174 data_integrate.py:555: Data Integrate Complete!
[INFO]2026-08-20 13:51:00,592 pattern_ranker.py:192: Soted Result List: [{'events': '130_34', 'score': 1.0, 'deepth': 8, 'pod': 'shippingservice-7b598fc7d-lmggd', 'resource': 'CpuUsageRate(%)'}]
[INFO]2026-08-20 13:51:00,698 pattern_ranker.py:254: 2022-08-23 15:56:24 Inject RCA Result:
[INFO]2026-08-20 13:51:00,698 pattern_ranker.py:255: 2022-08-23 15:56:24 Inject Ground Truth: shippingservice-7b598fc7d-lmggd, cpu_consumed
[INFO]2026-08-20 13:51:00,698 pattern_ranker.py:270: 2022-08-23 15:56:24 Inject Ground Truth: shippingservice-7b598fc7d-lmggd, cpu_consumed score 1
[INFO]2026-08-20 13:51:00,698 pattern_ranker.py:308: source :shippingservice hipstershop.ShippingService/QuoteByCountFloat start, target: TraceID: <:TRACEID:> SpanID: <:SPANID:>[QuoteByCountFloat] received request, score: 1.0, deepth: 8, pod shippingservice-7b598fc7d-lmggd, resource alert CpuUsageRate(%)
[INFO]2026-08-20 13:51:00,698 pattern_ranker.py:320: 
[INFO]2026-08-20 13:51:15,572 data_integrate.py:486: [{'pod': 'adservice-5f6585d649-fnmft', 'alarm': [{'metric_type': 'MemoryUsageRate(%)', 'alarm_flag': True}]}]
[INFO]2026-08-20 13:51:38,213 data_integrate.py:555: Data Integrate Complete!
[INFO]2026-08-20 13:51:38,499 pattern_ranker.py:192: Soted Result List: [{'events': '24_100', 'score': 0.7, 'deepth': 3, 'pod': 'currencyservice-cf787dd48-vpjrd'}, {'events': '23_100', 'score': 0.6744186046511628, 'deepth': 3, 'pod': 'currencyservice-cf787dd48-vpjrd'}]
[INFO]2026-08-20 13:51:38,603 pattern_ranker.py:254: 2022-08-23 16:05:02 Inject RCA Result:
[INFO]2026-08-20 13:51:38,603 pattern_ranker.py:255: 2022-08-23 16:05:02 Inject Ground Truth: adservice-5f6585d649-fnmft, network_delay
[INFO]2026-08-20 13:51:38,603 pattern_ranker.py:311: source :TraceID: <:TRACEID:> SpanID: <:SPANID:> Getting supported currencies..., target: currencyservice hipstershop.CurrencyService/GetCurrencyData start, score: 0.7, deepth: 3, pod currencyservice-cf787dd48-vpjrd
[INFO]2026-08-20 13:51:38,603 pattern_ranker.py:311: source :TraceID: <:TRACEID:> SpanID: <:SPANID:> Received conversion request, target: currencyservice hipstershop.CurrencyService/GetCurrencyData start, score: 0.6744186046511628, deepth: 3, pod currencyservice-cf787dd48-vpjrd
[INFO]2026-08-20 13:51:38,603 pattern_ranker.py:320: 
[INFO]2026-08-20 13:51:55,358 data_integrate.py:486: [{'pod': 'adservice-5f6585d649-fnmft', 'alarm': [{'metric_type': 'MemoryUsageRate(%)', 'alarm_flag': True}]}]
[INFO]2026-08-20 13:52:20,531 data_integrate.py:555: Data Integrate Complete!
[INFO]2026-08-20 13:52:21,012 pattern_ranker.py:192: Soted Result List: [{'events': '28_208', 'score': 1.0, 'deepth': 4, 'pod': 'adservice-5f6585d649-fnmft', 'resource': 'MemoryUsageRate(%)'}, {'events': '16_41', 'score': 1.0, 'deepth': 1, 'pod': 'frontend-579b9bff58-t2dbm'}]
[INFO]2026-08-20 13:52:21,114 pattern_ranker.py:254: 2022-08-23 16:13:38 Inject RCA Result:
[INFO]2026-08-20 13:52:21,114 pattern_ranker.py:255: 2022-08-23 16:13:38 Inject Ground Truth: adservice-5f6585d649-fnmft, return
[INFO]2026-08-20 13:52:21,114 pattern_ranker.py:286: 2022-08-23 16:13:38 Inject Ground Truth: adservice-5f6585d649-fnmft, return score 1
[INFO]2026-08-20 13:52:21,114 pattern_ranker.py:308: source :<:NUM:>:<:NUM:>:<:NUM:>.<:NUM:> INFO - TraceID: <:TRACEID:> SpanID: <:SPANID:> Received ad request (context words=<:ITEM:>, target: <:NUM:>:<:NUM:>:<:NUM:>.<:NUM:> INFO - TraceID: <:TRACEID:> SpanID: <:SPANID:> No context provided. Constructe random Ads start, score: 1.0, deepth: 4, pod adservice-5f6585d649-fnmft, resource alert MemoryUsageRate(%)
[INFO]2026-08-20 13:52:21,114 pattern_ranker.py:311: source :TraceID: <:TRACEID:> SpanID: <:SPANID:> Choose Ad complete, target: TraceID: <:TRACEID:> SpanID: <:SPANID:> Request home complete, score: 1.0, deepth: 1, pod frontend-579b9bff58-t2dbm
[INFO]2026-08-20 13:52:21,114 pattern_ranker.py:320: 
[INFO]2026-08-20 13:52:38,961 data_integrate.py:486: [{'pod': 'adservice-5f6585d649-fnmft', 'alarm': [{'metric_type': 'MemoryUsageRate(%)', 'alarm_flag': True}]}]
[INFO]2026-08-20 13:53:11,615 data_integrate.py:555: Data Integrate Complete!
[INFO]2026-08-20 13:53:12,118 pattern_ranker.py:192: Soted Result List: [{'events': '28_208', 'score': 1.0, 'deepth': 4, 'pod': 'adservice-5f6585d649-fnmft', 'resource': 'MemoryUsageRate(%)'}, {'events': '16_41', 'score': 1.0, 'deepth': 1, 'pod': 'frontend-579b9bff58-t2dbm'}]
[INFO]2026-08-20 13:53:12,219 pattern_ranker.py:254: 2022-08-23 16:22:53 Inject RCA Result:
[INFO]2026-08-20 13:53:12,220 pattern_ranker.py:255: 2022-08-23 16:22:53 Inject Ground Truth: adservice-5f6585d649-fnmft, exception
[INFO]2026-08-20 13:53:12,220 pattern_ranker.py:286: 2022-08-23 16:22:53 Inject Ground Truth: adservice-5f6585d649-fnmft, exception score 1
[INFO]2026-08-20 13:53:12,220 pattern_ranker.py:308: source :<:NUM:>:<:NUM:>:<:NUM:>.<:NUM:> INFO - TraceID: <:TRACEID:> SpanID: <:SPANID:> Received ad request (context words=<:ITEM:>, target: <:NUM:>:<:NUM:>:<:NUM:>.<:NUM:> INFO - TraceID: <:TRACEID:> SpanID: <:SPANID:> No context provided. Constructe random Ads start, score: 1.0, deepth: 4, pod adservice-5f6585d649-fnmft, resource alert MemoryUsageRate(%)
[INFO]2026-08-20 13:53:12,220 pattern_ranker.py:311: source :TraceID: <:TRACEID:> SpanID: <:SPANID:> Choose Ad complete, target: TraceID: <:TRACEID:> SpanID: <:SPANID:> Request home complete, score: 1.0, deepth: 1, pod frontend-579b9bff58-t2dbm
[INFO]2026-08-20 13:53:12,220 pattern_ranker.py:320: 
[INFO]2026-08-20 13:53:25,603 data_integrate.py:486: [{'pod': 'adservice-5f6585d649-fnmft', 'alarm': [{'metric_type': 'CpuUsageRate(%)', 'alarm_flag': True}]}]
[INFO]2026-08-20 13:53:45,230 data_integrate.py:555: Data Integrate Complete!
[INFO]2026-08-20 13:53:45,953 pattern_ranker.py:192: Soted Result List: [{'events': '120_198', 'score': 1.0, 'deepth': 4, 'pod': 'adservice-5f6585d649-fnmft', 'resource': 'CpuUsageRate(%)'}, {'events': '24_100', 'score': 0.8235294117647058, 'deepth': 3, 'pod': 'currencyservice-cf787dd48-vpjrd'}, {'events': '16_41', 'score': 0.8059701492537313, 'deepth': 1, 'pod': 'frontend-579b9bff58-t2dbm'}, {'events': '17_16', 'score': 0.6988235294117647, 'deepth': 1, 'pod': 'frontend-579b9bff58-t2dbm'}, {'events': '23_100', 'score': 0.6904761904761905, 'deepth': 3, 'pod': 'currencyservice-cf787dd48-vpjrd'}]
[INFO]2026-08-20 13:53:46,048 pattern_ranker.py:254: 2022-08-23 16:31:35 Inject RCA Result:
[INFO]2026-08-20 13:53:46,048 pattern_ranker.py:255: 2022-08-23 16:31:35 Inject Ground Truth: adservice-5f6585d649-fnmft, cpu_contention
[INFO]2026-08-20 13:53:46,048 pattern_ranker.py:270: 2022-08-23 16:31:35 Inject Ground Truth: adservice-5f6585d649-fnmft, cpu_contention score 1
[INFO]2026-08-20 13:53:46,048 pattern_ranker.py:308: source :adservice hipstershop.AdService/<:SPANID:> start, target: MemoryUsageRate(%), score: 1.0, deepth: 4, pod adservice-5f6585d649-fnmft, resource alert CpuUsageRate(%)
[INFO]2026-08-20 13:53:46,048 pattern_ranker.py:311: source :TraceID: <:TRACEID:> SpanID: <:SPANID:> Getting supported currencies..., target: currencyservice hipstershop.CurrencyService/GetCurrencyData start, score: 0.8235294117647058, deepth: 3, pod currencyservice-cf787dd48-vpjrd
[INFO]2026-08-20 13:53:46,048 pattern_ranker.py:311: source :TraceID: <:TRACEID:> SpanID: <:SPANID:> Choose Ad complete, target: TraceID: <:TRACEID:> SpanID: <:SPANID:> Request home complete, score: 0.8059701492537313, deepth: 1, pod frontend-579b9bff58-t2dbm
[INFO]2026-08-20 13:53:46,049 pattern_ranker.py:311: source :TraceID: <:TRACEID:> SpanID: <:SPANID:> Choose Ad started, target: TraceID: <:TRACEID:> SpanID: <:SPANID:> Choose Ad complete, score: 0.6988235294117647, deepth: 1, pod frontend-579b9bff58-t2dbm
[INFO]2026-08-20 13:53:46,049 pattern_ranker.py:316: actual pattern source :TraceID: <:TRACEID:> SpanID: <:SPANID:> Choose Ad started, target: TraceID: <:TRACEID:> SpanID: <:SPANID:> Failed to retrieve ads
[INFO]2026-08-20 13:53:46,049 pattern_ranker.py:311: source :TraceID: <:TRACEID:> SpanID: <:SPANID:> Received conversion request, target: currencyservice hipstershop.CurrencyService/GetCurrencyData start, score: 0.6904761904761905, deepth: 3, pod currencyservice-cf787dd48-vpjrd
[INFO]2026-08-20 13:53:46,049 pattern_ranker.py:320: 
[INFO]2026-08-20 13:54:03,560 data_integrate.py:486: [{'pod': 'adservice-5f6585d649-fnmft', 'alarm': [{'metric_type': 'CpuUsageRate(%)', 'alarm_flag': True}]}]
[INFO]2026-08-20 13:54:34,699 data_integrate.py:555: Data Integrate Complete!
[INFO]2026-08-20 13:54:35,052 pattern_ranker.py:192: Soted Result List: [{'events': '120_198', 'score': 1.0, 'deepth': 4, 'pod': 'adservice-5f6585d649-fnmft', 'resource': 'CpuUsageRate(%)'}]
[INFO]2026-08-20 13:54:35,165 pattern_ranker.py:254: 2022-08-23 16:40:57 Inject RCA Result:
[INFO]2026-08-20 13:54:35,166 pattern_ranker.py:255: 2022-08-23 16:40:57 Inject Ground Truth: adservice-5f6585d649-fnmft, cpu_consumed
[INFO]2026-08-20 13:54:35,166 pattern_ranker.py:270: 2022-08-23 16:40:57 Inject Ground Truth: adservice-5f6585d649-fnmft, cpu_consumed score 1
[INFO]2026-08-20 13:54:35,166 pattern_ranker.py:308: source :adservice hipstershop.AdService/<:SPANID:> start, target: MemoryUsageRate(%), score: 1.0, deepth: 4, pod adservice-5f6585d649-fnmft, resource alert CpuUsageRate(%)
[INFO]2026-08-20 13:54:35,166 pattern_ranker.py:320: 
[INFO]2026-08-20 13:54:35,166 pattern_ranker.py:323: [1, 2, 1, 1, 1, 1, 1, 1, 1, 1, 1, 1, 1, 1, 1, 1, 1, 1, 1, 1, 1, 1, 1, 1, 1, 2, 1, 1, 1, 1, 1, 1, 1, 1, 1, 1, 1, 1, 1, 1, 1, 1, 1, 1, 1, 1, 1, 1, 1, 1, 1, 1, 1, 1]
[INFO]2026-08-20 13:54:35,166 pattern_ranker.py:337: -------- hipster Fault numbuer : 56-------
[INFO]2026-08-20 13:54:35,166 pattern_ranker.py:338: --------AIS@1 Result-------
[INFO]2026-08-20 13:54:35,166 pattern_ranker.py:339: 92.857143 %
[INFO]2026-08-20 13:54:35,167 pattern_ranker.py:340: --------AIS@3 Result-------
[INFO]2026-08-20 13:54:35,167 pattern_ranker.py:341: 96.428571 %
[INFO]2026-08-20 13:54:35,167 pattern_ranker.py:342: --------AIS@5 Result-------
[INFO]2026-08-20 13:54:35,167 pattern_ranker.py:343: 96.428571 %
